source,target,ligand,receptor,irH_mean,AIH_mean,log2FC,enrich_strength,coherent,direction,irH_s1,irH_s2,AIH_s1,AIH_s2,abs_log2FC
Cholangiocyte,CD8+ T cell 3,CXCL9,CXCR3,2.36138526589881,0,7.88958625835111,2.36138526589881,TRUE,irHep,3.37834676367781,1.34442376811981,0,0,7.88958625835111
Cholangiocyte,CD8+ T cell 3,CXCL9,FCGR2A,2.12130937317632,0,7.73559621450106,2.12130937317632,TRUE,irHep,2.15929520186441,2.08332354448824,0,0,7.73559621450106
IgG+ B cell,CD8+ T cell 3,HLA-B,CD8B,1.81093477752166,0,7.50853543837657,1.81093477752166,TRUE,irHep,2.32306035328969,1.29880920175364,0,0,7.50853543837657
IgG+ B cell,CD8+ T cell 3,HLA-B,CD3D,1.32800468035405,0,7.06393935232493,1.32800468035405,TRUE,irHep,1.64342367826235,1.01258568244576,0,0,7.06393935232493
IgM+ B cell,IgG+ plasmablast / plasma cell,CXCL12,CXCR4,1.13964259355089,0,6.8450416086366,1.13964259355089,TRUE,irHep,1.13911485624323,1.14017033085856,0,0,6.8450416086366
Cholangiocyte,CD8+ T cell 2,CXCL9,FCGR2A,1.13455399674699,0,6.83864171645295,1.13455399674699,TRUE,irHep,1.61842614332754,0.650681850166431,0,0,6.83864171645295
IgM+ B cell,IgG+ plasmablast / plasma cell,TGFB1,CXCR4,0.765932249953323,0,6.2778587847696,0.765932249953323,TRUE,irHep,0.838181790930627,0.69368270897602,0,0,6.2778587847696
IgG+ B cell,CD8+ T cell 3,CCL19,CXCR3,0.763104373897396,0,6.27259129498718,0.763104373897396,TRUE,irHep,1.11600974530876,0.410199002486028,0,0,6.27259129498718
IgG+ B cell,CD8+ T cell 3,HLA-B,KLRD1,0.614439730561728,0,5.96449042794445,0.614439730561728,TRUE,irHep,0.984798561526363,0.244080899597094,0,0,5.96449042794445
Cholangiocyte,CD8+ T cell 3,CXCL10,CXCR3,3.11230292821344,0.284433483554455,3.40659686352757,3.11230292821344,TRUE,irHep,3.53029909536676,2.69430676106012,0.568866967108909,0,3.40659686352757
IgG+ plasmablast / plasma cell,IgM+ B cell,CXCL12,CXCR4,2.07049584018042,0.1910447825204,3.37133860264496,2.07049584018042,TRUE,irHep,2.05766813587259,2.08332354448824,0.3820895650408,0,3.37133860264496
IgG+ B cell,CD8+ T cell 3,HLA-B,CD8A,1.46139358136986,0.170609604156943,3.02623668583791,1.46139358136986,TRUE,irHep,1.72931827276999,1.19346888996974,0.118955839711659,0.222263368602227,3.02623668583791
Cholangiocyte,CD8+ T cell 3,CXCL16,CXCR6,1.02650221214848,0.119640979550173,2.99912946377766,1.02650221214848,TRUE,irHep,1.11600974530876,0.936994678988203,0.239281959100345,0,2.99912946377766
Cholangiocyte,CD8+ T cell 3,CXCL11,CCR5,4.52618853840262,0.621325103760562,2.84502558040775,4.52618853840262,TRUE,irHep,4.00407320617112,5.04830387063411,0.694055306784161,0.548594900736963,2.84502558040775
Cholangiocyte,CD8+ T cell 3,CXCL11,CXCR3,4.40574380871203,0.719987005635657,2.59671378451485,4.40574380871203,TRUE,irHep,5.4514056012785,3.36008201614557,0.954343505092018,0.485630506179295,2.59671378451485
Cholangiocyte,CD8+ T cell 2,CXCL11,CCR5,3.23840203908828,0.52846359760251,2.59280947805268,3.23840203908828,TRUE,irHep,3.54505263473789,2.93175144343866,0.954343505092018,0.102583690113001,2.59280947805268
Cholangiocyte,CD8+ T cell 3,CCL20,CXCR3,1.95026651547646,0.477171752546009,2.0085474250934,1.95026651547646,TRUE,irHep,2.15734563922034,1.74318739173258,0.954343505092018,0,2.0085474250934
IgG+ B cell,CD8+ T cell 3,CXCL12,CXCR3,0.451404812479042,0.157464105663785,1.46218115072948,0.451404812479042,TRUE,irHep,0.561343662590561,0.341465962367522,0,0.314928211327571,1.46218115072948
Cholangiocyte,CD8+ T cell 3,CCL2,CCR5,2.45240025306344,1.09671284923597,1.15378434000205,2.45240025306344,TRUE,irHep,2.93250015386739,1.97230035225948,1.14487185041264,1.0485538480593,1.15378434000205
Vascular endothelial cell,CD8+ T cell 2,CCL14,CCR1,0.681990667808069,0.475895436733982,0.510106698285184,0.681990667808069,TRUE,irHep,0.783798077116002,0.580183258500137,0.464125788423446,0.487665085044519,0.510106698285184
IgM+ B cell,Sinusoidal endothelial cell,CXCL12,CD4,1.8919209559663,1.35785357366545,0.475543488381152,1.8919209559663,TRUE,irHep,2.22921122855707,1.55463068337554,1.39352068605147,1.32218646127943,0.475543488381152
Cholangiocyte,CD8+ T cell 3,ICAM1,IL2RG,2.20319194888897,1.7112774880662,0.362648886924357,2.20319194888897,TRUE,irHep,2.32306035328969,2.08332354448824,2.01844674882561,1.4041082273068,0.362648886924357
IgG+ B cell,CD8+ T cell 2,HLA-B,CD8A,1.12142534906285,0.871226311427412,0.360556922962969,1.12142534906285,TRUE,irHep,1.3058560191375,0.936994678988203,0.936894046044877,0.805558576809948,0.360556922962969
Cholangiocyte,CD8+ T cell 3,HLA-B,CD8B,2.59115546637712,2.16306068269048,0.25942416682047,2.59115546637712,TRUE,irHep,2.83069317124863,2.35161776150561,2.10666457311258,2.21945679226839,0.25942416682047
Cholangiocyte,CD8+ T cell 3,HLA-B,CD8A,2.3492031861816,1.99894866889735,0.23185897400652,2.3492031861816,TRUE,irHep,2.46341173580853,2.23499463655467,1.77844054552631,2.21945679226839,0.23185897400652
Sinusoidal endothelial cell,IgM+ B cell,HLA-B,LILRB2,0.446639760204335,0.519890826079903,-0.214638668112698,0.519890826079903,TRUE,AIH,0.487834574637002,0.405444945771669,0.502170499829625,0.537611152330181,0.214638668112698
Vascular endothelial cell,CD8+ T cell 2,HLA-B,CD8B,1.78089133783453,2.16306068269048,-0.279050657729578,2.16306068269048,TRUE,AIH,2.07535516183568,1.48642751383337,2.10666457311258,2.21945679226839,0.279050657729578
CD8+ T cell 2,Cholangiocyte,TGFB1,SMAD3,1.30904005324805,1.6308072703461,-0.314917416121643,1.6308072703461,TRUE,AIH,1.50377634009634,1.11430376639975,1.61805224501953,1.64356229567267,0.314917416121643
Cholangiocyte,CD8+ T cell 3,CXCL1,CXCR2,2.74805951523847,3.53768060128154,-0.363222540611736,3.53768060128154,TRUE,AIH,2.71414913605578,2.78196989442117,3.38991362272194,3.68544757984114,0.363222540611736
Hepatocyte 1,CD4+ T cell,VEGFA,CD44,2.7739898543395,3.57209785804836,-0.363650796731151,3.57209785804836,TRUE,AIH,2.32306035328969,3.22491935538931,3.65661797419159,3.48757774190513,0.363650796731151
CD4+ T cell,Hepatocyte 1,TGFB1,EGFR,2.17738713157543,2.86749151607004,-0.395603098457822,2.86749151607004,TRUE,AIH,2.32306035328969,2.03171390986118,2.84288528358104,2.89209774855904,0.395603098457822
CD8+ T cell 3,Cholangiocyte,TGFB1,EGFR,1.64058056250619,2.16306068269048,-0.396754906135004,2.16306068269048,TRUE,AIH,1.29794124501885,1.98321987999353,2.10666457311258,2.21945679226839,0.396754906135004
Hepatocyte 1,CD4+ T cell,ICOSLG,CTLA4,0.915988340511419,1.21277751402792,-0.401095994325325,1.21277751402792,TRUE,AIH,1.11600974530876,0.715966935714075,1.1983130105541,1.22724201750174,0.401095994325325
CD8+ T cell 2,Cholangiocyte,CCL5,SDC1,1.54255981112866,2.09971171996683,-0.442397028186498,2.09971171996683,TRUE,AIH,1.19759133114218,1.88752829111514,2.10666457311258,2.09275886682108,0.442397028186498
Hepatocyte 2,CD4+ T cell,VEGFA,CD44,1.50726076465032,2.16306068269048,-0.518259406045779,2.16306068269048,TRUE,AIH,0.931197984812408,2.08332354448824,2.10666457311258,2.21945679226839,0.518259406045779
Cholangiocyte,CD8+ T cell 3,VEGFA,CD44,1.8091723154848,2.65291102214148,-0.549722019195698,2.65291102214148,TRUE,AIH,1.53502108648135,2.08332354448824,2.2595570001174,3.04626504416555,0.549722019195698
CD4+ T cell,Hepatocyte 1,ANXA1,EGFR,1.39861983541998,2.11048535368744,-0.590112214960871,2.11048535368744,TRUE,AIH,1.37841793448543,1.41882173635453,2.10666457311258,2.11430613426231,0.590112214960871
Cholangiocyte,CD8+ T cell 3,VCAN,CD44,0.887588234959415,1.34397182999869,-0.59307205208272,1.34397182999869,TRUE,AIH,0.838181790930627,0.936994678988203,1.35619974507591,1.33174391492146,0.59307205208272
Sinusoidal endothelial cell,CD4+ T cell,HLA-B,CD3D,1.4204767206956,2.16306068269048,-0.603232442612292,2.16306068269048,TRUE,AIH,1.56799968918259,1.27295375220862,2.10666457311258,2.21945679226839,0.603232442612292
Sinusoidal endothelial cell,CD4+ T cell,ICAM1,IL2RG,1.37793689470885,2.13512550882427,-0.628120086191492,2.13512550882427,TRUE,AIH,1.14541811875195,1.61045567066576,2.10666457311258,2.16358644453595,0.628120086191492
IgG+ B cell,Hepatocyte 4,DCN,EGFR,1.37532708033409,2.16306068269048,-0.649501820728772,2.16306068269048,TRUE,AIH,0.986223790785445,1.76443036988274,2.10666457311258,2.21945679226839,0.649501820728772
Cholangiocyte,CD8+ T cell 2,VEGFA,CD44,1.33385547707723,2.16306068269048,-0.693350468338028,2.16306068269048,TRUE,AIH,0.951308788139005,1.71640216601545,2.10666457311258,2.21945679226839,0.693350468338028
Sinusoidal endothelial cell,CD4+ T cell,CXCL12,CCR4,1.59287168078324,2.58588054168271,-0.69556506034858,2.58588054168271,TRUE,AIH,2.10461196920564,1.08113139236084,2.95230429109703,2.21945679226839,0.69556506034858
Sinusoidal endothelial cell,IgM+ B cell,ICAM1,IL2RG,0.802281418725487,1.31363939737973,-0.704458590783091,1.31363939737973,TRUE,AIH,0.644099843673726,0.960462993777247,1.26692559639354,1.36035319836592,0.704458590783091
Hepatocyte 1,CD4+ T cell,HLA-B,CD3D,1.29917262303729,2.16306068269048,-0.731073123647756,2.16306068269048,TRUE,AIH,1.46077548128676,1.13756976478783,2.10666457311258,2.21945679226839,0.731073123647756
IgM+ B cell,Sinusoidal endothelial cell,LTB,CD40,1.3039397711222,2.22125285132679,-0.763954866404212,2.22125285132679,TRUE,AIH,1.26034990676034,1.34752963548406,1.90966912868177,2.5328365739718,0.763954866404212
IgG+ B cell,Hepatocyte 4,DCN,MET,1.15959305655574,2.0824287761655,-0.839171864277234,2.0824287761655,TRUE,AIH,0.974522968170627,1.34466314494086,2.10666457311258,2.05819297921842,0.839171864277234
Hepatocyte 1,CD4+ T cell,ICAM1,IL2RG,1.14651403738543,2.16306068269048,-0.909945685285115,2.16306068269048,TRUE,AIH,1.10683632149805,1.18619175327281,2.10666457311258,2.21945679226839,0.909945685285115
Hepatocyte 2,CD4+ T cell,HLA-B,CD3D,1.07800022158402,2.16306068269048,-0.998049611911359,2.16306068269048,TRUE,AIH,1.2323530125013,0.923647430666738,2.10666457311258,2.21945679226839,0.998049611911359
CD8+ T cell 2,Cholangiocyte,FASLG,FAS,1.02650221214848,2.07087535562011,-1.00546735475213,2.07087535562011,TRUE,AIH,1.11600974530876,0.936994678988203,2.10666457311258,2.03508613812765,1.00546735475213
CD8+ T cell 2,Cholangiocyte,TGFB1,EGFR,0.777429876271404,1.60811734785828,-1.0390928809156,1.60811734785828,TRUE,AIH,0.496400551857602,1.05845920068521,1.94622526558976,1.2700094301268,1.0390928809156
CD4+ T cell,Hepatocyte 1,LTB,CD40,1.16023905932958,2.41943408969179,-1.05381701558441,2.41943408969179,TRUE,AIH,1.33730327542542,0.983174843233729,2.10666457311258,2.732203606271,1.05381701558441
Cholangiocyte,CD8+ T cell 3,S100A9,CD68,0.26135025539855,0.559813288453755,-1.07033300016996,0.559813288453755,TRUE,AIH,0.283274706141884,0.239425804655217,0.76013066615863,0.35949591074888,1.07033300016996
Hepatocyte 1,CD4+ T cell,CCL16,CCR1,1.01609801333708,2.16306068269048,-1.08255991792454,2.16306068269048,TRUE,AIH,2.03219602667415,0,2.10666457311258,2.21945679226839,1.08255991792454
CD4+ T cell,Hepatocyte 1,CD40LG,CD40,1.08329307178601,2.30636498644003,-1.08318240821234,2.30636498644003,TRUE,AIH,1.11600974530876,1.05057639826325,2.17735597940896,2.4353739934711,1.08318240821234
CD4+ T cell,Sinusoidal endothelial cell,LTB,CD40,1.24024435101024,2.66770337732291,-1.09878606840525,2.66770337732291,TRUE,AIH,1.54349402303229,0.936994678988203,2.10666457311258,3.22874218153325,1.09878606840525
CD4+ T cell,Sinusoidal endothelial cell,CD40LG,CD40,1.10782132691034,2.40570434958326,-1.11175429303162,2.40570434958326,TRUE,AIH,1.15169925847214,1.06394339534854,1.92419249113877,2.88721620802775,1.11175429303162
Cholangiocyte,CD8+ T cell 2,FADD,FAS,0.357091616674301,0.794485712570021,-1.131926631563,0.794485712570021,TRUE,AIH,0.342790470507175,0.371392762841427,1.07267349889328,0.51629792624676,1.131926631563
Hepatocyte 1,CD4+ T cell,CCL16,CCR2,0.966017417218404,2.16306068269048,-1.15474966402061,2.16306068269048,TRUE,AIH,0,1.93203483443681,2.10666457311258,2.21945679226839,1.15474966402061
CD4+ T cell,Hepatocyte 2,TGFB1,EGFR,0.937633862727481,2.13865033273478,-1.18102906257819,2.13865033273478,TRUE,AIH,1.18898716967379,0.68628055578117,2.05784387320117,2.21945679226839,1.18102906257819
CD4+ T cell,Hepatocyte 1,C1QB,C1QBP,0.53105547257432,1.24760798993795,-1.21683386723105,1.24760798993795,TRUE,AIH,0.774022657904246,0.288088287244394,1.32153158254826,1.17368439732763,1.21683386723105
Hepatocyte 1,CD4+ T cell,HLA-B,CD8A,0.289011086737323,0.685120202145996,-1.21706349662196,0.685120202145996,TRUE,AIH,0.451610414913138,0.126411758561509,0.62291816996514,0.747322234326852,1.21706349662196
CD4+ T cell,Hepatocyte 2,C1QB,C1QBP,0.392617879645861,0.965509856297539,-1.27674520795504,0.965509856297539,TRUE,AIH,0.722328922734423,0.0629068365572988,0.988918118962003,0.942101593633076,1.27674520795504
CD4+ T cell,Hepatocyte 1,DCN,EGFR,0.87368997246342,2.16306068269048,-1.29811624374572,2.16306068269048,TRUE,AIH,0.859934290990737,0.887445653936103,2.10666457311258,2.21945679226839,1.29811624374572
IgM+ B cell,Ig+ hepatocyte,CCL5,SDC1,0.277260403392884,0.703082748909589,-1.31171036004465,0.703082748909589,TRUE,AIH,0.554520806785768,0,0.767955800426766,0.638209697392412,1.31171036004465
CD8+ T cell 2,Cholangiocyte,ICAM1,EGFR,0.776328476584964,2.02323126993086,-1.37057031679676,2.02323126993086,TRUE,AIH,0.780238285483499,0.772418667686429,2.10666457311258,1.93979796674914,1.37057031679676
Ig+ hepatocyte,IgM+ B cell,ICAM1,IL2RG,0.324139886302716,0.889915585244755,-1.42933747114335,0.889915585244755,TRUE,AIH,0.648279772605433,0,0.97737691502244,0.80245425546707,1.42933747114335
IgG+ B cell,CD8+ T cell 2,DCN,MET,0.228562775718132,0.651351454804338,-1.47104820240726,0.651351454804338,TRUE,AIH,0.24332717731315,0.213798374123114,0.516319972206743,0.786382937401932,1.47104820240726
CD4+ T cell,Hepatocyte 1,DCN,MET,0.75220235521711,2.16306068269048,-1.51148249110175,2.16306068269048,TRUE,AIH,0.772250027267426,0.732154683166794,2.10666457311258,2.21945679226839,1.51148249110175
CD4+ T cell,Hepatocyte 2,TGFB1,SMAD3,0.159917980821047,0.482476307106938,-1.53521579115502,0.482476307106938,TRUE,AIH,0.22259367406673,0.0972422875753633,0.379028997360755,0.585923616853121,1.53521579115502
IgG+ plasmablast / plasma cell,IgM+ B cell,ICAM1,IL2RG,0.12653549005762,0.390936060346309,-1.55409617617132,0.390936060346309,TRUE,AIH,0.253070980115239,0,0.257947339206111,0.523924781486506,1.55409617617132
CD8+ T cell 3,Cholangiocyte,ICAM1,EGFR,0.487508904788451,1.52400174657039,-1.62450587201236,1.52400174657039,TRUE,AIH,0.158213898917664,0.816803910659237,1.93814786355617,1.10985562958461,1.62450587201236
Hepatocyte 2,CD4+ T cell,CCL16,CCR2,0.68527427651922,2.16306068269048,-1.64407434294797,2.16306068269048,TRUE,AIH,0,1.37054855303844,2.10666457311258,2.21945679226839,1.64407434294797
Hepatocyte 3,IgM+ B cell,FN1,CD44,0.347835814614547,1.11152417984377,-1.64809103063488,1.11152417984377,TRUE,AIH,0.413726125174527,0.281945504054567,0.680378365512052,1.54266999417548,1.64809103063488
Sinusoidal endothelial cell,CD4+ T cell,TGFB1,SMAD3,0.412416893103788,1.31597480620938,-1.65031392764715,1.31597480620938,TRUE,AIH,0.251676328551874,0.573157457655702,1.41664776911541,1.21530184330336,1.65031392764715
Cholangiocyte,CD8+ T cell 2,VEGFA,EGFR,0.702398834666366,2.23787883321352,-1.65780721085527,2.23787883321352,TRUE,AIH,0.4371364178826,0.967661251450131,2.10666457311258,2.36909309331445,1.65780721085527
Sinusoidal endothelial cell,CD4+ T cell,CXCL12,CD4,0.552517206081516,1.76701192332552,-1.6594842307646,1.76701192332552,TRUE,AIH,0.704222436805792,0.400811975357239,1.95794592569298,1.57607792095806,1.6594842307646
Vascular endothelial cell,CD8+ T cell 2,TGFB1,SMAD3,0.29771310196857,0.999977650136587,-1.7146655899226,0.999977650136587,TRUE,AIH,0.323970925161031,0.271455278776109,0.899371861266761,1.10058343900641,1.7146655899226
Sinusoidal endothelial cell,IgM+ B cell,TGFB1,SMAD3,0.268588883984972,0.914168577857684,-1.73001834416006,0.914168577857684,TRUE,AIH,0.196612271055722,0.340565496914223,1.03393342745705,0.794403728258321,1.73001834416006
CD4+ T cell,Hepatocyte 2,ANXA1,EGFR,0.299982449788813,1.02462029869354,-1.73884295966986,1.02462029869354,TRUE,AIH,0.317142918252021,0.282821981325606,0.954343505092018,1.09489709229505,1.73884295966986
Vascular endothelial cell,CD8+ T cell 2,TGFB1,EGFR,0.300621506178967,1.10470236255747,-1.84342892189642,1.10470236255747,TRUE,AIH,0.294621419925805,0.306621592432129,1.05769156827777,1.15171315683717,1.84342892189642
Cholangiocyte,CD8+ T cell 3,TGFB1,SMAD3,0.112329069281698,0.433010632386502,-1.85657404942331,0.433010632386502,TRUE,AIH,0.224658138563397,0,0.507031229951751,0.358990034821254,1.85657404942331
Hepatocyte 2,CD4+ T cell,HLA-B,CD8A,0.145179725559958,0.580375195869326,-1.92769202923218,0.580375195869326,TRUE,AIH,0.290359451119916,0,0.525414913706332,0.635335478032321,1.92769202923218
CD8+ T cell 2,Cholangiocyte,CEACAM1,EGFR,0.521115408703518,2.03905860858439,-1.94786395932202,2.03905860858439,TRUE,AIH,0,1.04223081740704,2.10666457311258,1.97145264405621,1.94786395932202
Cholangiocyte,CD8+ T cell 2,TGFB1,SMAD3,0.0781058095033813,0.361016063511994,-2.07417259559076,0.361016063511994,TRUE,AIH,0.156211619006763,0,0.303040099776568,0.418992027247419,2.07417259559076
CD8+ T cell 3,Cholangiocyte,C1QB,C1QBP,0.295540149838881,1.31236643891862,-2.11368813869925,1.31236643891862,TRUE,AIH,0.0937425483435902,0.497337751334172,1.4875446742171,1.13718820362014,2.11368813869925
Hepatocyte 3,CD4+ T cell,CCL16,CCR2,0.138128504423516,0.641528957115584,-2.13698001491489,0.641528957115584,TRUE,AIH,0,0.276257008847033,0.413822626921004,0.869235287310163,2.13698001491489
Cholangiocyte,CD8+ T cell 2,CEACAM1,HAVCR2,0.141927607790584,0.661376329083164,-2.14373761688843,0.661376329083164,TRUE,AIH,0.198652170134357,0.0852030454468104,0.537601063246789,0.785151594919538,2.14373761688843
Cholangiocyte,CD8+ T cell 2,VCAN,EGFR,0.175850405841952,0.832804804491886,-2.18105669978445,0.832804804491886,TRUE,AIH,0,0.351700811683905,0.627180415366089,1.03842919361768,2.18105669978445
Hepatocyte 2,CD4+ T cell,CCL16,CCR1,0.40219045404508,1.98920256373669,-2.27804165774565,1.98920256373669,TRUE,AIH,0.804380908090161,0,2.10666457311258,1.87174055436081,2.27804165774565
Sinusoidal endothelial cell,IgM+ B cell,CEACAM1,HAVCR2,0.107079995223627,0.558633354506424,-2.28000413411313,0.558633354506424,TRUE,AIH,0.214159990447254,0,0.538071129794682,0.579195579218166,2.28000413411313
Vascular endothelial cell,CD8+ T cell 2,DCN,MET,0.273265173643507,1.37701510181013,-2.29175835183863,1.37701510181013,TRUE,AIH,0.545323874629029,0.00120647265798548,1.4962976820091,1.25773252161117,2.29175835183863
IgM+ B cell,Ig+ hepatocyte,C1QB,C1QBP,0.127058778462685,0.671721035636912,-2.31438676634651,0.671721035636912,TRUE,AIH,0.25411755692537,0,0.744564489037914,0.59887758223591,2.31438676634651
Cholangiocyte,CD8+ T cell 3,SPON2,ITGAM,0.145667270800062,0.764688152867896,-2.31515002881057,0.764688152867896,TRUE,AIH,0.291334541600124,0,0.604458560639911,0.924917745095881,2.31515002881057
CD8+ T cell 2,Cholangiocyte,FN1,SDC1,0.24381204350757,1.28207436513287,-2.3478566739908,1.28207436513287,TRUE,AIH,0.136548792414306,0.351075294600833,1.75361398992717,0.810534740338567,2.3478566739908
Ig+ hepatocyte,IgM+ B cell,CXCL9,FCGR2A,0.286516179502126,1.50731553643555,-2.35533840220596,1.50731553643555,TRUE,AIH,0.573032359004253,0,2.10666457311258,0.907966499758514,2.35533840220596
CD8+ T cell 2,Cholangiocyte,FADD,FAS,0.094919327235012,0.547066057651129,-2.40856795257194,0.547066057651129,TRUE,AIH,0.0666873656044352,0.123151288865589,0.72449385818631,0.369638257115948,2.40856795257194
Cholangiocyte,CD8+ T cell 3,FADD,FAS,0.102238458635356,0.611547348277562,-2.46929719543419,0.611547348277562,TRUE,AIH,0,0.204476917270712,0.790017393481542,0.433077303073583,2.46929719543419
CD4+ T cell,Hepatocyte 1,ICAM1,EGFR,0.275858807359918,1.62525533345092,-2.5161412740915,1.62525533345092,TRUE,AIH,0.551717614719836,0,1.40400247185605,1.84650819504579,2.5161412740915
Vascular endothelial cell,CD8+ T cell 2,DCN,EGFR,0.172850158358751,1.06702786352243,-2.55832179272347,1.06702786352243,TRUE,AIH,0.345700316717503,0,1.06666831694236,1.06738741010251,2.55832179272347
CD8+ T cell 2,Cholangiocyte,ANXA1,EGFR,0.0718050041100854,0.474030124579836,-2.56483583693365,0.474030124579836,TRUE,AIH,0,0.143610008220171,0.650281552289952,0.29777869686972,2.56483583693365
Sinusoidal endothelial cell,CD4+ T cell,CEACAM1,HAVCR2,0.127527967573187,0.829339690510687,-2.60952977053148,0.829339690510687,TRUE,AIH,0.255055935146375,0,0.795832660865678,0.862846720155695,2.60952977053148
Sinusoidal endothelial cell,IgM+ B cell,CXCL12,CD4,0.206863062587263,1.33287167207253,-2.63046519346569,1.33287167207253,TRUE,AIH,0.413726125174527,0,1.54657576186905,1.11916758227601,2.63046519346569
Ig+ hepatocyte,IgM+ B cell,FN1,CD44,0.331845329220355,2.16306068269048,-2.66831284391211,2.16306068269048,TRUE,AIH,0.663690658440709,0,2.10666457311258,2.21945679226839,2.66831284391211
CD4+ T cell,Hepatocyte 2,DCN,MET,0.276882758457369,1.83157919938962,-2.68241027304361,1.83157919938962,TRUE,AIH,0.316057649381972,0.237707867532767,1.77511389239079,1.88804450638845,2.68241027304361
IgM+ B cell,Ig+ hepatocyte,TGFB1,EGFR,0.170486897373486,1.26994759164995,-2.8261187271367,1.26994759164995,TRUE,AIH,0.340973794746972,0,1.27219296685874,1.26770221644116,2.8261187271367
IgM+ B cell,Ig+ hepatocyte,DCN,MET,0.181254014116562,1.37197010624846,-2.85316447565303,1.37197010624846,TRUE,AIH,0.362508028233123,0,1.53612879541875,1.20781141707817,2.85316447565303
CD8+ T cell 2,Vascular endothelial cell,FASLG,FAS,0.0725837249880882,0.609207066127328,-2.90649253628444,0.609207066127328,TRUE,AIH,0,0.145167449976176,0.796362094589994,0.422052037664662,2.90649253628444
CD8+ T cell 3,Cholangiocyte,DCN,MET,0.237954979588554,1.85116073815269,-2.90805255449588,1.85116073815269,TRUE,AIH,0.0935316463818756,0.382378312795233,2.10666457311258,1.59565690319279,2.90805255449588
Hepatocyte 2,CD4+ T cell,ICAM1,IL2RG,0.178869260593802,1.64320199732783,-3.12980319163637,1.64320199732783,TRUE,AIH,0,0.357738521187604,1.68716823212863,1.59923576252703,3.12980319163637
Hepatocyte 1,CD4+ T cell,CEACAM1,HAVCR2,0.125343012715323,1.22302918902224,-3.18751463919859,1.22302918902224,TRUE,AIH,0.250686025430645,0,1.24272884575556,1.20332953228891,3.18751463919859
Cholangiocyte,CD8+ T cell 2,TGFB1,EGFR,0.0504422441279814,0.549025734776252,-3.20928556746418,0.549025734776252,TRUE,AIH,0.100884488255963,0,0.645522522270152,0.452528947282352,3.20928556746418
CD4+ T cell,Hepatocyte 2,DCN,EGFR,0.137648720043039,1.81120800442505,-3.6246549502883,1.81120800442505,TRUE,AIH,0.148885681524569,0.126411758561509,1.73232487421446,1.89009113463564,3.6246549502883
CD8+ T cell 2,Cholangiocyte,VEGFA,EGFR,0.111580008833304,1.58632529057983,-3.71477673232392,1.58632529057983,TRUE,AIH,0,0.223160017666608,2.10666457311258,1.06598600804708,3.71477673232392
Ig+ hepatocyte,IgM+ B cell,VEGFA,CD44,0.0527208099270333,1.09062431008518,-4.13323410009478,1.09062431008518,TRUE,AIH,0.105441619854067,0,0.868499938656665,1.31274868151369,4.13323410009478
CD8+ T cell 3,Cholangiocyte,FADD,FAS,0.0127348429078911,0.468972288782331,-4.3969652498576,0.468972288782331,TRUE,AIH,0.0254696858157822,0,0.569322689486467,0.368621888078195,4.3969652498576
Hepatocyte 1,CD4+ T cell,CCL15,CCR1,0.0464476978274165,1.27601270999105,-4.5098463479572,1.27601270999105,TRUE,AIH,0.092895395654833,0,1.52203068480725,1.02999473517485,4.5098463479572
Sinusoidal endothelial cell,CD4+ T cell,CCL16,CCR5,0,0.306179946253304,-4.98267396239901,0.306179946253304,TRUE,AIH,0,0,0.0966057179615783,0.515754174545029,4.98267396239901
Hepatocyte 3,CD4+ T cell,HLA-B,CD3D,0,0.319552287591363,-5.0424354798903,0.319552287591363,TRUE,AIH,0,0,0.158405354550705,0.480699220632021,5.0424354798903
Hepatocyte 3,CD4+ T cell,CCL16,CCR5,0,0.323864169418849,-5.06118936536091,0.323864169418849,TRUE,AIH,0,0,0.22405136390564,0.423676974932058,5.06118936536091
Sinusoidal endothelial cell,CD4+ T cell,CCL21,CXCR3,0,0.324164850105648,-5.06248808308829,0.324164850105648,TRUE,AIH,0,0,0.192514358708904,0.455815341502391,5.06248808308829
Vascular endothelial cell,CD8+ T cell 2,VCAN,EGFR,0,0.324408609091709,-5.06354008385532,0.324408609091709,TRUE,AIH,0,0,0.325219338754182,0.323597879429236,5.06354008385532
Ig+ hepatocyte,IgM+ B cell,HLA-B,CD3D,0,0.346608670049465,-5.1562698738046,0.346608670049465,TRUE,AIH,0,0,0.202867115093723,0.490350225005208,5.1562698738046
CD8+ T cell 2,Cholangiocyte,C1QB,C1QBP,0,0.351546246715398,-5.17610829431711,0.351546246715398,TRUE,AIH,0,0,0.455509722868358,0.247582770562439,5.17610829431711
IgM+ B cell,Sinusoidal endothelial cell,TGFB1,SMAD3,0,0.367015152782152,-5.23655060353873,0.367015152782152,TRUE,AIH,0,0,0.349089149248572,0.384941156315733,5.23655060353873
Sinusoidal endothelial cell,CD4+ T cell,HLA-B,CD8B,0.00678098389084286,0.648654154768164,-5.29462192523494,0.648654154768164,TRUE,AIH,0,0.0135619677816857,0.62781218242555,0.669496127110777,5.29462192523494
IgM+ B cell,Sinusoidal endothelial cell,S100A9,CD68,0,0.387469366732289,-5.31277176996003,0.387469366732289,TRUE,AIH,0,0,0.0902164699003516,0.684722263564226,5.31277176996003
Sinusoidal endothelial cell,IgM+ B cell,HLA-B,CD3D,0,0.390598339852585,-5.32408453727761,0.390598339852585,TRUE,AIH,0,0,0.210939512529638,0.570257167175532,5.32408453727761
CD8+ T cell 2,Cholangiocyte,SOCS2,EPOR,0,0.393495016416957,-5.33447894971646,0.393495016416957,TRUE,AIH,0,0,0.335295803989018,0.451694228844896,5.33447894971646
Cholangiocyte,CD8+ T cell 2,FN1,CD44,0,0.404291751732398,-5.37257519241128,0.404291751732398,TRUE,AIH,0,0,0.0757297673709135,0.732853736093883,5.37257519241128
CD8+ T cell 2,Vascular endothelial cell,FN1,CD44,0,0.410133266192275,-5.39277511796609,0.410133266192275,TRUE,AIH,0,0,0.372485127789043,0.447781404595507,5.39277511796609
Hepatocyte 1,CD4+ T cell,IL15,IL2RA,0,0.413333138544983,-5.40372152222364,0.413333138544983,TRUE,AIH,0,0,0.311155661737501,0.515510615352466,5.40372152222364
IgM+ B cell,Ig+ hepatocyte,DCN,EGFR,0.0165102261547963,1.12942030892133,-5.42560723811249,1.12942030892133,TRUE,AIH,0.0330204523095926,0,1.31143951600382,0.947401101838836,5.42560723811249
Hepatocyte 2,CD4+ T cell,CXCL11,CCR5,0,0.421527789128153,-5.4313815626264,0.421527789128153,TRUE,AIH,0,0,0.622606037871185,0.220449540385121,5.4313815626264
CD4+ T cell,Sinusoidal endothelial cell,HLA-B,LILRB2,0,0.439295580596443,-5.4895929660455,0.439295580596443,TRUE,AIH,0,0,0.225953022613033,0.652638138579854,5.4895929660455
Vascular endothelial cell,CD8+ T cell 2,VCAN,CD44,0,0.441569742350607,-5.49687691575652,0.441569742350607,TRUE,AIH,0,0,0.595230975199582,0.287908509501632,5.49687691575652
CD8+ T cell 3,Cholangiocyte,CEACAM1,EGFR,0,0.45724489240367,-5.54610698840478,0.45724489240367,TRUE,AIH,0,0,0.428970423662235,0.485519361145105,5.54610698840478
IgM+ B cell,IgG+ plasmablast / plasma cell,CCL5,SDC1,0,0.46248616276987,-5.56220017407165,0.46248616276987,TRUE,AIH,0,0,0.585118766970505,0.339853558569236,5.56220017407165
Hepatocyte 2,CD4+ T cell,CEACAM1,HAVCR2,0,0.477800530910572,-5.60821942321751,0.477800530910572,TRUE,AIH,0,0,0.412491115948564,0.543109945872579,5.60821942321751
CD4+ T cell,Sinusoidal endothelial cell,TGFB1,SMAD3,0,0.497324504411616,-5.66483694102431,0.497324504411616,TRUE,AIH,0,0,0.446026309521374,0.548622699301857,5.66483694102431
Sinusoidal endothelial cell,IgM+ B cell,CCL16,CCR1,0,0.521749243699476,-5.73267417114704,0.521749243699476,TRUE,AIH,0,0,0.494323742229237,0.549174745169714,5.73267417114704
Vascular endothelial cell,CD8+ T cell 2,IL15,IL15RA_IL2RB_IL2RG,0,0.525396138696789,-5.74253482911618,0.525396138696789,TRUE,AIH,0,0,0.564558597164112,0.486233680229467,5.74253482911618
IgG+ B cell,Hepatocyte 4,C1QB,C1QBP,0,0.527926809022652,-5.74933798617626,0.527926809022652,TRUE,AIH,0,0,0.668863902700735,0.386989715344569,5.74933798617626
Sinusoidal endothelial cell,CD4+ T cell,ICAM1,IL2RA,0,0.528749234082225,-5.75154200806996,0.528749234082225,TRUE,AIH,0,0,0.381175422463256,0.676323045701193,5.75154200806996
Hepatocyte 3,IgM+ B cell,CCL16,CCR1,0,0.53434088321009,-5.76643848992419,0.53434088321009,TRUE,AIH,0,0,0.655920654235755,0.412761112184425,5.76643848992419
Hepatocyte 2,CD4+ T cell,CCL15,CCR1,0,0.551666761634103,-5.81164252439371,0.551666761634103,TRUE,AIH,0,0,0.883373671126991,0.219959852141216,5.81164252439371
Sinusoidal endothelial cell,CD4+ T cell,CXCL11,CCR5,0,0.601707397582694,-5.93476981806346,0.601707397582694,TRUE,AIH,0,0,0.164985601547705,1.03842919361768,5.93476981806346
Hepatocyte 2,CD4+ T cell,HLA-B,CD8B,0,0.625969283525026,-5.99088518181796,0.625969283525026,TRUE,AIH,0,0,0.660392284161813,0.591546282888239,5.99088518181796
Sinusoidal endothelial cell,CD4+ T cell,IL15,IL2RA,0,0.636621785111353,-6.01485020851077,0.636621785111353,TRUE,AIH,0,0,0.389783327372448,0.883460242850257,6.01485020851077
CD4+ T cell,Hepatocyte 2,ICAM1,EGFR,0,0.639324999847913,-6.02086885093701,0.639324999847913,TRUE,AIH,0,0,0.303884045535157,0.974765954160668,6.02086885093701
Hepatocyte 1,CD4+ T cell,CXCL11,CCR5,0,0.65296532963421,-6.05086152016843,0.65296532963421,TRUE,AIH,0,0,0.954343505092018,0.351587154176401,6.05086152016843
Cholangiocyte,CD8+ T cell 2,FN1,NT5E,0,0.683932965904188,-6.1167243997247,0.683932965904188,TRUE,AIH,0,0,0.414487382645391,0.953378549162984,6.1167243997247
IgM+ B cell,IgG+ plasmablast / plasma cell,LTB,CD40,0,0.715227351869951,-6.18036143208058,0.715227351869951,TRUE,AIH,0,0,0.69826777433992,0.732186929399982,6.18036143208058
Hepatocyte 1,CD4+ T cell,HLA-B,CD8B,0,0.726082704264326,-6.20179596759449,0.726082704264326,TRUE,AIH,0,0,0.749740826195939,0.702424582332713,6.20179596759449
Cholangiocyte,CD8+ T cell 2,FN1,SDC1,0,0.726729685766339,-6.20306347059875,0.726729685766339,TRUE,AIH,0,0,0.455057191365309,0.998402180167369,6.20306347059875
Hepatocyte 1,CD4+ T cell,FADD,FAS,0,0.727312921820088,-6.2042051361137,0.727312921820088,TRUE,AIH,0,0,1.17801872816977,0.276607115470411,6.2042051361137
CD8+ T cell 2,Vascular endothelial cell,FN1,NT5E,0,0.75231138160501,-6.25230851115789,0.75231138160501,TRUE,AIH,0,0,0.954343505092018,0.550279258118002,6.25230851115789
Sinusoidal endothelial cell,CD4+ T cell,CD86,CTLA4,0,0.780178862705165,-6.30410734960803,0.780178862705165,TRUE,AIH,0,0,0.521928531792647,1.03842919361768,6.30410734960803
Hepatocyte 2,CD4+ T cell,ICOSLG,CTLA4,0,0.795463213200519,-6.33174679512261,0.795463213200519,TRUE,AIH,0,0,0.552497232783356,1.03842919361768,6.33174679512261
CD4+ T cell,Hepatocyte 1,FADD,FAS,0,0.807954542638801,-6.35394876332107,0.807954542638801,TRUE,AIH,0,0,1.0034314226177,0.612477662659905,6.35394876332107
Hepatocyte 2,CD4+ T cell,CXCL11,CXCR3,0,0.814294151879238,-6.36508735429745,0.814294151879238,TRUE,AIH,0,0,0.954343505092018,0.674244798666458,6.36508735429745
Sinusoidal endothelial cell,CD4+ T cell,CXCL11,CXCR3,0,0.824066442914237,-6.3820904102656,0.824066442914237,TRUE,AIH,0,0,0.529372855990078,1.11876002983839,6.3820904102656
Cholangiocyte,CD8+ T cell 3,FN1,CD44,0,0.869842019486007,-6.45917259799546,0.869842019486007,TRUE,AIH,0,0,0.525882349379113,1.2138016895929,6.45917259799546
Hepatocyte 4,IgG+ B cell,FN1,SDC1,0,0.887378329894517,-6.48764444077906,0.887378329894517,TRUE,AIH,0,0,1.52573184883524,0.249024810953796,6.48764444077906
Hepatocyte 1,CD4+ T cell,CXCL11,CXCR3,0,0.892924586710793,-6.49653359209326,0.892924586710793,TRUE,AIH,0,0,0.954343505092018,0.831505668329567,6.49653359209326
Ig+ hepatocyte,IgM+ B cell,SPON2,ITGAM,0,0.89718991077344,-6.50333269046064,0.89718991077344,TRUE,AIH,0,0,0.954343505092018,0.840036316454861,6.50333269046064
Sinusoidal endothelial cell,CD4+ T cell,CCL21,CCR7,0,0.99638634935485,-6.65304044849206,0.99638634935485,TRUE,AIH,0,0,0.954343505092018,1.03842919361768,6.65304044849206
Hepatocyte 1,CD4+ T cell,CCL20,CXCR3,0,0.99638634935485,-6.65304044849206,0.99638634935485,TRUE,AIH,0,0,0.954343505092018,1.03842919361768,6.65304044849206
Sinusoidal endothelial cell,CD4+ T cell,CCL5,CCR4,0,0.99638634935485,-6.65304044849206,0.99638634935485,TRUE,AIH,0,0,0.954343505092018,1.03842919361768,6.65304044849206
Hepatocyte 1,CD4+ T cell,ICAM1,IL2RA,0,1.01599051223384,-6.68087357957302,1.01599051223384,TRUE,AIH,0,0,0.99355183084999,1.03842919361768,6.68087357957302
Hepatocyte 2,CD4+ T cell,ICOSLG,CD28,0,1.01891786590338,-6.68498401245052,1.01891786590338,TRUE,AIH,0,0,0.999406538189074,1.03842919361768,6.68498401245052
IgG+ B cell,Hepatocyte 4,TGFB1,EGFR,0,1.04436691748944,-6.72023319899406,1.04436691748944,TRUE,AIH,0,0,1.55331830711232,0.535415527866561,6.72023319899406
Sinusoidal endothelial cell,IgM+ B cell,CCL16,CCR2,0,1.04621741399763,-6.7227630223987,1.04621741399763,TRUE,AIH,0,0,0.7127437141365,1.37969111385875,6.7227630223987
CD8+ T cell 2,Cholangiocyte,FN1,NT5E,0,1.04807789368798,-6.72530202960925,1.04807789368798,TRUE,AIH,0,0,0.706730750264374,1.38942503711158,6.72530202960925
Hepatocyte 3,IgM+ B cell,CCL16,CCR2,0,1.06077386042007,-6.74251001542878,1.06077386042007,TRUE,AIH,0,0,0.870690579356468,1.25085714148367,6.74251001542878
Ig+ hepatocyte,IgM+ B cell,CCL16,CCR1,0.0061593475971741,1.81061655330441,-6.81591433960978,1.81061655330441,TRUE,AIH,0.0123186951943482,0,2.03805596425756,1.58317714235126,6.81591433960978
CD4+ T cell,Hepatocyte 2,LTB,CD40,0,1.12151825236873,-6.82211604648687,1.12151825236873,TRUE,AIH,0,0,1.10295107265615,1.1400854320813,6.82211604648687
Hepatocyte 2,CD4+ T cell,CXCL9,CXCR3,0,1.16444752266902,-6.87583844124611,1.16444752266902,TRUE,AIH,0,0,1.29046585172036,1.03842919361768,6.87583844124611
CD4+ T cell,Hepatocyte 2,CD40LG,CD40,0,1.16799445767324,-6.88018894124688,1.16799445767324,TRUE,AIH,0,0,1.04620250762071,1.28978640772577,6.88018894124688
Hepatocyte 2,CD4+ T cell,CXCL10,CXCR3,0,1.17297873928624,-6.88628033530202,1.17297873928624,TRUE,AIH,0,0,1.3075282849548,1.03842919361768,6.88628033530202
Hepatocyte 2,CD4+ T cell,CXCL9,FCGR2A,0,1.20433730052142,-6.92402539736503,1.20433730052142,TRUE,AIH,0,0,1.6382449093572,0.770429691685631,6.92402539736503
Hepatocyte 1,CD4+ T cell,CXCL10,CXCR3,0,1.34979118563423,-7.08724131288291,1.34979118563423,TRUE,AIH,0,0,1.66115317765079,1.03842919361768,7.08724131288291
CD4+ T cell,Sinusoidal endothelial cell,CD28,CD86,0,1.38374845283771,-7.12282639331199,1.38374845283771,TRUE,AIH,0,0,1.13644172485341,1.63105518082201,7.12282639331199
Sinusoidal endothelial cell,CD4+ T cell,CD86,CD28,0,1.38374845283771,-7.12282639331199,1.38374845283771,TRUE,AIH,0,0,1.13644172485341,1.63105518082201,7.12282639331199
Hepatocyte 1,CD4+ T cell,CXCL9,CXCR3,0,1.40130301888541,-7.14088396999091,1.40130301888541,TRUE,AIH,0,0,1.76417684415314,1.03842919361768,7.14088396999091
Hepatocyte 1,CD4+ T cell,CXCL9,FCGR2A,0,1.43520858173667,-7.17513391649427,1.43520858173667,TRUE,AIH,0,0,1.96700506444555,0.903412099027792,7.17513391649427
Sinusoidal endothelial cell,CD4+ T cell,CXCL12,CXCR3,0,1.57277236246255,-7.30630996883689,1.57277236246255,TRUE,AIH,0,0,1.93099308802393,1.21455163690117,7.30630996883689
Hepatocyte 2,CD4+ T cell,CCL16,CCR5,0,1.67377923888639,-7.39555918813054,1.67377923888639,TRUE,AIH,0,0,1.46870000232701,1.87885847544577,7.39555918813054
CD8+ T cell 3,Cholangiocyte,DCN,EGFR,0,1.79710248815489,-7.49753451941934,1.79710248815489,TRUE,AIH,0,0,2.10666457311258,1.4875404031972,7.49753451941934
Hepatocyte 1,CD4+ T cell,CCL16,CCR5,0,2.16306068269048,-7.76358465209615,2.16306068269048,TRUE,AIH,0,0,2.10666457311258,2.21945679226839,7.76358465209615
Ig+ hepatocyte,IgM+ B cell,CCL16,CCR2,0,2.16306068269048,-7.76358465209615,2.16306068269048,TRUE,AIH,0,0,2.10666457311258,2.21945679226839,7.76358465209615
Sinusoidal endothelial cell,CD4+ T cell,CCL14,CCR5,0,2.49002330596027,-7.96579773395672,2.49002330596027,TRUE,AIH,0,0,2.19826148123384,2.7817851306867,7.96579773395672
