cluster,marker,marker_class,mean_logexpr_per_cluster,pct_cells_pos
CD4+ T cell,PDCD1,exhaustion,0.216620134961368,4.17726116963313
CD8+ T cell 1,PDCD1,exhaustion,0.427302081775936,8.53652328836854
CD8+ T cell 2,PDCD1,exhaustion,0.63760403179493,13.5097001763668
CD8+ T cell 3,PDCD1,exhaustion,0.479764542342248,10.455764075067
Cholangiocyte,PDCD1,exhaustion,0.0646597063298167,1.29582806573957
Hepatocyte 1,PDCD1,exhaustion,0.0223902685586076,0.588395039377207
Hepatocyte 2,PDCD1,exhaustion,0.014736933289176,0.288600288600289
Hepatocyte 3,PDCD1,exhaustion,0.0116926934882901,0.168318683373855
Hepatocyte 4,PDCD1,exhaustion,0.0302692494620603,0.848896434634975
Ig+ hepatocyte,PDCD1,exhaustion,0.0107292618149336,0.272108843537415
IgG+ B cell,PDCD1,exhaustion,0.0430377391747888,0.680408244946968
IgG+ plasmablast / plasma cell,PDCD1,exhaustion,0.0658439660378446,1.40503875968992
IgM+ B cell,PDCD1,exhaustion,0.0747305489279724,1.63670512476523
Macrophage 1,PDCD1,exhaustion,0.0481395355724367,1.1027469624934
Macrophage 2,PDCD1,exhaustion,0.0218282154533235,0.373104707470033
Sinusoidal endothelial cell,PDCD1,exhaustion,0.0296458500713514,0.630854521124068
Stellate cell,PDCD1,exhaustion,0.0235945365541868,0.47554347826087
Vascular endothelial cell,PDCD1,exhaustion,0.0205042003939643,0.374438342486271
CD4+ T cell,LAG3,exhaustion,0.345469302857028,6.3567017798765
CD8+ T cell 1,LAG3,exhaustion,1.50208616622237,28.185288877577
CD8+ T cell 2,LAG3,exhaustion,2.07631441259375,41.0934744268078
CD8+ T cell 3,LAG3,exhaustion,1.55902374607994,31.4343163538874
Cholangiocyte,LAG3,exhaustion,0.229219792708826,4.75663716814159
Hepatocyte 1,LAG3,exhaustion,0.517365185070985,12.6007060740473
Hepatocyte 2,LAG3,exhaustion,0.19029895160897,3.62448009506833
Hepatocyte 3,LAG3,exhaustion,0.0987887353318071,1.44005984664298
Hepatocyte 4,LAG3,exhaustion,0.395182916010391,9.88964346349745
Ig+ hepatocyte,LAG3,exhaustion,0.204285951598716,4.35374149659864
IgG+ B cell,LAG3,exhaustion,0.116478087784132,1.88112867720632
IgG+ plasmablast / plasma cell,LAG3,exhaustion,0.203141557844829,4.40891472868217
IgM+ B cell,LAG3,exhaustion,0.220000865425226,4.48081566943923
Macrophage 1,LAG3,exhaustion,0.511791108228883,11.2916006339144
Macrophage 2,LAG3,exhaustion,0.159506961419122,2.71493212669683
Sinusoidal endothelial cell,LAG3,exhaustion,0.263803078500038,5.50563945708278
Stellate cell,LAG3,exhaustion,0.182335013801724,3.72131642512077
Vascular endothelial cell,LAG3,exhaustion,0.11360364296178,2.09685471792312
CD4+ T cell,TIGIT,exhaustion,1.63299332004921,28.090567865359
CD8+ T cell 1,TIGIT,exhaustion,2.58478768079861,46.5818274370069
CD8+ T cell 2,TIGIT,exhaustion,2.766952289792,52.4867724867725
CD8+ T cell 3,TIGIT,exhaustion,2.30961099145693,43.9008042895442
Cholangiocyte,TIGIT,exhaustion,0.390967038681962,7.88558786346397
Hepatocyte 1,TIGIT,exhaustion,0.236467062716958,6.04689055852268
Hepatocyte 2,TIGIT,exhaustion,0.123599413461505,2.43612596553773
Hepatocyte 3,TIGIT,exhaustion,0.112095572532968,1.62708060594726
Hepatocyte 4,TIGIT,exhaustion,0.269040658788127,7.08828522920204
Ig+ hepatocyte,TIGIT,exhaustion,0.431325254380219,9.1156462585034
IgG+ B cell,TIGIT,exhaustion,0.346821314484798,5.48328997398439
IgG+ plasmablast / plasma cell,TIGIT,exhaustion,0.52713381980362,10.7558139534884
IgM+ B cell,TIGIT,exhaustion,0.710357615872124,13.6839280922994
Macrophage 1,TIGIT,exhaustion,0.481689144225426,10.5190174326466
Macrophage 2,TIGIT,exhaustion,0.321968468867766,5.54894022386282
Sinusoidal endothelial cell,TIGIT,exhaustion,0.277076276417447,5.69680749378704
Stellate cell,TIGIT,exhaustion,0.318266241459474,6.20471014492754
Vascular endothelial cell,TIGIT,exhaustion,0.211485165637192,3.91912131802297
CD4+ T cell,HAVCR2,exhaustion,0.662409879562727,12.4954594987287
CD8+ T cell 1,HAVCR2,exhaustion,1.54217079686507,29.4171544922372
CD8+ T cell 2,HAVCR2,exhaustion,1.56959232919479,32.5573192239859
CD8+ T cell 3,HAVCR2,exhaustion,1.92705733284764,39.9463806970509
Cholangiocyte,HAVCR2,exhaustion,0.556692255562338,11.314791403287
Hepatocyte 1,HAVCR2,exhaustion,0.269448568349062,6.934009233276
Hepatocyte 2,HAVCR2,exhaustion,0.174821992894481,3.42925048807402
Hepatocyte 3,HAVCR2,exhaustion,0.142163533741709,2.07593042827754
Hepatocyte 4,HAVCR2,exhaustion,0.321917766031211,8.48896434634975
Ig+ hepatocyte,HAVCR2,exhaustion,0.376720918314569,8.16326530612245
IgG+ B cell,HAVCR2,exhaustion,0.258030093348556,4.20252151290774
IgG+ plasmablast / plasma cell,HAVCR2,exhaustion,0.590156163208685,12.5
IgM+ B cell,HAVCR2,exhaustion,0.586787219321438,11.6984169573383
Macrophage 1,HAVCR2,exhaustion,2.72288960872082,53.783676703645
Macrophage 2,HAVCR2,exhaustion,0.959209140383884,16.4086687306502
Sinusoidal endothelial cell,HAVCR2,exhaustion,0.643147837983472,12.9994264958899
Stellate cell,HAVCR2,exhaustion,0.458739409299293,9.12590579710145
Vascular endothelial cell,HAVCR2,exhaustion,0.243249734049676,4.618072890664
CD4+ T cell,TOX,exhaustion,0.854422226629318,15.6193243734108
CD8+ T cell 1,TOX,exhaustion,1.8088427978552,34.2275388139476
CD8+ T cell 2,TOX,exhaustion,1.94578966880216,39.2592592592593
CD8+ T cell 3,TOX,exhaustion,1.79511985177146,36.058981233244
Cholangiocyte,TOX,exhaustion,0.364605921514262,7.34829329962073
Hepatocyte 1,TOX,exhaustion,0.109466842619938,2.85145288313569
Hepatocyte 2,TOX,exhaustion,0.0600380104708817,1.17986588574824
Hepatocyte 3,TOX,exhaustion,0.0701552601296535,1.00991210024313
Hepatocyte 4,TOX,exhaustion,0.154158521424421,3.98981324278438
Ig+ hepatocyte,TOX,exhaustion,0.300346397746914,6.66666666666667
IgG+ B cell,TOX,exhaustion,0.23087941252281,3.64218531118671
IgG+ plasmablast / plasma cell,TOX,exhaustion,0.493552361655938,10.4812661498708
IgM+ B cell,TOX,exhaustion,0.66457797294735,12.8521599141401
Macrophage 1,TOX,exhaustion,0.280779757287039,6.2202852614897
Macrophage 2,TOX,exhaustion,0.193846039051948,3.35000396919902
Sinusoidal endothelial cell,TOX,exhaustion,0.179330100605879,3.59395909004015
Stellate cell,TOX,exhaustion,0.180852984889748,3.50996376811594
Vascular endothelial cell,TOX,exhaustion,0.148026894090035,2.7209186220669
CD4+ T cell,EOMES,exhaustion,0.389247727707185,7.21637002058361
CD8+ T cell 1,EOMES,exhaustion,1.64144025422976,31.0918808857216
CD8+ T cell 2,EOMES,exhaustion,1.27768225302551,26.8783068783069
CD8+ T cell 3,EOMES,exhaustion,1.27900108432546,26.4075067024129
Cholangiocyte,EOMES,exhaustion,0.174189294466936,3.57142857142857
Hepatocyte 1,EOMES,exhaustion,0.0852494604222136,2.25853172807097
Hepatocyte 2,EOMES,exhaustion,0.0424176090511695,0.857312622018504
Hepatocyte 3,EOMES,exhaustion,0.0401678254931706,0.598466429773705
Hepatocyte 4,EOMES,exhaustion,0.125457872148627,3.35314091680815
Ig+ hepatocyte,EOMES,exhaustion,0.208534161944714,4.62585034013605
IgG+ B cell,EOMES,exhaustion,0.144282953131429,2.3013808284971
IgG+ plasmablast / plasma cell,EOMES,exhaustion,0.175548316077107,3.74677002583979
IgM+ B cell,EOMES,exhaustion,0.311048387241706,6.35900187818621
Macrophage 1,EOMES,exhaustion,0.215389671511652,4.89302694136292
Macrophage 2,EOMES,exhaustion,0.136833722720937,2.36564261332063
Sinusoidal endothelial cell,EOMES,exhaustion,0.157584794694548,3.32632383865418
Stellate cell,EOMES,exhaustion,0.1554493111286,3.10235507246377
Vascular endothelial cell,EOMES,exhaustion,0.103289610645751,1.94707938092861
CD4+ T cell,ENTPD1,exhaustion,0.918454516606265,17.1086087904105
CD8+ T cell 1,ENTPD1,exhaustion,1.16071714203368,22.6266225502673
CD8+ T cell 2,ENTPD1,exhaustion,0.977073471181757,20.6701940035273
CD8+ T cell 3,ENTPD1,exhaustion,1.80727589015975,37.0643431635389
Cholangiocyte,ENTPD1,exhaustion,0.598514012922314,11.9152970922882
Hepatocyte 1,ENTPD1,exhaustion,0.196581254292847,5.01946229745632
Hepatocyte 2,ENTPD1,exhaustion,0.129892980638536,2.56344962227315
Hepatocyte 3,ENTPD1,exhaustion,0.140606600085531,2.01982420048625
Hepatocyte 4,ENTPD1,exhaustion,0.242613855973159,6.32427843803056
Ig+ hepatocyte,ENTPD1,exhaustion,0.373901693994838,7.89115646258503
IgG+ B cell,ENTPD1,exhaustion,0.423946231116391,6.98419051430859
IgG+ plasmablast / plasma cell,ENTPD1,exhaustion,1.30521210575852,26.7280361757106
IgM+ B cell,ENTPD1,exhaustion,1.44330404672631,27.3410249530454
Macrophage 1,ENTPD1,exhaustion,2.51287325950586,49.9075541468568
Macrophage 2,ENTPD1,exhaustion,1.38178070618155,23.2991982217988
Sinusoidal endothelial cell,ENTPD1,exhaustion,0.734894740723537,14.394953163831
Stellate cell,ENTPD1,exhaustion,0.799207945326192,15.6099033816425
Vascular endothelial cell,ENTPD1,exhaustion,2.28215108893315,37.7433849226161
CD4+ T cell,PDCD1LG2,checkpoint_ligand,0.412102224531295,8.02760624772975
CD8+ T cell 1,PDCD1LG2,checkpoint_ligand,0.66735974951119,13.6217867141766
CD8+ T cell 2,PDCD1LG2,checkpoint_ligand,0.36299834729202,8.18342151675485
CD8+ T cell 3,PDCD1LG2,checkpoint_ligand,0.757540855238739,16.8900804289544
Cholangiocyte,PDCD1LG2,checkpoint_ligand,0.195099506171436,4.06131479140329
Hepatocyte 1,PDCD1LG2,checkpoint_ligand,0.194222988145494,4.95609667783109
Hepatocyte 2,PDCD1LG2,checkpoint_ligand,0.140413582608278,2.75867922926747
Hepatocyte 3,PDCD1LG2,checkpoint_ligand,0.10299307405357,1.49616607443426
Hepatocyte 4,PDCD1LG2,checkpoint_ligand,0.242438398090023,6.19694397283532
Ig+ hepatocyte,PDCD1LG2,checkpoint_ligand,0.263537245903309,5.4421768707483
IgG+ B cell,PDCD1LG2,checkpoint_ligand,0.191696791998376,3.16189713828297
IgG+ plasmablast / plasma cell,PDCD1LG2,checkpoint_ligand,0.563186886693766,12.03165374677
IgM+ B cell,PDCD1LG2,checkpoint_ligand,0.462572604404837,9.20311242286021
Macrophage 1,PDCD1LG2,checkpoint_ligand,1.70490651976974,35.1360274696249
Macrophage 2,PDCD1LG2,checkpoint_ligand,0.465937159688362,8.02572040962134
Sinusoidal endothelial cell,PDCD1LG2,checkpoint_ligand,1.33048290700794,25.5782833110304
Stellate cell,PDCD1LG2,checkpoint_ligand,0.61871617390586,12.2961956521739
Vascular endothelial cell,PDCD1LG2,checkpoint_ligand,0.421978983061692,7.93809286070894
CD4+ T cell,ITGAE,TRM,0.32985070585806,6.13875771885216
CD8+ T cell 1,ITGAE,TRM,1.42651011282883,25.7826418936116
CD8+ T cell 2,ITGAE,TRM,1.52802839072362,29.9118165784833
CD8+ T cell 3,ITGAE,TRM,1.60911521122588,30.6970509383378
Cholangiocyte,ITGAE,TRM,0.429336051927437,8.65992414664981
Hepatocyte 1,ITGAE,TRM,0.261246912161022,6.64886394496243
Hepatocyte 2,ITGAE,TRM,0.106047926107421,2.05415499533147
Hepatocyte 3,ITGAE,TRM,0.0862385745198517,1.25303908733869
Hepatocyte 4,ITGAE,TRM,0.302158417675201,7.89473684210526
Ig+ hepatocyte,ITGAE,TRM,0.284308042919882,6.25850340136055
IgG+ B cell,ITGAE,TRM,0.215034410449314,3.38202921753052
IgG+ plasmablast / plasma cell,ITGAE,TRM,0.393530742827116,8.23643410852713
IgM+ B cell,ITGAE,TRM,0.380097919401612,7.56640729809498
Macrophage 1,ITGAE,TRM,0.459435071593173,9.89830956154252
Macrophage 2,ITGAE,TRM,0.248603752754617,4.31848852901484
Sinusoidal endothelial cell,ITGAE,TRM,0.248296439290138,5.12330338367425
Stellate cell,ITGAE,TRM,0.2330325928478,4.61201690821256
Vascular endothelial cell,ITGAE,TRM,0.213539436715202,3.94408387418872
CD4+ T cell,CXCR6,TRM,0.682668291231785,12.313839447875
CD8+ T cell 1,CXCR6,TRM,2.21156576142779,40.1578009671672
CD8+ T cell 2,CXCR6,TRM,2.14586135735011,42.6807760141094
CD8+ T cell 3,CXCR6,TRM,1.60371524608063,32.0375335120643
Cholangiocyte,CXCR6,TRM,0.28212657374048,5.76801517067004
Hepatocyte 1,CXCR6,TRM,0.143710279633923,3.76572825201412
Hepatocyte 2,CXCR6,TRM,0.087625295774071,1.71462524403701
Hepatocyte 3,CXCR6,TRM,0.0900670931756726,1.30914531512998
Hepatocyte 4,CXCR6,TRM,0.163314835106213,4.20203735144312
Ig+ hepatocyte,CXCR6,TRM,0.251428596059944,5.71428571428571
IgG+ B cell,CXCR6,TRM,0.188747712780075,3.00180108064839
IgG+ plasmablast / plasma cell,CXCR6,TRM,0.292798612564681,6.18540051679587
IgM+ B cell,CXCR6,TRM,0.30799529113247,6.14435202575798
Macrophage 1,CXCR6,TRM,0.379730012480015,8.27390385631273
Macrophage 2,CXCR6,TRM,0.183928291831597,3.16742081447964
Sinusoidal endothelial cell,CXCR6,TRM,0.266324434111997,5.4482890460715
Stellate cell,CXCR6,TRM,0.219887473233707,4.31763285024155
Vascular endothelial cell,CXCR6,TRM,0.141448397559469,2.59610584123814
CD4+ T cell,RUNX3,TRM,1.72127278526351,30.8390846349437
CD8+ T cell 1,RUNX3,TRM,2.034073998401,37.9485874268262
CD8+ T cell 2,RUNX3,TRM,1.37419409955062,28.641975308642
CD8+ T cell 3,RUNX3,TRM,2.14844019312018,42.5603217158177
Cholangiocyte,RUNX3,TRM,0.565485982392852,11.2989886219975
Hepatocyte 1,RUNX3,TRM,0.173515815914226,4.45822395220422
Hepatocyte 2,RUNX3,TRM,0.0879705487627068,1.72311348781937
Hepatocyte 3,RUNX3,TRM,0.0963416023358711,1.44005984664298
Hepatocyte 4,RUNX3,TRM,0.215698845653806,5.73005093378608
Ig+ hepatocyte,RUNX3,TRM,0.351238787693918,7.48299319727891
IgG+ B cell,RUNX3,TRM,0.356859296144375,5.74344606764058
IgG+ plasmablast / plasma cell,RUNX3,TRM,0.793759200655236,16.6343669250646
IgM+ B cell,RUNX3,TRM,1.33965619161987,25.3555138180843
Macrophage 1,RUNX3,TRM,0.847863135710428,18.3042789223455
Macrophage 2,RUNX3,TRM,0.657918550251078,11.4471699611018
Sinusoidal endothelial cell,RUNX3,TRM,0.292207035088671,5.92620913783216
Stellate cell,RUNX3,TRM,0.322249896357343,6.25
Vascular endothelial cell,RUNX3,TRM,0.22591171738094,4.21867199201198
