cluster,n_cells,marker,marker_class,mean_logexpr,pct_cells_pos,mean_trm_score,pct_high
CD8+ T cell 3,1492,CXCR6,TRM,1.60371524608063,32.0375335120643,1.62481292044545,82.2386058981233
CD8+ T cell 3,1492,ITGA1,TRM,2.21533628515672,43.43163538874,1.62481292044545,82.2386058981233
CD8+ T cell 3,1492,ITGAE,TRM,1.60911521122588,30.6970509383378,1.62481292044545,82.2386058981233
CD8+ T cell 3,1492,RUNX3,TRM,2.14844019312018,42.5603217158177,1.62481292044545,82.2386058981233
CD8+ T cell 3,1492,ZNF683,TRM,0.547457666643812,10.5227882037534,1.62481292044545,82.2386058981233
CD8+ T cell 2,2835,CXCR6,TRM,2.14586135735011,42.6807760141094,1.57612720692413,84.1975308641975
CD8+ T cell 2,2835,ITGA1,TRM,2.49222825236985,49.8765432098766,1.57612720692413,84.1975308641975
CD8+ T cell 2,2835,ITGAE,TRM,1.52802839072362,29.9118165784833,1.57612720692413,84.1975308641975
CD8+ T cell 2,2835,RUNX3,TRM,1.37419409955062,28.641975308642,1.57612720692413,84.1975308641975
CD8+ T cell 2,2835,ZNF683,TRM,0.340323934626472,6.52557319223986,1.57612720692413,84.1975308641975
CD8+ T cell 1,19645,CXCR6,TRM,2.21156576142779,40.1578009671672,1.52879476674376,78.8903028760499
CD8+ T cell 1,19645,ITGA1,TRM,1.62458558149555,30.3741410027997,1.52879476674376,78.8903028760499
CD8+ T cell 1,19645,ITGAE,TRM,1.42651011282883,25.7826418936116,1.52879476674376,78.8903028760499
CD8+ T cell 1,19645,RUNX3,TRM,2.034073998401,37.9485874268262,1.52879476674376,78.8903028760499
CD8+ T cell 1,19645,ZNF683,TRM,0.347238379565631,6.24586408755409,1.52879476674376,78.8903028760499
Hepatocyte 1,22094,CXCR6,TRM,0.143710279633923,3.76572825201412,1.0718283587475,89.7030868108989
Hepatocyte 1,22094,ITGA1,TRM,4.73841546655251,88.2864126007061,1.0718283587475,89.7030868108989
Hepatocyte 1,22094,ITGAE,TRM,0.261246912161022,6.64886394496243,1.0718283587475,89.7030868108989
Hepatocyte 1,22094,RUNX3,TRM,0.173515815914226,4.45822395220422,1.0718283587475,89.7030868108989
Hepatocyte 1,22094,ZNF683,TRM,0.0422533194758049,1.04553272381642,1.0718283587475,89.7030868108989
Hepatocyte 4,2356,CXCR6,TRM,0.163314835106213,4.20203735144312,1.05213702886229,87.4363327674024
Hepatocyte 4,2356,ITGA1,TRM,4.5409580955217,85.6960950764007,1.05213702886229,87.4363327674024
Hepatocyte 4,2356,ITGAE,TRM,0.302158417675201,7.89473684210526,1.05213702886229,87.4363327674024
Hepatocyte 4,2356,RUNX3,TRM,0.215698845653806,5.73005093378608,1.05213702886229,87.4363327674024
Hepatocyte 4,2356,ZNF683,TRM,0.0385549503545196,1.01867572156197,1.05213702886229,87.4363327674024
Stellate cell,13248,CXCR6,TRM,0.219887473233707,4.31763285024155,1.00953491260937,70.0860507246377
Stellate cell,13248,ITGA1,TRM,4.22564283534294,65.919384057971,1.00953491260937,70.0860507246377
Stellate cell,13248,ITGAE,TRM,0.2330325928478,4.61201690821256,1.00953491260937,70.0860507246377
Stellate cell,13248,RUNX3,TRM,0.322249896357343,6.25,1.00953491260937,70.0860507246377
Stellate cell,13248,ZNF683,TRM,0.0468617652650351,0.890700483091787,1.00953491260937,70.0860507246377
Sinusoidal endothelial cell,5231,CXCR6,TRM,0.266324434111997,5.4482890460715,0.818498269367472,60.714968457274
Sinusoidal endothelial cell,5231,ITGA1,TRM,3.2424774069961,55.8975339323265,0.818498269367472,60.714968457274
Sinusoidal endothelial cell,5231,ITGAE,TRM,0.248296439290138,5.12330338367425,0.818498269367472,60.714968457274
Sinusoidal endothelial cell,5231,RUNX3,TRM,0.292207035088671,5.92620913783216,0.818498269367472,60.714968457274
Sinusoidal endothelial cell,5231,ZNF683,TRM,0.0431860313504541,0.841139361498757,0.818498269367472,60.714968457274
CD4+ T cell,8259,CXCR6,TRM,0.682668291231785,12.313839447875,0.772740872445841,52.3307906526214
CD4+ T cell,8259,ITGA1,TRM,0.954186912893726,17.5444969124591,0.772740872445841,52.3307906526214
CD4+ T cell,8259,ITGAE,TRM,0.32985070585806,6.13875771885216,0.772740872445841,52.3307906526214
CD4+ T cell,8259,RUNX3,TRM,1.72127278526351,30.8390846349437,0.772740872445841,52.3307906526214
CD4+ T cell,8259,ZNF683,TRM,0.175725666982117,3.11175687129192,0.772740872445841,52.3307906526214
Ig+ hepatocyte,735,CXCR6,TRM,0.251428596059944,5.71428571428571,0.714446396164786,58.7755102040816
Ig+ hepatocyte,735,ITGA1,TRM,2.62644728526621,51.4285714285714,0.714446396164786,58.7755102040816
Ig+ hepatocyte,735,ITGAE,TRM,0.284308042919882,6.25850340136055,0.714446396164786,58.7755102040816
Ig+ hepatocyte,735,RUNX3,TRM,0.351238787693918,7.48299319727891,0.714446396164786,58.7755102040816
Ig+ hepatocyte,735,ZNF683,TRM,0.0588092688839714,1.36054421768707,0.714446396164786,58.7755102040816
Hepatocyte 2,11781,CXCR6,TRM,0.087625295774071,1.71462524403701,0.707049049473475,58.407605466429
Hepatocyte 2,11781,ITGA1,TRM,3.23696492202516,56.2600797894916,0.707049049473475,58.407605466429
Hepatocyte 2,11781,ITGAE,TRM,0.106047926107421,2.05415499533147,0.707049049473475,58.407605466429
Hepatocyte 2,11781,RUNX3,TRM,0.0879705487627068,1.72311348781937,0.707049049473475,58.407605466429
Hepatocyte 2,11781,ZNF683,TRM,0.0166365546980171,0.314065019947373,0.707049049473475,58.407605466429
IgM+ B cell,3727,CXCR6,TRM,0.30799529113247,6.14435202575798,0.621120167348795,45.505768714784
IgM+ B cell,3727,ITGA1,TRM,1.00848236658273,19.2379930238798,0.621120167348795,45.505768714784
IgM+ B cell,3727,ITGAE,TRM,0.380097919401612,7.56640729809498,0.621120167348795,45.505768714784
IgM+ B cell,3727,RUNX3,TRM,1.33965619161987,25.3555138180843,0.621120167348795,45.505768714784
IgM+ B cell,3727,ZNF683,TRM,0.0693690680072966,1.31473034612289,0.621120167348795,45.505768714784
Vascular endothelial cell,4006,CXCR6,TRM,0.141448397559469,2.59610584123814,0.565309702034499,42.2116824762856
Vascular endothelial cell,4006,ITGA1,TRM,2.21182763651238,36.4702945581628,0.565309702034499,42.2116824762856
Vascular endothelial cell,4006,ITGAE,TRM,0.213539436715202,3.94408387418872,0.565309702034499,42.2116824762856
Vascular endothelial cell,4006,RUNX3,TRM,0.22591171738094,4.21867199201198,0.565309702034499,42.2116824762856
Vascular endothelial cell,4006,ZNF683,TRM,0.0338213220045046,0.624063904143784,0.565309702034499,42.2116824762856
Macrophage 1,15144,CXCR6,TRM,0.379730012480015,8.27390385631273,0.545226912522078,45.1796090861067
Macrophage 1,15144,ITGA1,TRM,0.983840224930291,20.7210776545166,0.545226912522078,45.1796090861067
Macrophage 1,15144,ITGAE,TRM,0.459435071593173,9.89830956154252,0.545226912522078,45.1796090861067
Macrophage 1,15144,RUNX3,TRM,0.847863135710428,18.3042789223455,0.545226912522078,45.1796090861067
Macrophage 1,15144,ZNF683,TRM,0.0552661178964808,1.19519281563656,0.545226912522078,45.1796090861067
IgG+ plasmablast / plasma cell,6192,CXCR6,TRM,0.292798612564681,6.18540051679587,0.523868438782406,42.781007751938
IgG+ plasmablast / plasma cell,6192,ITGA1,TRM,1.06075443902315,21.0271317829457,0.523868438782406,42.781007751938
IgG+ plasmablast / plasma cell,6192,ITGAE,TRM,0.393530742827116,8.23643410852713,0.523868438782406,42.781007751938
IgG+ plasmablast / plasma cell,6192,RUNX3,TRM,0.793759200655236,16.6343669250646,0.523868438782406,42.781007751938
IgG+ plasmablast / plasma cell,6192,ZNF683,TRM,0.0784991988418505,1.61498708010336,0.523868438782406,42.781007751938
Cholangiocyte,6328,CXCR6,TRM,0.28212657374048,5.76801517067004,0.520575405978872,40.5183312262958
Cholangiocyte,6328,ITGA1,TRM,1.23347210803023,24.3836915297092,0.520575405978872,40.5183312262958
Cholangiocyte,6328,ITGAE,TRM,0.429336051927437,8.65992414664981,0.520575405978872,40.5183312262958
Cholangiocyte,6328,RUNX3,TRM,0.565485982392852,11.2989886219975,0.520575405978872,40.5183312262958
Cholangiocyte,6328,ZNF683,TRM,0.0924563138033618,1.8173198482933,0.520575405978872,40.5183312262958
Macrophage 2,12597,CXCR6,TRM,0.183928291831597,3.16742081447964,0.350498030727986,26.0855759307772
Macrophage 2,12597,ITGA1,TRM,0.62072445665815,10.7168373422243,0.350498030727986,26.0855759307772
Macrophage 2,12597,ITGAE,TRM,0.248603752754617,4.31848852901484,0.350498030727986,26.0855759307772
Macrophage 2,12597,RUNX3,TRM,0.657918550251078,11.4471699611018,0.350498030727986,26.0855759307772
Macrophage 2,12597,ZNF683,TRM,0.041315102144487,0.722394220846233,0.350498030727986,26.0855759307772
Hepatocyte 3,5347,CXCR6,TRM,0.0900670931756726,1.30914531512998,0.326999524258956,22.5360014961661
Hepatocyte 3,5347,ITGA1,TRM,1.34200637801177,19.1322236768281,0.326999524258956,22.5360014961661
Hepatocyte 3,5347,ITGAE,TRM,0.0862385745198517,1.25303908733869,0.326999524258956,22.5360014961661
Hepatocyte 3,5347,RUNX3,TRM,0.0963416023358711,1.44005984664298,0.326999524258956,22.5360014961661
Hepatocyte 3,5347,ZNF683,TRM,0.020343973251616,0.299233214886852,0.326999524258956,22.5360014961661
IgG+ B cell,4997,CXCR6,TRM,0.188747712780075,3.00180108064839,0.297309713923616,21.3928357014209
IgG+ B cell,4997,ITGA1,TRM,0.672678566163735,10.7264358615169,0.297309713923616,21.3928357014209
IgG+ B cell,4997,ITGAE,TRM,0.215034410449314,3.38202921753052,0.297309713923616,21.3928357014209
IgG+ B cell,4997,RUNX3,TRM,0.356859296144375,5.74344606764058,0.297309713923616,21.3928357014209
IgG+ B cell,4997,ZNF683,TRM,0.0532285840805798,0.820492295377227,0.297309713923616,21.3928357014209
