c1,c2,cluster_from_name,cluster_to_name,irHep_enrich,AIH_enrich,diff,irHep_fdr,AIH_fdr,sig_either,sig_both
10,10,Hepatocyte 3,Hepatocyte 3,0.9046,1.9387,-1.0341,0.00153,0.00119,TRUE,TRUE
10,11,Hepatocyte 3,Sinusoidal endothelial cell,0.1656,0.0065,0.1591,0.00295,0.95463,TRUE,FALSE
10,13,Hepatocyte 3,IgG+ B cell,-1.2884,-1.1583,-0.13,0.00153,0.00119,TRUE,TRUE
10,14,Hepatocyte 3,Vascular endothelial cell,-2.2499,-1.6176,-0.6323,0.00153,0.00119,TRUE,TRUE
10,16,Hepatocyte 3,IgM+ B cell,-3.5511,-1.831,-1.7202,0.00153,0.00119,TRUE,TRUE
10,17,Hepatocyte 3,CD8+ T cell 2,-0.6468,0.3924,-1.0391,0.00153,0.00119,TRUE,TRUE
10,18,Hepatocyte 3,Hepatocyte 4,-0.0346,0.624,-0.6585,0.86777,0.00119,TRUE,FALSE
10,19,Hepatocyte 3,CD8+ T cell 3,-1.5078,-0.3125,-1.1953,0.00153,0.02329,TRUE,TRUE
10,20,Hepatocyte 3,Ig+ hepatocyte,-1.2847,0.3125,-1.5972,0.02781,0.09298,TRUE,FALSE
11,11,Sinusoidal endothelial cell,Sinusoidal endothelial cell,0.1967,1.4014,-1.2047,0.05138,0.00119,TRUE,FALSE
11,13,Sinusoidal endothelial cell,IgG+ B cell,-1.8979,-2.0231,0.1251,0.00153,0.00119,TRUE,TRUE
11,14,Sinusoidal endothelial cell,Vascular endothelial cell,-2.2256,-1.4841,-0.7415,0.00153,0.00119,TRUE,TRUE
11,16,Sinusoidal endothelial cell,IgM+ B cell,-3.3539,-1.5631,-1.7909,0.00153,0.00119,TRUE,TRUE
11,17,Sinusoidal endothelial cell,CD8+ T cell 2,-0.463,0.1299,-0.5929,0.00847,0.0544,TRUE,FALSE
11,18,Sinusoidal endothelial cell,Hepatocyte 4,0.2731,0.5096,-0.2365,0.09779,0.00119,TRUE,FALSE
11,19,Sinusoidal endothelial cell,CD8+ T cell 3,-0.896,-0.0996,-0.7964,0.00153,0.34895,TRUE,FALSE
11,20,Sinusoidal endothelial cell,Ig+ hepatocyte,-2.1206,-0.3007,-1.8199,0.05362,0.02233,TRUE,FALSE
13,13,IgG+ B cell,IgG+ B cell,3.7404,2.2572,1.4832,0.00153,0.00119,TRUE,TRUE
13,14,IgG+ B cell,Vascular endothelial cell,0.8751,0.6582,0.2169,0.00438,0.00119,TRUE,TRUE
13,16,IgG+ B cell,IgM+ B cell,2.0589,0.1447,1.9142,0.00153,0.00693,TRUE,TRUE
13,17,IgG+ B cell,CD8+ T cell 2,-0.7511,-3.278,2.527,0.16598,0.00119,TRUE,FALSE
13,18,IgG+ B cell,Hepatocyte 4,-0.0804,-2.8041,2.7237,0.9406,0.00119,TRUE,FALSE
13,19,IgG+ B cell,CD8+ T cell 3,1.2489,-0.7529,2.0019,0.00579,0.00119,TRUE,TRUE
13,20,IgG+ B cell,Ig+ hepatocyte,2.6726,0.0883,2.5843,0.00153,0.45692,TRUE,FALSE
14,14,Vascular endothelial cell,Vascular endothelial cell,3.3883,3.4008,-0.0125,0.00153,0.00119,TRUE,TRUE
14,16,Vascular endothelial cell,IgM+ B cell,0.9704,0.6972,0.2732,0.00153,0.00119,TRUE,TRUE
14,17,Vascular endothelial cell,CD8+ T cell 2,-1.5431,-3.3917,1.8486,0.00153,0.00119,TRUE,TRUE
14,18,Vascular endothelial cell,Hepatocyte 4,-4.1852,-3.0477,-1.1376,0.00153,0.00119,TRUE,TRUE
14,19,Vascular endothelial cell,CD8+ T cell 3,0.2544,-0.5996,0.854,0.22777,0.00119,TRUE,FALSE
14,20,Vascular endothelial cell,Ig+ hepatocyte,-0.3201,-0.7922,0.4721,0.8668,0.00119,TRUE,FALSE
16,16,IgM+ B cell,IgM+ B cell,3.8956,2.6344,1.2612,0.00153,0.00119,TRUE,TRUE
16,17,IgM+ B cell,CD8+ T cell 2,-1.6616,-2.3003,0.6386,0.00295,0.00119,TRUE,TRUE
16,18,IgM+ B cell,Hepatocyte 4,-2.9029,-3.2059,0.303,0.00153,0.00119,TRUE,TRUE
16,19,IgM+ B cell,CD8+ T cell 3,0.7076,-0.4415,1.1491,0.03548,0.00119,TRUE,TRUE
16,20,IgM+ B cell,Ig+ hepatocyte,0.136,-1.8706,2.0066,1,0.00119,TRUE,FALSE
17,17,CD8+ T cell 2,CD8+ T cell 2,2.0665,1.8785,0.188,0.00712,0.00119,TRUE,TRUE
17,18,CD8+ T cell 2,Hepatocyte 4,0.0813,0.9165,-0.8353,0.9494,0.00119,TRUE,FALSE
17,19,CD8+ T cell 2,CD8+ T cell 3,1.361,0.5653,0.7958,0.00712,0.00119,TRUE,TRUE
17,20,CD8+ T cell 2,Ig+ hepatocyte,-0.6232,0.1872,-0.8104,0.79291,0.18993,FALSE,FALSE
18,18,Hepatocyte 4,Hepatocyte 4,3.3036,2.6073,0.6963,0.00153,0.00119,TRUE,TRUE
18,19,Hepatocyte 4,CD8+ T cell 3,0.8886,1.2026,-0.314,0.05227,0.00119,TRUE,FALSE
18,20,Hepatocyte 4,Ig+ hepatocyte,0.2827,0.475,-0.1923,1,0.0496,TRUE,FALSE
19,19,CD8+ T cell 3,CD8+ T cell 3,3.0159,2.5399,0.476,0.00153,0.00119,TRUE,TRUE
19,20,CD8+ T cell 3,Ig+ hepatocyte,-0.6232,-0.0916,-0.5316,0.7244,0.73721,FALSE,FALSE
1,1,Hepatocyte 1,Hepatocyte 1,0.4744,1.4774,-1.0031,0.00153,0.00119,TRUE,TRUE
1,10,Hepatocyte 1,Hepatocyte 3,0.2018,0.8077,-0.6059,0.00153,0.00119,TRUE,TRUE
1,11,Hepatocyte 1,Sinusoidal endothelial cell,0.4477,0.4676,-0.0199,0.00153,0.00119,TRUE,TRUE
1,13,Hepatocyte 1,IgG+ B cell,-1.718,-2.8565,1.1385,0.00153,0.00119,TRUE,TRUE
1,14,Hepatocyte 1,Vascular endothelial cell,-2.0922,-3.4172,1.325,0.00153,0.00119,TRUE,TRUE
1,16,Hepatocyte 1,IgM+ B cell,-3.3572,-3.0189,-0.3383,0.00153,0.00119,TRUE,TRUE
1,17,Hepatocyte 1,CD8+ T cell 2,0.1401,1.0953,-0.9551,0.05276,0.00119,TRUE,FALSE
1,18,Hepatocyte 1,Hepatocyte 4,0.4547,1.274,-0.8193,0.00153,0.00119,TRUE,TRUE
1,19,Hepatocyte 1,CD8+ T cell 3,-0.8427,-0.0122,-0.8305,0.00153,0.91783,TRUE,FALSE
1,2,Hepatocyte 1,CD8+ T cell 1,-0.687,-0.283,-0.404,0.00153,0.00119,TRUE,TRUE
1,20,Hepatocyte 1,Ig+ hepatocyte,-0.3793,0.7427,-1.1221,0.29018,0.00119,TRUE,FALSE
1,3,Hepatocyte 1,Macrophage 1,-0.5227,0.0134,-0.5361,0.00153,0.59944,TRUE,FALSE
1,4,Hepatocyte 1,Stellate cell,-0.3597,-0.899,0.5393,0.00153,0.00119,TRUE,TRUE
1,5,Hepatocyte 1,Macrophage 2,-1.1928,-1.1572,-0.0357,0.00153,0.00119,TRUE,TRUE
1,6,Hepatocyte 1,Hepatocyte 2,0.3778,1.3775,-0.9998,0.00153,0.00119,TRUE,TRUE
1,7,Hepatocyte 1,CD4+ T cell,-3.515,-1.9814,-1.5336,0.00153,0.00119,TRUE,TRUE
1,8,Hepatocyte 1,Cholangiocyte,-1.5336,-1.8779,0.3443,0.00153,0.00119,TRUE,TRUE
1,9,Hepatocyte 1,IgG+ plasmablast / plasma cell,-1.5269,-1.7092,0.1822,0.00153,0.00119,TRUE,TRUE
20,20,Ig+ hepatocyte,Ig+ hepatocyte,0.9823,2.8566,-1.8743,0.02402,0.00119,TRUE,TRUE
2,10,CD8+ T cell 1,Hepatocyte 3,-0.9864,-0.5822,-0.4042,0.00153,0.00119,TRUE,TRUE
2,11,CD8+ T cell 1,Sinusoidal endothelial cell,-0.8018,0.3167,-1.1185,0.00153,0.00119,TRUE,TRUE
2,13,CD8+ T cell 1,IgG+ B cell,0.4537,-0.8031,1.2569,0.00295,0.00119,TRUE,TRUE
2,14,CD8+ T cell 1,Vascular endothelial cell,0.0071,-0.6622,0.6693,0.95542,0.00119,TRUE,FALSE
2,16,CD8+ T cell 1,IgM+ B cell,0.842,-0.3733,1.2153,0.00153,0.00119,TRUE,TRUE
2,17,CD8+ T cell 1,CD8+ T cell 2,0.8778,0.2219,0.6559,0.00153,0.00119,TRUE,TRUE
2,18,CD8+ T cell 1,Hepatocyte 4,-0.6011,-0.433,-0.1681,0.00153,0.00119,TRUE,TRUE
2,19,CD8+ T cell 1,CD8+ T cell 3,1.2593,0.2688,0.9905,0.00153,0.00119,TRUE,TRUE
2,2,CD8+ T cell 1,CD8+ T cell 1,1.2973,0.5438,0.7535,0.00153,0.00119,TRUE,TRUE
2,20,CD8+ T cell 1,Ig+ hepatocyte,-1.4713,-0.1812,-1.2901,0.04659,0.05256,TRUE,FALSE
2,3,CD8+ T cell 1,Macrophage 1,0.7625,0.3292,0.4334,0.00153,0.00119,TRUE,TRUE
2,4,CD8+ T cell 1,Stellate cell,-0.0289,0.0024,-0.0313,0.58914,1,FALSE,FALSE
2,5,CD8+ T cell 1,Macrophage 2,0.6449,-0.1938,0.8388,0.00153,0.00119,TRUE,TRUE
2,6,CD8+ T cell 1,Hepatocyte 2,-0.8241,-0.5415,-0.2827,0.00153,0.00119,TRUE,TRUE
2,7,CD8+ T cell 1,CD4+ T cell,1.1573,-0.1022,1.2595,0.00153,0.00803,TRUE,TRUE
2,8,CD8+ T cell 1,Cholangiocyte,0.3515,-1.0738,1.4253,0.00153,0.00119,TRUE,TRUE
2,9,CD8+ T cell 1,IgG+ plasmablast / plasma cell,0.6857,-0.1045,0.7902,0.00153,0.00232,TRUE,TRUE
3,10,Macrophage 1,Hepatocyte 3,-0.9857,-0.5317,-0.4541,0.00153,0.00119,TRUE,TRUE
3,11,Macrophage 1,Sinusoidal endothelial cell,-0.5687,0.2618,-0.8305,0.00153,0.00119,TRUE,TRUE
3,13,Macrophage 1,IgG+ B cell,-0.8767,-1.383,0.5062,0.00153,0.00119,TRUE,TRUE
3,14,Macrophage 1,Vascular endothelial cell,-0.8261,-1.3448,0.5188,0.00153,0.00119,TRUE,TRUE
3,16,Macrophage 1,IgM+ B cell,-0.0348,-0.9039,0.8691,0.83399,0.00119,TRUE,FALSE
3,17,Macrophage 1,CD8+ T cell 2,0.555,0.1387,0.4164,0.00153,0.00119,TRUE,TRUE
3,18,Macrophage 1,Hepatocyte 4,-0.5944,-0.045,-0.5494,0.00153,0.30707,TRUE,FALSE
3,19,Macrophage 1,CD8+ T cell 3,0.849,0.2503,0.5987,0.00153,0.00119,TRUE,TRUE
3,20,Macrophage 1,Ig+ hepatocyte,-0.1039,-0.3633,0.2594,1,0.00119,TRUE,FALSE
3,3,Macrophage 1,Macrophage 1,1.4789,0.941,0.538,0.00153,0.00119,TRUE,TRUE
3,4,Macrophage 1,Stellate cell,-0.0632,-0.2096,0.1464,0.17805,0.00119,TRUE,FALSE
3,5,Macrophage 1,Macrophage 2,0.7783,-0.1903,0.9686,0.00153,0.00119,TRUE,TRUE
3,6,Macrophage 1,Hepatocyte 2,-0.7001,-0.1655,-0.5346,0.00153,0.00119,TRUE,TRUE
3,7,Macrophage 1,CD4+ T cell,-0.3616,-0.5869,0.2254,0.00153,0.00119,TRUE,TRUE
3,8,Macrophage 1,Cholangiocyte,-0.091,-1.8581,1.767,0.34395,0.00119,TRUE,FALSE
3,9,Macrophage 1,IgG+ plasmablast / plasma cell,0.2816,-0.321,0.6026,0.12413,0.00119,TRUE,FALSE
4,10,Stellate cell,Hepatocyte 3,-0.6416,-0.8074,0.1658,0.00153,0.00119,TRUE,TRUE
4,11,Stellate cell,Sinusoidal endothelial cell,-0.3885,0.4257,-0.8143,0.00153,0.00119,TRUE,TRUE
4,13,Stellate cell,IgG+ B cell,0.415,0.0751,0.3399,0.01367,0.01236,TRUE,TRUE
4,14,Stellate cell,Vascular endothelial cell,1.0366,0.5471,0.4895,0.00153,0.00119,TRUE,TRUE
4,16,Stellate cell,IgM+ B cell,0.3681,0.2082,0.1599,0.01102,0.00119,TRUE,TRUE
4,17,Stellate cell,CD8+ T cell 2,-0.7426,-1.2709,0.5284,0.00153,0.00119,TRUE,TRUE
4,18,Stellate cell,Hepatocyte 4,-0.7406,-0.9102,0.1696,0.00153,0.00119,TRUE,TRUE
4,19,Stellate cell,CD8+ T cell 3,-0.3137,-0.2609,-0.0528,0.02018,0.00119,TRUE,TRUE
4,20,Stellate cell,Ig+ hepatocyte,0.0195,-0.687,0.7066,1,0.00119,TRUE,FALSE
4,4,Stellate cell,Stellate cell,0.8948,1.079,-0.1842,0.00153,0.00119,TRUE,TRUE
4,5,Stellate cell,Macrophage 2,0.2653,0.1503,0.115,0.00153,0.00119,TRUE,TRUE
4,6,Stellate cell,Hepatocyte 2,-0.4204,-0.9056,0.4852,0.00153,0.00119,TRUE,TRUE
4,7,Stellate cell,CD4+ T cell,0.3937,0.1937,0.2,0.00153,0.00119,TRUE,TRUE
4,8,Stellate cell,Cholangiocyte,-0.1492,-0.466,0.3168,0.14154,0.00119,TRUE,FALSE
4,9,Stellate cell,IgG+ plasmablast / plasma cell,0.3292,-0.107,0.4362,0.22578,0.00232,TRUE,FALSE
5,10,Macrophage 2,Hepatocyte 3,-1.0233,-0.6035,-0.4198,0.00153,0.00119,TRUE,TRUE
5,11,Macrophage 2,Sinusoidal endothelial cell,-0.9918,-0.5763,-0.4155,0.00153,0.00119,TRUE,TRUE
5,13,Macrophage 2,IgG+ B cell,0.6805,0.1292,0.5513,0.00153,0.00119,TRUE,TRUE
5,14,Macrophage 2,Vascular endothelial cell,0.328,0.1703,0.1577,0.00153,0.00119,TRUE,TRUE
5,16,Macrophage 2,IgM+ B cell,0.9352,0.2561,0.6791,0.00153,0.00119,TRUE,TRUE
5,17,Macrophage 2,CD8+ T cell 2,-0.0169,-1.1957,1.1788,0.95397,0.00119,TRUE,FALSE
5,18,Macrophage 2,Hepatocyte 4,-0.7719,-1.0765,0.3046,0.00153,0.00119,TRUE,TRUE
5,19,Macrophage 2,CD8+ T cell 3,0.7261,-0.4184,1.1445,0.00153,0.00119,TRUE,TRUE
5,20,Macrophage 2,Ig+ hepatocyte,0.5837,-0.5801,1.1638,0.37962,0.00119,TRUE,FALSE
5,5,Macrophage 2,Macrophage 2,1.4136,0.8029,0.6107,0.00153,0.00119,TRUE,TRUE
5,6,Macrophage 2,Hepatocyte 2,-1.0766,-1.1245,0.0479,0.00153,0.00119,TRUE,TRUE
5,7,Macrophage 2,CD4+ T cell,1.0482,0.3481,0.7001,0.00153,0.00119,TRUE,TRUE
5,8,Macrophage 2,Cholangiocyte,0.8884,0.3125,0.5759,0.00153,0.00119,TRUE,TRUE
5,9,Macrophage 2,IgG+ plasmablast / plasma cell,0.8275,0.1615,0.666,0.00153,0.00119,TRUE,TRUE
6,10,Hepatocyte 2,Hepatocyte 3,0.475,1.3371,-0.8621,0.00153,0.00119,TRUE,TRUE
6,11,Hepatocyte 2,Sinusoidal endothelial cell,0.3886,0.2208,0.1678,0.00153,0.00119,TRUE,TRUE
6,13,Hepatocyte 2,IgG+ B cell,-1.6975,-3.0912,1.3937,0.00153,0.00119,TRUE,TRUE
6,14,Hepatocyte 2,Vascular endothelial cell,-2.0502,-3.5443,1.4941,0.00153,0.00119,TRUE,TRUE
6,16,Hepatocyte 2,IgM+ B cell,-2.985,-3.1477,0.1627,0.00153,0.00119,TRUE,TRUE
6,17,Hepatocyte 2,CD8+ T cell 2,-0.123,0.8745,-0.9975,0.28157,0.00119,TRUE,FALSE
6,18,Hepatocyte 2,Hepatocyte 4,-0.0873,1.2111,-1.2985,0.40999,0.00119,TRUE,FALSE
6,19,Hepatocyte 2,CD8+ T cell 3,-1.2051,-0.1392,-1.0659,0.00153,0.13773,TRUE,FALSE
6,20,Hepatocyte 2,Ig+ hepatocyte,0.7341,0.4568,0.2773,0.05276,0.00232,TRUE,FALSE
6,6,Hepatocyte 2,Hepatocyte 2,0.5618,1.6279,-1.0661,0.00153,0.00119,TRUE,TRUE
6,7,Hepatocyte 2,CD4+ T cell,-4.0221,-2.2909,-1.7312,0.00153,0.00119,TRUE,TRUE
6,8,Hepatocyte 2,Cholangiocyte,-1.5712,-2.0511,0.4799,0.00153,0.00119,TRUE,TRUE
6,9,Hepatocyte 2,IgG+ plasmablast / plasma cell,-2.0636,-2.2865,0.2229,0.00153,0.00119,TRUE,TRUE
7,10,CD4+ T cell,Hepatocyte 3,-4.0605,-1.4711,-2.5894,0.00153,0.00119,TRUE,TRUE
7,11,CD4+ T cell,Sinusoidal endothelial cell,-3.814,-1.2765,-2.5375,0.00153,0.00119,TRUE,TRUE
7,13,CD4+ T cell,IgG+ B cell,1.1641,0.0896,1.0745,0.00153,0.01018,TRUE,TRUE
7,14,CD4+ T cell,Vascular endothelial cell,0.8737,0.6566,0.2171,0.00153,0.00119,TRUE,TRUE
7,16,CD4+ T cell,IgM+ B cell,2.7816,1.606,1.1756,0.00153,0.00119,TRUE,TRUE
7,17,CD4+ T cell,CD8+ T cell 2,-1.4145,-1.6732,0.2587,0.00153,0.00119,TRUE,TRUE
7,18,CD4+ T cell,Hepatocyte 4,-3.5011,-2.1266,-1.3745,0.00153,0.00119,TRUE,TRUE
7,19,CD4+ T cell,CD8+ T cell 3,0.7997,-0.3216,1.1212,0.00153,0.00119,TRUE,TRUE
7,20,CD4+ T cell,Ig+ hepatocyte,-0.9976,-0.9378,-0.0598,0.33935,0.00119,TRUE,FALSE
7,7,CD4+ T cell,CD4+ T cell,3.3017,1.754,1.5477,0.00153,0.00119,TRUE,TRUE
7,8,CD4+ T cell,Cholangiocyte,-0.1238,-0.7221,0.5983,0.38381,0.00119,TRUE,FALSE
7,9,CD4+ T cell,IgG+ plasmablast / plasma cell,1.4368,0.274,1.1628,0.00153,0.00119,TRUE,TRUE
8,10,Cholangiocyte,Hepatocyte 3,-1.7149,-0.8892,-0.8258,0.00153,0.00119,TRUE,TRUE
8,11,Cholangiocyte,Sinusoidal endothelial cell,-2.4221,-2.2989,-0.1232,0.00153,0.00119,TRUE,TRUE
8,13,Cholangiocyte,IgG+ B cell,0.1406,-0.3026,0.4432,0.7244,0.00119,TRUE,FALSE
8,14,Cholangiocyte,Vascular endothelial cell,-0.0556,-0.1312,0.0756,0.80183,0.09777,FALSE,FALSE
8,16,Cholangiocyte,IgM+ B cell,-0.2391,-0.6846,0.4456,0.36189,0.00119,TRUE,FALSE
8,17,Cholangiocyte,CD8+ T cell 2,1.257,-1.7464,3.0035,0.00295,0.00119,TRUE,TRUE
8,18,Cholangiocyte,Hepatocyte 4,-1.8179,-2.4146,0.5967,0.00153,0.00119,TRUE,TRUE
8,19,Cholangiocyte,CD8+ T cell 3,1.6833,-0.8335,2.5168,0.00153,0.00119,TRUE,TRUE
8,20,Cholangiocyte,Ig+ hepatocyte,-1.1214,0.2286,-1.35,0.35297,0.22988,FALSE,FALSE
8,8,Cholangiocyte,Cholangiocyte,4.6925,3.2634,1.4291,0.00153,0.00119,TRUE,TRUE
8,9,Cholangiocyte,IgG+ plasmablast / plasma cell,-0.3872,-0.327,-0.0602,0.35297,0.00119,TRUE,FALSE
9,10,IgG+ plasmablast / plasma cell,Hepatocyte 3,-2.619,-1.7469,-0.8721,0.00153,0.00119,TRUE,TRUE
9,11,IgG+ plasmablast / plasma cell,Sinusoidal endothelial cell,-2.6142,-1.4683,-1.146,0.00153,0.00119,TRUE,TRUE
9,13,IgG+ plasmablast / plasma cell,IgG+ B cell,3.4406,1.4052,2.0354,0.00153,0.00119,TRUE,TRUE
9,14,IgG+ plasmablast / plasma cell,Vascular endothelial cell,1.1616,0.3858,0.7758,0.01898,0.00119,TRUE,TRUE
9,16,IgG+ plasmablast / plasma cell,IgM+ B cell,2.7175,0.0653,2.6522,0.00153,0.41827,TRUE,FALSE
9,17,IgG+ plasmablast / plasma cell,CD8+ T cell 2,-1.9548,-1.8153,-0.1394,0.04564,0.00119,TRUE,TRUE
9,18,IgG+ plasmablast / plasma cell,Hepatocyte 4,-2.1781,-1.9662,-0.2118,0.0098,0.00119,TRUE,TRUE
9,19,IgG+ plasmablast / plasma cell,CD8+ T cell 3,0.6302,-0.211,0.8412,0.33701,0.01018,TRUE,FALSE
9,20,IgG+ plasmablast / plasma cell,Ig+ hepatocyte,1.6127,0.6792,0.9335,0.01102,0.00119,TRUE,TRUE
9,9,IgG+ plasmablast / plasma cell,IgG+ plasmablast / plasma cell,4.5178,2.0451,2.4727,0.00153,0.00119,TRUE,TRUE
