source,target,pathway_label,direction,log2FC,p_perm,BH_FDR
Cholangiocyte,Cholangiocyte,FN1,AIH,-10.7970364983083,0.00100286648697995,0.00289071096690355
Ig+ hepatocyte,IgG+ plasmablast / plasma cell,FN1,AIH,-10.1158394597942,0.00100286648697995,0.00289071096690355
Sinusoidal endothelial cell,Hepatocyte 1,FN1,AIH,-10.1071045423389,0.0099009900990099,0.010590318772137
Cholangiocyte,IgG+ plasmablast / plasma cell,FN1,AIH,-10.0394684479598,0.00100286648697995,0.00289071096690355
Ig+ hepatocyte,CD8+ T cell 1,MHC-I_CD8A,AIH,-10.0051407102989,0.00100286648697995,0.00289071096690355
Stellate cell,IgG+ plasmablast / plasma cell,FN1,AIH,-9.95063043541881,0.0099009900990099,0.010590318772137
Hepatocyte 4,Ig+ hepatocyte,FN1,AIH,-9.95004242030506,0.00100286648697995,0.00289071096690355
Ig+ hepatocyte,Hepatocyte 4,FN1,AIH,-9.94556704491196,0.00100286648697995,0.00289071096690355
Ig+ hepatocyte,CD8+ T cell 2,MHC-I_CD8A,AIH,-9.87220260179786,0.00100286648697995,0.00289071096690355
Sinusoidal endothelial cell,Hepatocyte 2,FN1,AIH,-9.86978402098451,0.01,0.010590318772137
Ig+ hepatocyte,CD8+ T cell 2,FN1,AIH,-9.86827086887094,0.00100286648697995,0.00289071096690355
CD8+ T cell 2,Ig+ hepatocyte,FN1,AIH,-9.80526702050554,0.00100286648697995,0.00289071096690355
Hepatocyte 1,Macrophage 1,FN1,AIH,-9.77548241854298,0.00270940942994888,0.00736466745049742
Hepatocyte 3,CD8+ T cell 2,FN1,AIH,-9.67938621994633,0.00100286648697995,0.00289071096690355
Sinusoidal endothelial cell,Hepatocyte 4,FN1,AIH,-9.59194313506278,0.0099009900990099,0.010590318772137
Hepatocyte 1,CD8+ T cell 3,FN1,AIH,-9.49746288907796,0.00100286648697995,0.00289071096690355
Ig+ hepatocyte,Cholangiocyte,FN1,AIH,-9.43312726511347,0.00100286648697995,0.00289071096690355
Stellate cell,Hepatocyte 1,FN1,AIH,-9.41933850451441,0.00100286648697995,0.00289071096690355
Sinusoidal endothelial cell,Sinusoidal endothelial cell,VEGF,AIH,-9.38659284641063,0.00100286648697995,0.00289071096690355
IgG+ plasmablast / plasma cell,CD8+ T cell 2,MHC-I_CD8A,AIH,-9.38030891311593,0.00100286648697995,0.00289071096690355
Sinusoidal endothelial cell,Sinusoidal endothelial cell,CSF,AIH,-9.36592421158058,0.00100286648697995,0.00289071096690355
Ig+ hepatocyte,CD8+ T cell 3,MHC-I_CD8A,AIH,-9.36030075293073,0.00100286648697995,0.00289071096690355
Sinusoidal endothelial cell,Sinusoidal endothelial cell,CCL_CCR1,AIH,-9.34134510682903,0.00100286648697995,0.00289071096690355
CD8+ T cell 3,Hepatocyte 1,FN1,AIH,-9.28208794796218,0.00100286648697995,0.00289071096690355
Hepatocyte 2,CD8+ T cell 3,FN1,AIH,-9.26526024960204,0.00100286648697995,0.00289071096690355
CD8+ T cell 3,CD8+ T cell 3,FN1,AIH,-9.22138413160334,0.00100286648697995,0.00289071096690355
Hepatocyte 3,Ig+ hepatocyte,FN1,AIH,-9.1950267932621,0.00100286648697995,0.00289071096690355
Vascular endothelial cell,IgG+ plasmablast / plasma cell,FN1,AIH,-9.17706067928405,0.0099009900990099,0.010590318772137
IgG+ plasmablast / plasma cell,IgG+ plasmablast / plasma cell,FN1,AIH,-9.17649000399186,0.0099009900990099,0.010590318772137
Hepatocyte 4,CD8+ T cell 3,FN1,AIH,-9.13990531615154,0.00100286648697995,0.00289071096690355
Stellate cell,Hepatocyte 2,FN1,AIH,-9.12797928752795,0.00100286648697995,0.00289071096690355
Cholangiocyte,Ig+ hepatocyte,FN1,AIH,-9.09612710304379,0.00100286648697995,0.00289071096690355
CD8+ T cell 3,Hepatocyte 2,FN1,AIH,-9.05657211710902,0.00100286648697995,0.00289071096690355
Hepatocyte 3,IgG+ plasmablast / plasma cell,FN1,AIH,-9.00095145082598,0.00100286648697995,0.00289071096690355
Ig+ hepatocyte,CD8+ T cell 1,MHC-I_CD8B,AIH,-8.98116768349245,0.00100286648697995,0.00289071096690355
Vascular endothelial cell,Cholangiocyte,FN1,AIH,-8.94233626844257,0.0099009900990099,0.010590318772137
CD8+ T cell 3,Hepatocyte 4,FN1,AIH,-8.94048489988578,0.00100286648697995,0.00289071096690355
CD8+ T cell 2,CD8+ T cell 3,FN1,AIH,-8.92374037989366,0.00100286648697995,0.00289071096690355
Ig+ hepatocyte,CD8+ T cell 2,MHC-I_CD8B,AIH,-8.8814590572412,0.00100286648697995,0.00289071096690355
Stellate cell,Cholangiocyte,FN1,AIH,-8.86621440877519,0.0099009900990099,0.010590318772137
Cholangiocyte,Hepatocyte 1,FN1,AIH,-8.8572033829583,0.00100286648697995,0.00289071096690355
Stellate cell,Hepatocyte 4,FN1,AIH,-8.85009538996236,0.00100286648697995,0.00289071096690355
CD8+ T cell 3,CD8+ T cell 2,FN1,AIH,-8.74987667595391,0.00100286648697995,0.00289071096690355
Cholangiocyte,Hepatocyte 2,FN1,AIH,-8.69306673533853,0.00100286648697995,0.00289071096690355
Stellate cell,Ig+ hepatocyte,FN1,AIH,-8.67185995225029,0.00100286648697995,0.00289071096690355
Vascular endothelial cell,Vascular endothelial cell,VEGF,AIH,-8.60980258827823,0.00100286648697995,0.00289071096690355
Stellate cell,IgG+ B cell,FN1,AIH,-8.58760281980983,0.0099009900990099,0.010590318772137
Ig+ hepatocyte,CD8+ T cell 3,FN1,AIH,-8.5836829454548,0.00100286648697995,0.00289071096690355
Cholangiocyte,Hepatocyte 4,FN1,AIH,-8.58028340523546,0.00100286648697995,0.00289071096690355
CD8+ T cell 3,IgG+ plasmablast / plasma cell,FN1,AIH,-8.57930825628003,0.0099009900990099,0.010590318772137
Hepatocyte 1,CD8+ T cell 1,FN1,AIH,-8.55655677120765,0.0099009900990099,0.010590318772137
Ig+ hepatocyte,CD8+ T cell 3,MHC-I_CD8B,AIH,-8.48533029949028,0.00100286648697995,0.00289071096690355
Ig+ hepatocyte,IgG+ B cell,FN1,AIH,-8.47737547786272,0.0099009900990099,0.010590318772137
Hepatocyte 2,Macrophage 1,FN1,AIH,-8.46358341239849,0.0099009900990099,0.010590318772137
Hepatocyte 3,Cholangiocyte,FN1,AIH,-8.43780984905443,0.00100286648697995,0.00289071096690355
Cholangiocyte,CD8+ T cell 2,FN1,AIH,-8.37715361781874,0.00100286648697995,0.00289071096690355
CD8+ T cell 3,Ig+ hepatocyte,FN1,AIH,-8.36947713131446,0.00100286648697995,0.00289071096690355
Hepatocyte 1,Sinusoidal endothelial cell,FN1,AIH,-8.36689888140272,0.00100286648697995,0.00289071096690355
Hepatocyte 1,IgG+ B cell,FN1,AIH,-8.34271656327848,0.0099009900990099,0.010590318772137
IgG+ plasmablast / plasma cell,Vascular endothelial cell,VEGF,AIH,-8.33107059788509,0.00100286648697995,0.00289071096690355
Ig+ hepatocyte,CD4+ T cell,MHC-I_CD8A,AIH,-8.30499766187228,0.0099009900990099,0.010590318772137
Cholangiocyte,Macrophage 2,FN1,AIH,-8.30229103325373,0.0099009900990099,0.010590318772137
IgG+ plasmablast / plasma cell,CD8+ T cell 2,MHC-I_CD8B,AIH,-8.30022528980045,0.00100286648697995,0.00289071096690355
Cholangiocyte,Hepatocyte 3,FN1,AIH,-8.23906262914987,0.00100286648697995,0.00289071096690355
Hepatocyte 4,CD4+ T cell,MHC-I_CD8A,AIH,-8.2221264286024,0.0099009900990099,0.010590318772137
Hepatocyte 1,Sinusoidal endothelial cell,CCL_CCR1,AIH,-8.21646395913069,0.00100286648697995,0.00289071096690355
Hepatocyte 2,CD8+ T cell 1,FN1,AIH,-8.20228264976697,0.0099009900990099,0.010590318772137
Ig+ hepatocyte,Sinusoidal endothelial cell,FN1,AIH,-8.14340177311527,0.00100286648697995,0.00289071096690355
Hepatocyte 2,Sinusoidal endothelial cell,FN1,AIH,-8.10923056433156,0.00100286648697995,0.00289071096690355
Hepatocyte 2,IgG+ B cell,FN1,AIH,-8.1021730477476,0.0099009900990099,0.010590318772137
Stellate cell,Vascular endothelial cell,VEGF,AIH,-8.08542664443592,0.00100286648697995,0.00289071096690355
CD4+ T cell,Macrophage 2,CSF,AIH,-8.0549914030651,0.0099009900990099,0.010590318772137
Hepatocyte 3,Macrophage 2,FN1,AIH,-8.04823384504198,0.0099009900990099,0.010590318772137
CD8+ T cell 2,Macrophage 1,FN1,AIH,-7.98030444397533,0.0099009900990099,0.010590318772137
Ig+ hepatocyte,IgM+ B cell,FN1,AIH,-7.94002562377683,0.00100286648697995,0.00289071096690355
CD8+ T cell 1,Macrophage 1,CCL_CCR1,AIH,-7.93933916198726,0.0099009900990099,0.010590318772137
CD8+ T cell 1,Sinusoidal endothelial cell,CSF,AIH,-7.91860617504409,0.00100286648697995,0.00289071096690355
Hepatocyte 4,Macrophage 1,FN1,AIH,-7.91388001247351,0.0099009900990099,0.010590318772137
Ig+ hepatocyte,Macrophage 2,FN1,AIH,-7.87451553682646,0.00100286648697995,0.00289071096690355
Stellate cell,Macrophage 2,CXCL_CXCR4,AIH,-7.86667804379576,0.0099009900990099,0.010590318772137
Vascular endothelial cell,IgG+ B cell,FN1,AIH,-7.86386562078056,0.0099009900990099,0.010590318772137
Cholangiocyte,IgG+ B cell,FN1,AIH,-7.84684800875618,0.0099009900990099,0.010590318772137
Hepatocyte 1,CD8+ T cell 2,CXCL_CXCR6,AIH,-7.84259745479585,0.00100286648697995,0.00289071096690355
Stellate cell,Hepatocyte 3,FN1,AIH,-7.83154362527886,0.0099009900990099,0.010590318772137
Hepatocyte 4,IgG+ B cell,FN1,AIH,-7.82715859562671,0.0099009900990099,0.010590318772137
CD8+ T cell 2,Macrophage 2,FN1,AIH,-7.81289700604728,0.00100286648697995,0.00289071096690355
Stellate cell,Sinusoidal endothelial cell,CSF,AIH,-7.79960594328693,0.00100286648697995,0.00289071096690355
Hepatocyte 2,Sinusoidal endothelial cell,CCL_CCR1,AIH,-7.74791544258463,0.00100286648697995,0.00289071096690355
CD8+ T cell 2,CD8+ T cell 1,FN1,AIH,-7.74357414475314,0.0099009900990099,0.010590318772137
Hepatocyte 4,Sinusoidal endothelial cell,FN1,AIH,-7.74044810812571,0.00100286648697995,0.00289071096690355
Ig+ hepatocyte,Macrophage 1,FN1,AIH,-7.73727371674821,0.0099009900990099,0.010590318772137
Stellate cell,CD8+ T cell 2,FN1,AIH,-7.72147137838311,0.0099009900990099,0.010590318772137
Ig+ hepatocyte,CD8+ T cell 1,FN1,AIH,-7.70215073196612,0.0099009900990099,0.010590318772137
CD8+ T cell 1,Stellate cell,CSF,AIH,-7.6999852364715,0.00100286648697995,0.00289071096690355
Macrophage 1,Macrophage 1,CCL_CCR1,AIH,-7.67068522940337,0.00100286648697995,0.00289071096690355
Hepatocyte 2,Stellate cell,FN1,AIH,-7.64971467138745,0.00100286648697995,0.00289071096690355
Hepatocyte 4,CD8+ T cell 1,FN1,AIH,-7.63056301826352,0.0099009900990099,0.010590318772137
CD8+ T cell 2,IgG+ B cell,FN1,AIH,-7.62315554939548,0.0099009900990099,0.010590318772137
CD8+ T cell 2,Sinusoidal endothelial cell,FN1,AIH,-7.53333135272876,0.00100286648697995,0.00289071096690355
Hepatocyte 4,Sinusoidal endothelial cell,CCL_CCR1,AIH,-7.53249638530151,0.00100286648697995,0.00289071096690355
CD4+ T cell,CD4+ T cell,CD86,AIH,-7.52339514080562,0.00100286648697995,0.00289071096690355
CD8+ T cell 3,Cholangiocyte,FN1,AIH,-7.48862187212708,0.0099009900990099,0.010590318772137
Stellate cell,CD8+ T cell 3,FN1,AIH,-7.44546929633644,0.0099009900990099,0.010590318772137
CD8+ T cell 2,Sinusoidal endothelial cell,CSF,AIH,-7.41994244439921,0.00100286648697995,0.00289071096690355
Sinusoidal endothelial cell,Macrophage 1,CCL_CCR1,AIH,-7.40396837336506,0.0099009900990099,0.010590318772137
Vascular endothelial cell,Ig+ hepatocyte,FN1,AIH,-7.35877968206166,0.0099009900990099,0.010590318772137
CD8+ T cell 1,Macrophage 1,LCK,AIH,-7.35713031180421,0.0099009900990099,0.010590318772137
Hepatocyte 4,Stellate cell,FN1,AIH,-7.35702299064343,0.00100286648697995,0.00289071096690355
Cholangiocyte,Cholangiocyte,NCAM,AIH,-7.34636107939298,0.0099009900990099,0.010590318772137
Vascular endothelial cell,Hepatocyte 1,FN1,AIH,-7.30175018560326,0.0099009900990099,0.010590318772137
CD8+ T cell 3,Hepatocyte 3,FN1,AIH,-7.2614699979679,0.0099009900990099,0.010590318772137
Macrophage 1,Macrophage 2,CXCL_CXCR4,AIH,-7.24484378723448,0.0099009900990099,0.010590318772137
Hepatocyte 1,Sinusoidal endothelial cell,CSF,AIH,-7.24103009814573,0.00100286648697995,0.00289071096690355
Sinusoidal endothelial cell,Stellate cell,CCL_CCR1,AIH,-7.2285308207514,0.00100286648697995,0.00289071096690355
CD8+ T cell 1,Macrophage 2,CXCL_CXCR4,AIH,-7.22520289284824,0.0099009900990099,0.010590318772137
Vascular endothelial cell,IgM+ B cell,CCL_CCR1,AIH,-7.20827387525884,0.00100286648697995,0.00289071096690355
IgG+ plasmablast / plasma cell,Hepatocyte 1,FN1,AIH,-7.20394776115931,0.0099009900990099,0.010590318772137
IgG+ plasmablast / plasma cell,CD4+ T cell,CD86,AIH,-7.19145289866637,0.00100286648697995,0.00289071096690355
Ig+ hepatocyte,Stellate cell,FN1,AIH,-7.16363900729742,0.00100286648697995,0.00289071096690355
Hepatocyte 1,CD8+ T cell 1,CXCL_CXCR6,AIH,-7.16048240140042,0.00100286648697995,0.00289071096690355
Ig+ hepatocyte,CD8+ T cell 3,CCL_CCR1,AIH,-7.15784837251774,0.00100286648697995,0.00289071096690355
Macrophage 2,Macrophage 2,CXCL_CXCR4,AIH,-7.15293792334016,0.0099009900990099,0.010590318772137
Vascular endothelial cell,Hepatocyte 2,FN1,AIH,-7.15243938800116,0.0099009900990099,0.010590318772137
Hepatocyte 3,IgG+ B cell,FN1,AIH,-7.14190318433961,0.0099009900990099,0.010590318772137
Hepatocyte 2,CD8+ T cell 2,CXCL_CXCR6,AIH,-7.12901656386385,0.0099009900990099,0.010590318772137
IgG+ plasmablast / plasma cell,Ig+ hepatocyte,FN1,AIH,-7.10056322664008,0.0099009900990099,0.010590318772137
Hepatocyte 2,Macrophage 1,CSF,AIH,-7.06785498571829,0.00100286648697995,0.00289071096690355
CD8+ T cell 2,Stellate cell,FN1,AIH,-7.06409381187411,0.00100286648697995,0.00289071096690355
CD8+ T cell 2,Sinusoidal endothelial cell,CCL_CCR1,AIH,-7.0339625243032,0.00100286648697995,0.00289071096690355
CD4+ T cell,Macrophage 2,CXCL_CXCR4,AIH,-6.99755151381588,0.0099009900990099,0.010590318772137
Stellate cell,Macrophage 2,CCL_CCR2,AIH,-6.97998896096041,0.00100286648697995,0.00289071096690355
Hepatocyte 1,CD8+ T cell 3,CSF,AIH,-6.9783061588835,0.00100286648697995,0.00289071096690355
Vascular endothelial cell,Hepatocyte 4,FN1,AIH,-6.96849588994867,0.0099009900990099,0.010590318772137
Cholangiocyte,IgM+ B cell,CCL_CCR2,AIH,-6.91609775357641,0.00100286648697995,0.00289071096690355
Hepatocyte 3,CD8+ T cell 3,FN1,AIH,-6.89250282335521,0.03,0.0303382187147689
Cholangiocyte,Macrophage 2,CCL_CCR2,AIH,-6.8645137771985,0.00100286648697995,0.00289071096690355
IgG+ plasmablast / plasma cell,Hepatocyte 2,FN1,AIH,-6.85512441125478,0.0099009900990099,0.010590318772137
Hepatocyte 1,Hepatocyte 2,CEACAM,AIH,-6.84840895984805,0.00100286648697995,0.00289071096690355
Vascular endothelial cell,CD8+ T cell 2,FN1,AIH,-6.83572335054951,0.0099009900990099,0.010590318772137
Hepatocyte 4,Sinusoidal endothelial cell,CSF,AIH,-6.8287673870698,0.00100286648697995,0.00289071096690355
Hepatocyte 1,Stellate cell,CCL_CCR1,AIH,-6.80953205825097,0.00100286648697995,0.00289071096690355
Stellate cell,IgM+ B cell,CCL_CCR2,AIH,-6.80792559147816,0.00100286648697995,0.00289071096690355
Vascular endothelial cell,Hepatocyte 3,FN1,AIH,-6.77976917425022,0.0099009900990099,0.010590318772137
CD8+ T cell 3,IgM+ B cell,FN1,AIH,-6.77885483551909,0.00101190997057716,0.00289071096690355
IgG+ plasmablast / plasma cell,Macrophage 2,CXCL_CXCR4,AIH,-6.70145206351604,0.0099009900990099,0.010590318772137
IgM+ B cell,Macrophage 2,CXCL_CXCR4,AIH,-6.65452776875315,0.0099009900990099,0.010590318772137
IgG+ plasmablast / plasma cell,CD8+ T cell 2,FN1,AIH,-6.61041769280769,0.0099009900990099,0.010590318772137
Hepatocyte 2,CD8+ T cell 1,VEGF,AIH,-6.60908922133657,0.00100286648697995,0.00289071096690355
Hepatocyte 4,CD4+ T cell,ICOS,AIH,-6.60088838582361,0.00100286648697995,0.00289071096690355
Vascular endothelial cell,CD4+ T cell,CCL_CCR1,AIH,-6.58561423287362,0.0099009900990099,0.010590318772137
CD8+ T cell 3,Sinusoidal endothelial cell,CSF,AIH,-6.56696499261802,0.00100286648697995,0.00289071096690355
Hepatocyte 1,Hepatocyte 1,CCL_CCR1,AIH,-6.53045986537634,0.0099009900990099,0.010590318772137
Hepatocyte 1,Stellate cell,CSF,AIH,-6.47851651763511,0.0099009900990099,0.010590318772137
CD8+ T cell 1,IgM+ B cell,FASLG,AIH,-6.47431792700325,0.00100286648697995,0.00289071096690355
CD4+ T cell,Macrophage 1,LCK,AIH,-6.4643511989993,0.0099009900990099,0.010590318772137
IgG+ plasmablast / plasma cell,Hepatocyte 4,FN1,AIH,-6.4598834456943,0.0099009900990099,0.010590318772137
Hepatocyte 2,IgG+ plasmablast / plasma cell,CCL_CCR1,AIH,-6.43414941542332,0.00100286648697995,0.00289071096690355
Ig+ hepatocyte,IgG+ plasmablast / plasma cell,CCL_CCR1,AIH,-6.42750787655209,0.00100286648697995,0.00289071096690355
Cholangiocyte,Sinusoidal endothelial cell,CXCL_CXCR2,AIH,-6.42330529448375,0.00100286648697995,0.00289071096690355
CD8+ T cell 2,Ig+ hepatocyte,FASLG,AIH,-6.41565664288331,0.00100286648697995,0.00289071096690355
Ig+ hepatocyte,Sinusoidal endothelial cell,CCL_CCR1,AIH,-6.40632140009892,0.00100286648697995,0.00289071096690355
Hepatocyte 4,IgG+ plasmablast / plasma cell,CCL_CCR1,AIH,-6.39014159688169,0.00100286648697995,0.00289071096690355
Stellate cell,CD4+ T cell,CCL_CCR2,AIH,-6.36036615253831,0.00100286648697995,0.00289071096690355
Hepatocyte 2,Hepatocyte 2,CEACAM,AIH,-6.35146930426403,0.00100286648697995,0.00289071096690355
Vascular endothelial cell,IgG+ plasmablast / plasma cell,CCL_CCR1,AIH,-6.34907718110513,0.00100286648697995,0.00289071096690355
Ig+ hepatocyte,IgM+ B cell,CCL_CCR1,AIH,-6.34245574920514,0.00100286648697995,0.00289071096690355
IgG+ B cell,Macrophage 2,CXCL_CXCR4,AIH,-6.3172103745164,0.0099009900990099,0.010590318772137
Hepatocyte 2,Stellate cell,CCL_CCR1,AIH,-6.31061691226153,0.00100286648697995,0.00289071096690355
Sinusoidal endothelial cell,Macrophage 2,CXCL_CXCR4,AIH,-6.2731082554772,0.0099009900990099,0.010590318772137
Cholangiocyte,Sinusoidal endothelial cell,CSF,AIH,-6.24355829696871,0.00100286648697995,0.00289071096690355
Hepatocyte 3,Vascular endothelial cell,VEGF,AIH,-6.24328629712186,0.0099009900990099,0.010590318772137
Vascular endothelial cell,Sinusoidal endothelial cell,VEGF,AIH,-6.23023141260415,0.00100286648697995,0.00289071096690355
IgM+ B cell,IgM+ B cell,CCL_CCR2,AIH,-6.22693015032669,0.0099009900990099,0.010590318772137
Sinusoidal endothelial cell,Vascular endothelial cell,VEGF,AIH,-6.22211049025585,0.00100286648697995,0.00289071096690355
Cholangiocyte,Cholangiocyte,CXCL_CXCR2,AIH,-6.18638358529845,0.0099009900990099,0.010590318772137
Hepatocyte 4,Stellate cell,CCL_CCR1,AIH,-6.18512001314747,0.00100286648697995,0.00289071096690355
Vascular endothelial cell,Macrophage 2,CXCL_CXCR4,AIH,-6.18495150916582,0.0099009900990099,0.010590318772137
Hepatocyte 4,Stellate cell,CSF,AIH,-6.18366944123294,0.0099009900990099,0.010590318772137
Hepatocyte 1,CD8+ T cell 2,CEACAM,AIH,-6.16280045431787,0.00100286648697995,0.00289071096690355
Hepatocyte 1,CD4+ T cell,FN1,AIH,-6.15317881639886,0.0099009900990099,0.010590318772137
IgM+ B cell,IgG+ plasmablast / plasma cell,CCL_CCR2,AIH,-6.11541275736213,0.0099009900990099,0.010590318772137
Hepatocyte 2,CD8+ T cell 3,VEGF,AIH,-6.10150558450681,0.00100286648697995,0.00289071096690355
Hepatocyte 2,CD4+ T cell,CCL_CCR1,AIH,-6.09608915716358,0.00100286648697995,0.00289071096690355
CD8+ T cell 1,Macrophage 2,CCL_CCR1,AIH,-6.09457200482708,0.0099009900990099,0.010590318772137
Hepatocyte 2,CD8+ T cell 1,CXCL_CXCR6,AIH,-6.08982039060355,0.0099009900990099,0.010590318772137
CD8+ T cell 1,CD8+ T cell 1,CCL_CCR1,AIH,-6.07333118689171,0.0099009900990099,0.010590318772137
CD8+ T cell 3,Vascular endothelial cell,VEGF,AIH,-6.0690219798749,0.00100286648697995,0.00289071096690355
Ig+ hepatocyte,Ig+ hepatocyte,CEACAM,AIH,-6.06477111596436,0.00100286648697995,0.00289071096690355
Stellate cell,CD8+ T cell 1,VEGF,AIH,-6.054475207727,0.0099009900990099,0.010590318772137
Sinusoidal endothelial cell,Sinusoidal endothelial cell,IL2,AIH,-6.04626124691013,0.00100286648697995,0.00289071096690355
Sinusoidal endothelial cell,CD4+ T cell,CD86,AIH,-6.00708665865727,0.00100286648697995,0.00289071096690355
CD8+ T cell 2,CD8+ T cell 2,CXCL_CXCR3,AIH,-5.99064646492914,0.0099009900990099,0.010590318772137
IgM+ B cell,Hepatocyte 1,FN1,AIH,-5.97635970875458,0.0099009900990099,0.010590318772137
IgM+ B cell,CD4+ T cell,CD80,AIH,-5.95017947436042,0.00100286648697995,0.00289071096690355
Hepatocyte 2,CD4+ T cell,FN1,AIH,-5.94833614096243,0.02,0.0205263157894737
CD8+ T cell 1,CD4+ T cell,CCL_CCR5,AIH,-5.93327253469345,0.00100286648697995,0.00289071096690355
Macrophage 1,Sinusoidal endothelial cell,IL2,AIH,-5.93066456292037,0.00100286648697995,0.00289071096690355
Cholangiocyte,Cholangiocyte,CCL_CCR2,AIH,-5.91555179484596,0.0099009900990099,0.010590318772137
Vascular endothelial cell,Stellate cell,CCL_CCR1,AIH,-5.91102941163644,0.0099009900990099,0.010590318772137
CD8+ T cell 3,Macrophage 2,CXCL_CXCR4,AIH,-5.90197384151787,0.0099009900990099,0.010590318772137
CD8+ T cell 2,IgG+ plasmablast / plasma cell,CCL_CCR1,AIH,-5.88735153079275,0.00100286648697995,0.00289071096690355
CD8+ T cell 3,CD8+ T cell 3,CCL_CCR1,AIH,-5.88733236023305,0.0099009900990099,0.010590318772137
Stellate cell,CD4+ T cell,CD86,AIH,-5.88510940042519,0.00100286648697995,0.00289071096690355
Hepatocyte 1,Macrophage 1,CCL_CCR1,AIH,-5.86177977538028,0.02,0.0205263157894737
CD8+ T cell 3,Ig+ hepatocyte,FASLG,AIH,-5.85210558177266,0.00100286648697995,0.00289071096690355
Vascular endothelial cell,IgG+ plasmablast / plasma cell,CCL_CCR2,AIH,-5.84528070667524,0.0099009900990099,0.010590318772137
Hepatocyte 1,Hepatocyte 1,EPO,AIH,-5.83802176207321,0.0099009900990099,0.010590318772137
Stellate cell,Macrophage 1,VEGF,AIH,-5.82770102295362,0.0099009900990099,0.010590318772137
IgM+ B cell,Hepatocyte 2,FN1,AIH,-5.81454601466834,0.0099009900990099,0.010590318772137
Hepatocyte 1,Hepatocyte 1,IL2,AIH,-5.81036377964294,0.0099009900990099,0.010590318772137
CD8+ T cell 3,CD8+ T cell 3,CD80,AIH,-5.80954684747571,0.00100286648697995,0.00289071096690355
Ig+ hepatocyte,Macrophage 1,CSF,AIH,-5.80936965424342,0.01,0.010590318772137
CD8+ T cell 2,Macrophage 1,VEGF,AIH,-5.78818051979791,0.00100286648697995,0.00289071096690355
Vascular endothelial cell,Sinusoidal endothelial cell,CSF,AIH,-5.78202886552648,0.00100286648697995,0.00289071096690355
Ig+ hepatocyte,Hepatocyte 4,CEACAM,AIH,-5.76356126502012,0.00100286648697995,0.00289071096690355
Hepatocyte 1,CD8+ T cell 3,CXCL_CXCR6,AIH,-5.72482282631316,0.00100286648697995,0.00289071096690355
CD8+ T cell 3,CD4+ T cell,CD80,AIH,-5.71351983381297,0.00100286648697995,0.00289071096690355
Ig+ hepatocyte,Sinusoidal endothelial cell,CEACAM,AIH,-5.70576407251481,0.00100286648697995,0.00289071096690355
CD8+ T cell 2,Macrophage 1,LCK,AIH,-5.70025347023361,0.0099009900990099,0.010590318772137
IgG+ plasmablast / plasma cell,CD8+ T cell 1,VEGF,AIH,-5.69252074111898,0.0099009900990099,0.010590318772137
Hepatocyte 4,Hepatocyte 2,CEACAM,AIH,-5.68177621630593,0.00100286648697995,0.00289071096690355
CD8+ T cell 1,Sinusoidal endothelial cell,CCL_CCR1,AIH,-5.67526641746181,0.0099009900990099,0.010590318772137
CD8+ T cell 3,Macrophage 1,CCL_CCR1,AIH,-5.66882631888436,0.0099009900990099,0.010590318772137
Stellate cell,Stellate cell,VEGF,AIH,-5.65457472328975,0.03,0.0303382187147689
CD8+ T cell 2,CD8+ T cell 1,VEGF,AIH,-5.65456157282862,0.00100286648697995,0.00289071096690355
IgM+ B cell,Hepatocyte 4,FN1,AIH,-5.64162629913146,0.0099009900990099,0.010590318772137
Sinusoidal endothelial cell,CD8+ T cell 1,CD86,AIH,-5.63608752846095,0.00100286648697995,0.00289071096690355
Macrophage 1,Sinusoidal endothelial cell,CCL_CCR1,AIH,-5.56827152713609,0.0099009900990099,0.010590318772137
Hepatocyte 2,Hepatocyte 1,CCL_CCR1,AIH,-5.55491366541904,0.01,0.010590318772137
CD8+ T cell 1,IgM+ B cell,CCL_CCR1,AIH,-5.54464208184062,0.00100286648697995,0.00289071096690355
IgG+ plasmablast / plasma cell,Macrophage 1,VEGF,AIH,-5.51281843691058,0.0099009900990099,0.010590318772137
Hepatocyte 2,Stellate cell,VEGF,AIH,-5.49881004421583,0.00100286648697995,0.00289071096690355
Stellate cell,Macrophage 1,IL2,AIH,-5.49747509124708,0.00100286648697995,0.00289071096690355
Hepatocyte 1,Ig+ hepatocyte,CEACAM,AIH,-5.48264624900838,0.00100286648697995,0.00289071096690355
Sinusoidal endothelial cell,Macrophage 1,VEGF,AIH,-5.47834040832242,0.0099009900990099,0.010590318772137
CD8+ T cell 1,Macrophage 1,CCL_CCR5,AIH,-5.46944545704658,0.00100286648697995,0.00289071096690355
Cholangiocyte,Stellate cell,CXCL_CXCR2,AIH,-5.46529321728646,0.0099009900990099,0.010590318772137
IgG+ plasmablast / plasma cell,CD8+ T cell 1,CD86,AIH,-5.45886517888873,0.00100286648697995,0.00289071096690355
Sinusoidal endothelial cell,Macrophage 1,IL2,AIH,-5.43835640187157,0.00100286648697995,0.00289071096690355
Sinusoidal endothelial cell,IgM+ B cell,CCL_CCR1,AIH,-5.4353833951261,0.00270940942994888,0.00736466745049742
CD8+ T cell 2,CD8+ T cell 2,CEACAM,AIH,-5.42925660299942,0.00100286648697995,0.00289071096690355
CD4+ T cell,CD8+ T cell 1,CD86,AIH,-5.42584518034894,0.00100286648697995,0.00289071096690355
CD8+ T cell 3,IgM+ B cell,FASLG,AIH,-5.42534775607449,0.00100286648697995,0.00289071096690355
CD8+ T cell 1,CD8+ T cell 3,CCL_CCR1,AIH,-5.41473772826195,0.0099009900990099,0.010590318772137
Sinusoidal endothelial cell,CD8+ T cell 1,VEGF,AIH,-5.40963441518203,0.0099009900990099,0.010590318772137
Macrophage 1,CD8+ T cell 1,CCL_CCR5,AIH,-5.40589931483887,0.00100286648697995,0.00289071096690355
Sinusoidal endothelial cell,Ig+ hepatocyte,CSF,AIH,-5.38939327720986,0.03,0.0303382187147689
Stellate cell,CD8+ T cell 3,IL2,AIH,-5.35652990185298,0.00100286648697995,0.00289071096690355
Hepatocyte 4,CD4+ T cell,CSF,AIH,-5.35045984123471,0.02,0.0205263157894737
Ig+ hepatocyte,CD4+ T cell,CCL_CCR1,AIH,-5.3342629809623,0.0099009900990099,0.010590318772137
Ig+ hepatocyte,CD8+ T cell 1,VEGF,AIH,-5.33079571415585,0.00100286648697995,0.00289071096690355
Ig+ hepatocyte,Macrophage 1,VEGF,AIH,-5.31804507481886,0.00100286648697995,0.00289071096690355
Hepatocyte 3,Sinusoidal endothelial cell,CCL_CCR1,AIH,-5.31752403492433,0.0099009900990099,0.010590318772137
Hepatocyte 4,Macrophage 1,CCL_CCR1,AIH,-5.29879922579169,0.0099009900990099,0.010590318772137
Sinusoidal endothelial cell,CD8+ T cell 3,IL2,AIH,-5.28158042011398,0.00100286648697995,0.00289071096690355
Hepatocyte 1,CD8+ T cell 2,CXCL_CXCR3,AIH,-5.27951762612195,0.0099009900990099,0.010590318772137
Vascular endothelial cell,IgM+ B cell,CCL_CCR2,AIH,-5.26884631862501,0.0099009900990099,0.010590318772137
CD8+ T cell 1,Ig+ hepatocyte,LCK,AIH,-5.23978067644959,0.03,0.0303382187147689
Vascular endothelial cell,Sinusoidal endothelial cell,CCL_CCR1,AIH,-5.2347760388395,0.00100286648697995,0.00289071096690355
Stellate cell,CD8+ T cell 1,CD86,AIH,-5.23331814397847,0.0099009900990099,0.010590318772137
CD8+ T cell 2,CD8+ T cell 3,VEGF,AIH,-5.23104037310815,0.00100286648697995,0.00289071096690355
Hepatocyte 1,Ig+ hepatocyte,CCL_CCR1,AIH,-5.2228367483016,0.0099009900990099,0.010590318772137
Sinusoidal endothelial cell,Hepatocyte 2,CEACAM,AIH,-5.22186623709578,0.00100286648697995,0.00289071096690355
Ig+ hepatocyte,CD8+ T cell 2,CXCL_CXCR6,AIH,-5.20516189990288,0.00100286648697995,0.00289071096690355
Hepatocyte 1,Sinusoidal endothelial cell,EPO,AIH,-5.18426450963061,0.0099009900990099,0.010590318772137
IgG+ plasmablast / plasma cell,IgG+ plasmablast / plasma cell,CCL_CCR2,AIH,-5.17277685035332,0.0099009900990099,0.010590318772137
CD8+ T cell 2,CD4+ T cell,CCL_CCR1,AIH,-5.14312061093865,0.0099009900990099,0.010590318772137
Macrophage 1,IgM+ B cell,CCL_CCR1,AIH,-5.13587572663318,0.00101190997057716,0.00289071096690355
Hepatocyte 4,CD8+ T cell 2,CEACAM,AIH,-5.13383555980844,0.00100286648697995,0.00289071096690355
CD4+ T cell,IgG+ plasmablast / plasma cell,CCL_CCR2,AIH,-5.13216130395391,0.0099009900990099,0.010590318772137
Ig+ hepatocyte,Stellate cell,CCL_CCR1,AIH,-5.12969696176319,0.0099009900990099,0.010590318772137
IgM+ B cell,Macrophage 2,CCL_CCR2,AIH,-5.12855355464693,0.0099009900990099,0.010590318772137
Cholangiocyte,Macrophage 2,CXCL_CXCR4,AIH,-5.1282130642863,0.0099009900990099,0.010590318772137
IgM+ B cell,IgM+ B cell,CD86,AIH,-5.12426142769297,0.0099009900990099,0.010590318772137
Hepatocyte 1,IgG+ plasmablast / plasma cell,CCL_CCR1,AIH,-5.1225469250338,0.00100286648697995,0.00289071096690355
Hepatocyte 4,Hepatocyte 1,CCL_CCR1,AIH,-5.11172429072653,0.02,0.0205263157894737
CD8+ T cell 3,Sinusoidal endothelial cell,CCL_CCR1,AIH,-5.09174292210338,0.0099009900990099,0.010590318772137
IgM+ B cell,CD4+ T cell,CCL_CCR2,AIH,-5.05276598249867,0.0099009900990099,0.010590318772137
Ig+ hepatocyte,CD8+ T cell 3,VEGF,AIH,-5.03250535261038,0.00100286648697995,0.00289071096690355
CD8+ T cell 2,IgM+ B cell,FASLG,AIH,-5.02999149042378,0.00100286648697995,0.00289071096690355
CD8+ T cell 2,Stellate cell,CCL_CCR1,AIH,-5.02989958252666,0.0099009900990099,0.010590318772137
CD8+ T cell 3,CD8+ T cell 3,ICOS,AIH,-5.0241248632945,0.00100286648697995,0.00289071096690355
Macrophage 1,CD4+ T cell,CCL_CCR4,AIH,-5.0147087789318,0.00100286648697995,0.00289071096690355
Hepatocyte 2,CD8+ T cell 2,CEACAM,AIH,-5.01058295727718,0.00100286648697995,0.00289071096690355
Ig+ hepatocyte,CD4+ T cell,MHC-I_CD8B,AIH,-5.00516637208721,0.03,0.0303382187147689
Ig+ hepatocyte,IgM+ B cell,CXCL_CXCR4,AIH,-4.98517478400905,0.0099009900990099,0.010590318772137
CD8+ T cell 3,IgM+ B cell,CCL_CCR1,AIH,-4.98018995172726,0.00101190997057716,0.00289071096690355
Ig+ hepatocyte,CD8+ T cell 2,CCL_CCR1,AIH,-4.97915568526222,0.0099009900990099,0.010590318772137
Ig+ hepatocyte,Macrophage 2,CCL_CCR1,AIH,-4.95322931997536,0.00190343863828325,0.00533557643293773
Sinusoidal endothelial cell,CD8+ T cell 2,CD86,AIH,-4.95267706630022,0.00100286648697995,0.00289071096690355
Cholangiocyte,CD4+ T cell,ICOS,AIH,-4.94380019556737,0.0099009900990099,0.010590318772137
Hepatocyte 4,CD4+ T cell,MHC-I_CD8B,AIH,-4.93071089941655,0.02,0.0205263157894737
CD8+ T cell 2,Hepatocyte 2,CEACAM,AIH,-4.91753559956722,0.00100286648697995,0.00289071096690355
CD8+ T cell 3,CD4+ T cell,ICOS,AIH,-4.87412176970813,0.00100286648697995,0.00289071096690355
Macrophage 1,Stellate cell,IL2,AIH,-4.86473482231729,0.00100286648697995,0.00289071096690355
Hepatocyte 1,Vascular endothelial cell,FN1,AIH,-4.85038057039383,0.0099009900990099,0.010590318772137
Ig+ hepatocyte,Ig+ hepatocyte,CCL_CCR1,AIH,-4.84499255255016,0.0099009900990099,0.010590318772137
Hepatocyte 2,CD8+ T cell 3,CXCL_CXCR6,AIH,-4.8241191359566,0.0099009900990099,0.010590318772137
Macrophage 1,Hepatocyte 1,IL2,AIH,-4.81719962162654,0.0099009900990099,0.010590318772137
Stellate cell,CD8+ T cell 3,VEGF,AIH,-4.81065057702249,0.0099009900990099,0.010590318772137
Hepatocyte 4,Ig+ hepatocyte,CEACAM,AIH,-4.80713340307123,0.00100286648697995,0.00289071096690355
Hepatocyte 3,IgM+ B cell,CCL_CCR1,AIH,-4.80113411430163,0.0099009900990099,0.010590318772137
CD8+ T cell 2,CD8+ T cell 2,CD80,AIH,-4.78697605219837,0.00100286648697995,0.00289071096690355
Stellate cell,Stellate cell,IL2,AIH,-4.78316141518933,0.0099009900990099,0.010590318772137
Hepatocyte 2,Ig+ hepatocyte,CCL_CCR1,AIH,-4.77629097814153,0.0099009900990099,0.010590318772137
Sinusoidal endothelial cell,CD8+ T cell 3,CD86,AIH,-4.76833267716724,0.00100286648697995,0.00289071096690355
Sinusoidal endothelial cell,CD8+ T cell 2,CEACAM,AIH,-4.76195810197085,0.00100286648697995,0.00289071096690355
Hepatocyte 2,CD8+ T cell 2,CXCL_CXCR3,AIH,-4.76088191936608,0.0099009900990099,0.010590318772137
CD4+ T cell,CD4+ T cell,ICOS,AIH,-4.75968888798266,0.00100286648697995,0.00289071096690355
Ig+ hepatocyte,CD8+ T cell 3,CXCL_CXCR6,AIH,-4.75605935685465,0.0099009900990099,0.010590318772137
IgG+ plasmablast / plasma cell,CD4+ T cell,CCL_CCR4,AIH,-4.74912691526663,0.0099009900990099,0.010590318772137
Sinusoidal endothelial cell,CD8+ T cell 2,IL2,AIH,-4.72338397041588,0.00100286648697995,0.00289071096690355
Sinusoidal endothelial cell,IgG+ plasmablast / plasma cell,CCL_CCR1,AIH,-4.71071895921178,0.0099009900990099,0.010590318772137
IgG+ plasmablast / plasma cell,CD8+ T cell 3,VEGF,AIH,-4.70540988688825,0.0099009900990099,0.010590318772137
Hepatocyte 4,Ig+ hepatocyte,CCL_CCR1,AIH,-4.68185425809622,0.0099009900990099,0.010590318772137
Hepatocyte 2,Vascular endothelial cell,FN1,AIH,-4.67645112024537,0.0099009900990099,0.010590318772137
CD4+ T cell,Ig+ hepatocyte,LCK,AIH,-4.67530195086322,0.03,0.0303382187147689
Hepatocyte 4,CD4+ T cell,CCL_CCR1,AIH,-4.67441451220889,0.00100286648697995,0.00289071096690355
Ig+ hepatocyte,CD8+ T cell 3,CXCL_CXCR3,AIH,-4.67051693710595,0.00100286648697995,0.00289071096690355
Hepatocyte 1,Hepatocyte 4,IL2,AIH,-4.66369755902728,0.0099009900990099,0.010590318772137
Ig+ hepatocyte,Stellate cell,VEGF,AIH,-4.66306724721255,0.00100286648697995,0.00289071096690355
Stellate cell,Sinusoidal endothelial cell,IL2,AIH,-4.66143438360449,0.00100286648697995,0.00289071096690355
Vascular endothelial cell,Macrophage 2,CCL_CCR2,AIH,-4.66017657342196,0.0099009900990099,0.010590318772137
Sinusoidal endothelial cell,Ig+ hepatocyte,CEACAM,AIH,-4.65815746723829,0.00100286648697995,0.00289071096690355
CD8+ T cell 3,CD8+ T cell 1,CD80,AIH,-4.65805407779163,0.00100286648697995,0.00289071096690355
Cholangiocyte,CD4+ T cell,CD86,AIH,-4.65676267655107,0.0099009900990099,0.010590318772137
IgG+ plasmablast / plasma cell,CD8+ T cell 3,CD86,AIH,-4.63745824719851,0.00100286648697995,0.00289071096690355
Hepatocyte 4,IgM+ B cell,CCL_CCR1,AIH,-4.61875580433639,0.00100286648697995,0.00289071096690355
CD8+ T cell 1,Stellate cell,CCL_CCR1,AIH,-4.61201401362384,0.0099009900990099,0.010590318772137
Hepatocyte 1,CD4+ T cell,CCL_CCR1,AIH,-4.58664184533724,0.0099009900990099,0.010590318772137
CD4+ T cell,IgM+ B cell,CCL_CCR2,AIH,-4.56924033551098,0.0099009900990099,0.010590318772137
Hepatocyte 4,Vascular endothelial cell,FN1,AIH,-4.54055505939243,0.02,0.0205263157894737
Hepatocyte 2,Ig+ hepatocyte,CEACAM,AIH,-4.51967177955883,0.00100286648697995,0.00289071096690355
CD8+ T cell 1,IgG+ plasmablast / plasma cell,CCL_CCR1,AIH,-4.51864797919848,0.0099009900990099,0.010590318772137
Vascular endothelial cell,CD4+ T cell,CCL_CCR2,AIH,-4.51597162930404,0.0099009900990099,0.010590318772137
CD4+ T cell,Hepatocyte 4,CD40,AIH,-4.50558683772107,0.00100286648697995,0.00289071096690355
CD8+ T cell 1,CD4+ T cell,CCL_CCR1,AIH,-4.5041179173863,0.0099009900990099,0.010590318772137
Sinusoidal endothelial cell,CD8+ T cell 3,VEGF,AIH,-4.5036088812639,0.01,0.010590318772137
CD8+ T cell 3,Sinusoidal endothelial cell,IL2,AIH,-4.47224880114591,0.0099009900990099,0.010590318772137
CD4+ T cell,CD8+ T cell 3,CD86,AIH,-4.44242849659827,0.00101190997057716,0.00289071096690355
CD8+ T cell 3,CD4+ T cell,CCL_CCR5,AIH,-4.43554493846065,0.00100286648697995,0.00289071096690355
CD8+ T cell 2,Stellate cell,VEGF,AIH,-4.41975294489691,0.00188656307371672,0.00532153168906885
Hepatocyte 1,Sinusoidal endothelial cell,IL2,AIH,-4.40964357993583,0.0034986124125582,0.00934004563709735
Hepatocyte 3,IgG+ plasmablast / plasma cell,CCL_CCR1,AIH,-4.39043819699418,0.0099009900990099,0.010590318772137
Sinusoidal endothelial cell,CD8+ T cell 1,CCL_CCR5,AIH,-4.38896133258812,0.00100286648697995,0.00289071096690355
Sinusoidal endothelial cell,CD4+ T cell,CCL_CCR1,AIH,-4.36479370076568,0.0099009900990099,0.010590318772137
Hepatocyte 1,CD8+ T cell 2,CCL_CCR5,AIH,-4.36431844854206,0.0099009900990099,0.010590318772137
Sinusoidal endothelial cell,Ig+ hepatocyte,CCL_CCR1,AIH,-4.34785767696492,0.0099009900990099,0.010590318772137
Stellate cell,CD8+ T cell 3,CD86,AIH,-4.32483294175325,0.0099009900990099,0.010590318772137
Hepatocyte 4,CD8+ T cell 2,CXCL_CXCR3,AIH,-4.30213404539778,0.0099009900990099,0.010590318772137
IgM+ B cell,CD8+ T cell 2,ICOS,AIH,-4.29907093559566,0.00100286648697995,0.00289071096690355
CD8+ T cell 2,IgM+ B cell,CCL_CCR1,AIH,-4.26064426718992,0.00100286648697995,0.00289071096690355
IgM+ B cell,CD8+ T cell 2,CD86,AIH,-4.24769391826252,0.00100286648697995,0.00289071096690355
CD8+ T cell 3,CD8+ T cell 2,IL2,AIH,-4.23892211758081,0.00100286648697995,0.00289071096690355
Stellate cell,CD4+ T cell,CCL_CCR4,AIH,-4.23020221622612,0.0099009900990099,0.010590318772137
Hepatocyte 3,CD4+ T cell,CCL_CCR1,AIH,-4.22134874217139,0.02,0.0205263157894737
Macrophage 2,CD4+ T cell,ICOS,AIH,-4.21636016646498,0.0099009900990099,0.010590318772137
Cholangiocyte,Hepatocyte 4,CEACAM,AIH,-4.21545235696082,0.00100286648697995,0.00289071096690355
Hepatocyte 3,Macrophage 2,CXCL_CXCR4,AIH,-4.21003985026122,0.0099009900990099,0.010590318772137
CD8+ T cell 2,Macrophage 1,CCL_CCR5,AIH,-4.18909611977914,0.00100286648697995,0.00289071096690355
CD8+ T cell 3,CD8+ T cell 2,CD80,AIH,-4.18636259868181,0.00100286648697995,0.00289071096690355
IgG+ plasmablast / plasma cell,CD8+ T cell 1,CCL_CCR5,AIH,-4.17714496160607,0.0099009900990099,0.010590318772137
Macrophage 1,Hepatocyte 4,IL2,AIH,-4.17453461524444,0.0099009900990099,0.010590318772137
IgG+ plasmablast / plasma cell,CD8+ T cell 2,CD86,AIH,-4.16568659119085,0.00100286648697995,0.00289071096690355
CD8+ T cell 2,Ig+ hepatocyte,CCL_CCR1,AIH,-4.1503891275112,0.0099009900990099,0.010590318772137
CD4+ T cell,Macrophage 2,CCL_CCR2,AIH,-4.12972460160761,0.0099009900990099,0.010590318772137
CD8+ T cell 1,CD4+ T cell,CD80,AIH,-4.12574452370904,0.0099009900990099,0.010590318772137
Hepatocyte 4,Macrophage 1,IL2,AIH,-4.07384167436707,0.00100286648697995,0.00289071096690355
CD8+ T cell 2,CD4+ T cell,CD80,AIH,-4.06377709086233,0.00100286648697995,0.00289071096690355
Stellate cell,CD8+ T cell 2,IL2,AIH,-4.0362472638368,0.00100286648697995,0.00289071096690355
Stellate cell,CD8+ T cell 2,CD86,AIH,-4.03434996041412,0.0099009900990099,0.010590318772137
CD8+ T cell 2,CD4+ T cell,CCL_CCR5,AIH,-4.02212985222192,0.00100286648697995,0.00289071096690355
CD4+ T cell,CD4+ T cell,CCL_CCR2,AIH,-3.98723621318098,0.0099009900990099,0.010590318772137
CD8+ T cell 3,Macrophage 2,CCL_CCR1,AIH,-3.98603897621969,0.0099009900990099,0.010590318772137
Ig+ hepatocyte,Macrophage 2,CXCL_CXCR4,AIH,-3.98571929041779,0.0099009900990099,0.010590318772137
CD8+ T cell 3,CD8+ T cell 1,CCL_CCR1,AIH,-3.96983944530325,0.0099009900990099,0.010590318772137
CD8+ T cell 1,IgM+ B cell,CCL_CCR5,AIH,-3.94201091567737,0.0099009900990099,0.010590318772137
CD8+ T cell 2,CD8+ T cell 1,CD80,AIH,-3.93323879397684,0.00100286648697995,0.00289071096690355
Hepatocyte 2,CD8+ T cell 1,ICOS,AIH,-3.92210176405945,0.0099009900990099,0.010590318772137
Ig+ hepatocyte,Hepatocyte 2,CEACAM,AIH,-3.90423987520114,0.00100286648697995,0.00289071096690355
CD8+ T cell 2,Ig+ hepatocyte,CEACAM,AIH,-3.89570839127013,0.00100286648697995,0.00289071096690355
CD4+ T cell,CD4+ T cell,CCL_CCR5,AIH,-3.89346469188295,0.00100286648697995,0.00289071096690355
CD8+ T cell 3,CD8+ T cell 1,ICOS,AIH,-3.88863736372469,0.00100286648697995,0.00289071096690355
CD4+ T cell,CD8+ T cell 3,CD40,AIH,-3.88477648062361,0.00100286648697995,0.00289071096690355
Stellate cell,CD8+ T cell 1,CCL_CCR5,AIH,-3.87023085489788,0.0099009900990099,0.010590318772137
IgG+ plasmablast / plasma cell,CD8+ T cell 2,ICOS,AIH,-3.8668700565765,0.00100286648697995,0.00289071096690355
Macrophage 1,CD8+ T cell 2,CCL_CCR5,AIH,-3.86290660425166,0.00100286648697995,0.00289071096690355
Hepatocyte 4,Hepatocyte 4,EPO,AIH,-3.85238328094498,0.0099009900990099,0.010590318772137
CD4+ T cell,IgM+ B cell,CD86,AIH,-3.8464857691658,0.01,0.010590318772137
CD8+ T cell 2,Macrophage 2,CXCL_CXCR4,AIH,-3.84501739899836,0.0099009900990099,0.010590318772137
Sinusoidal endothelial cell,Hepatocyte 1,IL2,AIH,-3.83059057822718,0.0099009900990099,0.010590318772137
CD4+ T cell,CD8+ T cell 2,CD86,AIH,-3.82662341529983,0.00100286648697995,0.00289071096690355
Hepatocyte 4,CD8+ T cell 2,CCL_CCR5,AIH,-3.81118840762194,0.0099009900990099,0.010590318772137
Hepatocyte 1,Macrophage 2,CXCL_CXCR4,AIH,-3.81027293102362,0.0099009900990099,0.010590318772137
Sinusoidal endothelial cell,CD4+ T cell,CCL_CCR4,AIH,-3.79739671497886,0.00100286648697995,0.00289071096690355
Ig+ hepatocyte,Cholangiocyte,CCL_CCR1,AIH,-3.78872669782597,0.0099009900990099,0.010590318772137
CD8+ T cell 3,CD4+ T cell,CXCL_CXCR5,AIH,-3.76835687468371,0.0099009900990099,0.010590318772137
IgM+ B cell,CD8+ T cell 1,CD80,AIH,-3.76359268829438,0.00100286648697995,0.00289071096690355
CD8+ T cell 3,Macrophage 1,CCL_CCR5,AIH,-3.7588204224556,0.00100286648697995,0.00289071096690355
CD8+ T cell 1,CD8+ T cell 1,CD80,AIH,-3.72584826053691,0.0099009900990099,0.010590318772137
Ig+ hepatocyte,CD8+ T cell 2,CXCL_CXCR3,AIH,-3.67675683359183,0.0099009900990099,0.010590318772137
IgG+ plasmablast / plasma cell,Macrophage 1,IL2,AIH,-3.67552683043649,0.0099009900990099,0.010590318772137
Hepatocyte 2,Macrophage 2,CXCL_CXCR4,AIH,-3.63844599695781,0.0099009900990099,0.010590318772137
Hepatocyte 2,CD8+ T cell 2,ICOS,AIH,-3.62058163842629,0.0099009900990099,0.010590318772137
Hepatocyte 1,Hepatocyte 4,EPO,AIH,-3.61075894207635,0.0099009900990099,0.010590318772137
Hepatocyte 4,Sinusoidal endothelial cell,IL2,AIH,-3.58685492947198,0.0099009900990099,0.010590318772137
Macrophage 1,CD8+ T cell 3,CCL_CCR5,AIH,-3.57870958644162,0.00100286648697995,0.00289071096690355
CD8+ T cell 2,Hepatocyte 1,CCL_CCR1,AIH,-3.5785720020297,0.0099009900990099,0.010590318772137
Vascular endothelial cell,Macrophage 1,VEGF,AIH,-3.54788337418741,0.01,0.010590318772137
CD8+ T cell 3,Hepatocyte 4,CEACAM,AIH,-3.53564534137307,0.00100286648697995,0.00289071096690355
Stellate cell,Cholangiocyte,CCL_CCR2,AIH,-3.52354493514354,0.0099009900990099,0.010590318772137
Hepatocyte 1,CD8+ T cell 1,CCL_CCR5,AIH,-3.51243485390441,0.0099009900990099,0.010590318772137
CD4+ T cell,CD8+ T cell 1,ICOS,AIH,-3.49108988227285,0.0099009900990099,0.010590318772137
Ig+ hepatocyte,CD8+ T cell 3,CXCL_CXCR2,AIH,-3.48246096129417,0.00100286648697995,0.00289071096690355
Macrophage 2,CD8+ T cell 3,IL2,AIH,-3.47859976365195,0.02,0.0205263157894737
Cholangiocyte,Stellate cell,NCAM,AIH,-3.46548657512181,0.0099009900990099,0.010590318772137
Stellate cell,Cholangiocyte,NCAM,AIH,-3.46548657512181,0.0099009900990099,0.010590318772137
CD8+ T cell 3,IgG+ plasmablast / plasma cell,CCL_CCR2,AIH,-3.45879602124589,0.0099009900990099,0.010590318772137
Cholangiocyte,Sinusoidal endothelial cell,IL2,AIH,-3.45610277768228,0.00100286648697995,0.00289071096690355
CD8+ T cell 3,Macrophage 1,CD80,AIH,-3.44942868792117,0.00100286648697995,0.00289071096690355
Ig+ hepatocyte,CD8+ T cell 2,CEACAM,AIH,-3.43699043233141,0.00100286648697995,0.00289071096690355
Hepatocyte 4,Hepatocyte 1,EPO,AIH,-3.39857571835884,0.0099009900990099,0.010590318772137
IgG+ plasmablast / plasma cell,IgM+ B cell,CD86,AIH,-3.38790429242403,0.0099009900990099,0.010590318772137
CD8+ T cell 3,CD8+ T cell 2,ICOS,AIH,-3.38297903739555,0.00100286648697995,0.00289071096690355
IgG+ plasmablast / plasma cell,Macrophage 2,CCL_CCR2,AIH,-3.37769568799303,0.0099009900990099,0.010590318772137
Hepatocyte 4,Sinusoidal endothelial cell,EPO,AIH,-3.35973498414024,0.0099009900990099,0.010590318772137
Macrophage 2,CD8+ T cell 1,ICOS,AIH,-3.3537859647673,0.0099009900990099,0.010590318772137
CD8+ T cell 2,CD8+ T cell 3,CD80,AIH,-3.34454942401398,0.00100286648697995,0.00289071096690355
IgG+ plasmablast / plasma cell,IgM+ B cell,CCL_CCR2,AIH,-3.34245663867322,0.0099009900990099,0.010590318772137
Sinusoidal endothelial cell,Hepatocyte 4,IL2,AIH,-3.31937068313207,0.0099009900990099,0.010590318772137
Hepatocyte 2,CD4+ T cell,ICOS,AIH,-3.28825202847826,0.00100286648697995,0.00289071096690355
CD8+ T cell 3,Hepatocyte 4,IL2,AIH,-3.27641390691408,0.01,0.010590318772137
Hepatocyte 2,CD8+ T cell 3,ICOS,AIH,-3.24607242386794,0.0099009900990099,0.010590318772137
Sinusoidal endothelial cell,CD8+ T cell 2,CCL_CCR5,AIH,-3.21396417053338,0.00100286648697995,0.00289071096690355
Cholangiocyte,Ig+ hepatocyte,CEACAM,AIH,-3.19403726418432,0.00100286648697995,0.00289071096690355
Macrophage 1,Macrophage 1,CCL_CCR5,AIH,-3.19367240188743,0.00188656307371672,0.00532153168906885
Macrophage 1,CD4+ T cell,CCL_CCR5,AIH,-3.17675268184206,0.00100286648697995,0.00289071096690355
Hepatocyte 1,Macrophage 1,EPO,AIH,-3.16587934355805,0.0099009900990099,0.010590318772137
Hepatocyte 4,Macrophage 2,CXCL_CXCR4,AIH,-3.16510052634867,0.0099009900990099,0.010590318772137
CD4+ T cell,Hepatocyte 2,CD40,AIH,-3.15317913025963,0.00100286648697995,0.00289071096690355
Ig+ hepatocyte,CD4+ T cell,ICOS,AIH,-3.15312194438285,0.0099009900990099,0.010590318772137
IgM+ B cell,CD8+ T cell 3,CD80,AIH,-3.15035397757791,0.00100286648697995,0.00289071096690355
Sinusoidal endothelial cell,Cholangiocyte,IL2,AIH,-3.13656830015639,0.0099009900990099,0.010590318772137
Ig+ hepatocyte,CD8+ T cell 3,CXCL_CXCR4,AIH,-3.12579844981152,0.00101190997057716,0.00289071096690355
Ig+ hepatocyte,CD4+ T cell,CCL_CCR4,AIH,-3.11375400036172,0.0099009900990099,0.010590318772137
Ig+ hepatocyte,CD8+ T cell 2,CCL_CCR5,AIH,-3.10366505501584,0.0099009900990099,0.010590318772137
Ig+ hepatocyte,Sinusoidal endothelial cell,CXCL_CXCR2,AIH,-3.09825216491777,0.00100286648697995,0.00289071096690355
Ig+ hepatocyte,CD8+ T cell 1,CCL_CCR5,AIH,-3.08913424670508,0.0099009900990099,0.010590318772137
Hepatocyte 4,Cholangiocyte,CCL_CCR1,AIH,-3.06281727340005,0.0099009900990099,0.010590318772137
Hepatocyte 4,CD8+ T cell 1,CCL_CCR5,AIH,-2.98563918660424,0.0099009900990099,0.010590318772137
Vascular endothelial cell,CD8+ T cell 3,IL2,AIH,-2.93631593224503,0.00273351842499242,0.00740775234809125
Hepatocyte 1,CD4+ T cell,CCL_CCR4,AIH,-2.92476103650029,0.0099009900990099,0.010590318772137
Hepatocyte 2,CD8+ T cell 3,CXCL_CXCR3,AIH,-2.90864255827104,0.00100286648697995,0.00289071096690355
Hepatocyte 3,CD8+ T cell 3,CXCL_CXCR3,AIH,-2.88805978641809,0.00100286648697995,0.00289071096690355
Sinusoidal endothelial cell,CD8+ T cell 3,CCL_CCR5,AIH,-2.88675624201363,0.00100286648697995,0.00289071096690355
IgM+ B cell,IgM+ B cell,CD80,AIH,-2.87348211617161,0.00101190997057716,0.00289071096690355
CD8+ T cell 2,Macrophage 1,CD80,AIH,-2.8525458880334,0.00100286648697995,0.00289071096690355
Ig+ hepatocyte,Macrophage 1,CXCL_CXCR4,AIH,-2.83999858558007,0.00100286648697995,0.00289071096690355
CD8+ T cell 1,CD4+ T cell,CCL_CCR7,AIH,-2.83607814544195,0.0099009900990099,0.010590318772137
CD8+ T cell 1,CD8+ T cell 2,CD80,AIH,-2.81371781933195,0.0099009900990099,0.010590318772137
Hepatocyte 4,CD4+ T cell,CCL_CCR4,AIH,-2.80336809170616,0.0099009900990099,0.010590318772137
Macrophage 1,Macrophage 2,CCL_CCR1,AIH,-2.79404068725769,0.0099009900990099,0.010590318772137
CD8+ T cell 1,CD8+ T cell 3,CD80,AIH,-2.77899199424657,0.0099009900990099,0.010590318772137
CD8+ T cell 1,CD4+ T cell,CXCL_CXCR5,AIH,-2.77305522080508,0.0099009900990099,0.010590318772137
CD4+ T cell,CD8+ T cell 3,ICOS,AIH,-2.76344883931862,0.0099009900990099,0.010590318772137
Hepatocyte 1,Cholangiocyte,CEACAM,AIH,-2.75703013548547,0.0099009900990099,0.010590318772137
IgG+ plasmablast / plasma cell,IgM+ B cell,ICOS,AIH,-2.7540510149797,0.0099009900990099,0.010590318772137
CD8+ T cell 2,CD4+ T cell,CXCL_CXCR5,AIH,-2.75321682528246,0.0099009900990099,0.010590318772137
CD8+ T cell 3,IgG+ plasmablast / plasma cell,CCL_CCR1,AIH,-2.73663430076537,0.0099009900990099,0.010590318772137
Hepatocyte 1,CD4+ T cell,CXCL_CXCR6,AIH,-2.71399383336732,0.00100286648697995,0.00289071096690355
Ig+ hepatocyte,CD8+ T cell 2,ICOS,AIH,-2.70795159100453,0.0099009900990099,0.010590318772137
Hepatocyte 1,CD8+ T cell 1,CXCL_CXCR3,AIH,-2.67351403585374,0.0099009900990099,0.010590318772137
Macrophage 1,CD4+ T cell,CXCL_CXCR3,AIH,-2.66129820335354,0.00100286648697995,0.00289071096690355
CD4+ T cell,IgG+ plasmablast / plasma cell,CD40,AIH,-2.65938938033331,0.00100286648697995,0.00289071096690355
CD8+ T cell 3,CD4+ T cell,CCL_CCR1,AIH,-2.65507821211344,0.0099009900990099,0.010590318772137
CD8+ T cell 1,Macrophage 1,CD80,AIH,-2.63793731446251,0.0099009900990099,0.010590318772137
IgM+ B cell,CD8+ T cell 2,CD80,AIH,-2.62765613136055,0.00100286648697995,0.00289071096690355
CD8+ T cell 3,IgM+ B cell,CCL_CCR5,AIH,-2.60696753391478,0.0099009900990099,0.010590318772137
CD8+ T cell 3,Stellate cell,CCL_CCR1,AIH,-2.60031828567081,0.0099009900990099,0.010590318772137
Macrophage 1,CD8+ T cell 2,CXCL_CXCR3,AIH,-2.59402061221782,0.0099009900990099,0.010590318772137
Hepatocyte 1,CD4+ T cell,CXCL_CXCR3,AIH,-2.57489971768781,0.00100286648697995,0.00289071096690355
Cholangiocyte,CD8+ T cell 1,ICOS,AIH,-2.55770155985169,0.0099009900990099,0.010590318772137
CD8+ T cell 2,CD8+ T cell 1,CXCL_CXCR3,AIH,-2.55542121249904,0.0099009900990099,0.010590318772137
Sinusoidal endothelial cell,CD8+ T cell 3,CXCL_CXCR3,AIH,-2.53374041911033,0.00100286648697995,0.00289071096690355
Macrophage 1,CD8+ T cell 2,PD-L1,AIH,-2.52939394839313,0.00100286648697995,0.00289071096690355
CD8+ T cell 2,CD4+ T cell,CXCL_CXCR3,AIH,-2.52326017564652,0.00100286648697995,0.00289071096690355
Macrophage 1,Hepatocyte 1,CEACAM,AIH,-2.52124826802569,0.0099009900990099,0.010590318772137
Cholangiocyte,Hepatocyte 1,IL2,AIH,-2.49077855272089,0.0099009900990099,0.010590318772137
Sinusoidal endothelial cell,IgM+ B cell,CD86,AIH,-2.46023503331978,0.01,0.010590318772137
IgG+ plasmablast / plasma cell,CD8+ T cell 2,CCL_CCR5,AIH,-2.44702886732134,0.0099009900990099,0.010590318772137
CD8+ T cell 3,CD8+ T cell 2,PDL2,AIH,-2.41819508195317,0.00100286648697995,0.00289071096690355
Macrophage 1,Sinusoidal endothelial cell,CEACAM,AIH,-2.41419087371904,0.0099009900990099,0.010590318772137
IgM+ B cell,Macrophage 1,CD80,AIH,-2.41385977975738,0.00100286648697995,0.00289071096690355
CD8+ T cell 3,IgM+ B cell,CCL_CCR2,AIH,-2.40539483325198,0.02,0.0205263157894737
Hepatocyte 1,Cholangiocyte,EPO,AIH,-2.37456165242164,0.0099009900990099,0.010590318772137
Cholangiocyte,Hepatocyte 4,IL2,AIH,-2.37088258578142,0.0099009900990099,0.010590318772137
Macrophage 1,CD8+ T cell 3,CCL_CCR1,AIH,-2.36635099806526,0.0099009900990099,0.010590318772137
Cholangiocyte,Hepatocyte 2,CEACAM,AIH,-2.35368269192324,0.00100286648697995,0.00289071096690355
Hepatocyte 1,CD8+ T cell 3,CCL_CCR5,AIH,-2.34659317358621,0.03,0.0303382187147689
Ig+ hepatocyte,CD4+ T cell,CXCL_CXCR3,AIH,-2.33627158045628,0.00100286648697995,0.00289071096690355
Macrophage 1,CD8+ T cell 1,CXCL_CXCR3,AIH,-2.32590116893075,0.0099009900990099,0.010590318772137
Stellate cell,CD8+ T cell 3,CXCL_CXCR3,AIH,-2.31586579435504,0.0099009900990099,0.010590318772137
Hepatocyte 4,IgM+ B cell,ICOS,AIH,-2.31498026709438,0.00270940942994888,0.00736466745049742
CD4+ T cell,Macrophage 2,CD40,AIH,-2.3072897381214,0.0099009900990099,0.010590318772137
CD4+ T cell,CD8+ T cell 2,ICOS,AIH,-2.3054197485755,0.0099009900990099,0.010590318772137
Hepatocyte 4,CD8+ T cell 3,CCL_CCR5,AIH,-2.30458144102562,0.02,0.0205263157894737
CD4+ T cell,Macrophage 1,CCL_CCR5,AIH,-2.28980900026642,0.0099009900990099,0.010590318772137
Sinusoidal endothelial cell,Cholangiocyte,CEACAM,AIH,-2.2885609546497,0.02,0.0205263157894737
Ig+ hepatocyte,Hepatocyte 1,CCL_CCR1,AIH,-2.28172274428805,0.01,0.010590318772137
Macrophage 2,CD8+ T cell 2,ICOS,AIH,-2.25897827296255,0.0099009900990099,0.010590318772137
Hepatocyte 2,CD4+ T cell,CXCL_CXCR3,AIH,-2.25242698142099,0.00100286648697995,0.00289071096690355
Hepatocyte 4,Cholangiocyte,CEACAM,AIH,-2.24744538346157,0.01,0.010590318772137
CD8+ T cell 3,CD8+ T cell 2,CXCL_CXCR3,AIH,-2.22605970984991,0.0099009900990099,0.010590318772137
Hepatocyte 2,CD8+ T cell 1,CXCL_CXCR3,AIH,-2.22257885835379,0.0099009900990099,0.010590318772137
Cholangiocyte,CD8+ T cell 1,CCL_CCR2,AIH,-2.21753990150479,0.0099009900990099,0.010590318772137
CD8+ T cell 1,CD4+ T cell,CXCL_CXCR6,AIH,-2.2048220880404,0.0099009900990099,0.010590318772137
CD4+ T cell,Stellate cell,CD40,AIH,-2.18177168465382,0.0099009900990099,0.010590318772137
Hepatocyte 4,CD4+ T cell,CXCL_CXCR3,AIH,-2.17731387709667,0.00100286648697995,0.00289071096690355
Hepatocyte 4,CD4+ T cell,CXCL_CXCR6,AIH,-2.16455765321346,0.00100286648697995,0.00289071096690355
Macrophage 1,CD8+ T cell 3,CD80,AIH,-2.15808686473279,0.0099009900990099,0.010590318772137
Cholangiocyte,CD8+ T cell 2,CEACAM,AIH,-2.14145764094496,0.00100286648697995,0.00289071096690355
CD8+ T cell 3,CD4+ T cell,CXCL_CXCR6,AIH,-2.13491853124708,0.0099009900990099,0.010590318772137
Stellate cell,Stellate cell,NCAM,AIH,-2.12964155111307,0.00100286648697995,0.00289071096690355
Vascular endothelial cell,Hepatocyte 1,CEACAM,AIH,-2.11001815250438,0.00100286648697995,0.00289071096690355
Ig+ hepatocyte,CD8+ T cell 1,CXCL_CXCR3,AIH,-2.04162383578266,0.0099009900990099,0.010590318772137
Ig+ hepatocyte,CD8+ T cell 1,ICOS,AIH,-2.03628867346463,0.01,0.010590318772137
Cholangiocyte,CD8+ T cell 2,ICOS,AIH,-2.02793638030016,0.0099009900990099,0.010590318772137
Ig+ hepatocyte,CD8+ T cell 3,CCL_CCR5,AIH,-2.02747119792332,0.04,0.04
Hepatocyte 3,CD8+ T cell 2,CXCL_CXCR3,AIH,-2.0248728441224,0.0099009900990099,0.010590318772137
Sinusoidal endothelial cell,CD4+ T cell,CCL_CCR7,AIH,-2.02180122719293,0.00100286648697995,0.00289071096690355
IgM+ B cell,CD4+ T cell,CCL_CCR5,AIH,-1.98403738803748,0.00270940942994888,0.00736466745049742
CD8+ T cell 1,CD4+ T cell,CXCL_CXCR3,AIH,-1.94982401471219,0.00100286648697995,0.00289071096690355
CD8+ T cell 3,CD4+ T cell,CCL_CCR7,AIH,-1.93580405989574,0.00100286648697995,0.00289071096690355
CD8+ T cell 2,IgM+ B cell,CCL_CCR5,AIH,-1.93179371622154,0.0099009900990099,0.010590318772137
Cholangiocyte,CD8+ T cell 3,ICOS,AIH,-1.9263628996408,0.0099009900990099,0.010590318772137
Hepatocyte 1,CD8+ T cell 2,CD86,AIH,-1.91525940973313,0.0099009900990099,0.010590318772137
CD8+ T cell 3,CD4+ T cell,CXCL_CXCR3,AIH,-1.91247723813549,0.00100286648697995,0.00289071096690355
Macrophage 1,CD4+ T cell,CCL_CCR7,AIH,-1.91225986665404,0.0099009900990099,0.010590318772137
CD8+ T cell 1,CD8+ T cell 2,PDL2,AIH,-1.89497436709345,0.00100286648697995,0.00289071096690355
Hepatocyte 4,CD8+ T cell 1,CXCL_CXCR3,AIH,-1.87163891182432,0.0099009900990099,0.010590318772137
Vascular endothelial cell,Sinusoidal endothelial cell,CEACAM,AIH,-1.81172724500902,0.0034986124125582,0.00934004563709735
CD8+ T cell 3,Sinusoidal endothelial cell,CD80,AIH,-1.80932369792095,0.00100286648697995,0.00289071096690355
Cholangiocyte,CD8+ T cell 2,CD86,AIH,-1.80848962194276,0.0099009900990099,0.010590318772137
Cholangiocyte,Ig+ hepatocyte,CCL_CCR2,AIH,-1.79363066763063,0.00100286648697995,0.00289071096690355
CD4+ T cell,CD4+ T cell,CXCL_CXCR3,AIH,-1.78436493183822,0.0099009900990099,0.010590318772137
CD8+ T cell 3,CD8+ T cell 3,PDL2,AIH,-1.77762674880841,0.0099009900990099,0.010590318772137
Macrophage 2,CD4+ T cell,CXCL_CXCR3,AIH,-1.73240630566853,0.0099009900990099,0.010590318772137
Macrophage 2,CD8+ T cell 3,ICOS,AIH,-1.707036403259,0.0099009900990099,0.010590318772137
CD8+ T cell 3,Hepatocyte 2,CEACAM,AIH,-1.69755472895978,0.0099009900990099,0.010590318772137
Stellate cell,CD8+ T cell 2,CCL_CCR5,AIH,-1.65558666372458,0.0099009900990099,0.010590318772137
Macrophage 1,Stellate cell,CCL_CCR1,AIH,-1.59309362693443,0.0099009900990099,0.010590318772137
Cholangiocyte,CD8+ T cell 3,CD86,AIH,-1.56930159191822,0.0099009900990099,0.010590318772137
Macrophage 1,IgG+ plasmablast / plasma cell,CCL_CCR1,AIH,-1.55995418764763,0.0099009900990099,0.010590318772137
Cholangiocyte,CD4+ T cell,CXCL_CXCR3,AIH,-1.55228473966029,0.00100286648697995,0.00289071096690355
Hepatocyte 4,Macrophage 1,EPO,AIH,-1.54643490246861,0.0099009900990099,0.010590318772137
CD8+ T cell 1,Ig+ hepatocyte,CCL_CCR1,AIH,-1.54243562188589,0.0099009900990099,0.010590318772137
Vascular endothelial cell,Hepatocyte 4,CEACAM,AIH,-1.49261854827972,0.0034986124125582,0.00934004563709735
Macrophage 1,CD4+ T cell,CCL_CCR1,AIH,-1.48782793594076,0.0099009900990099,0.010590318772137
CD8+ T cell 3,CD8+ T cell 1,CXCL_CXCR3,AIH,-1.47022862728933,0.0099009900990099,0.010590318772137
Sinusoidal endothelial cell,CD4+ T cell,CCL_CCR5,AIH,-1.45383536126475,0.00100286648697995,0.00289071096690355
Cholangiocyte,CD8+ T cell 1,CD86,AIH,-1.45165430680898,0.0099009900990099,0.010590318772137
CD8+ T cell 3,IgM+ B cell,CD80,AIH,-1.44831686458201,0.00101190997057716,0.00289071096690355
CD8+ T cell 2,IgM+ B cell,CD80,AIH,-1.4351989058313,0.0099009900990099,0.010590318772137
CD8+ T cell 1,Hepatocyte 1,CCL_CCR1,AIH,-1.43265021611202,0.0099009900990099,0.010590318772137
Macrophage 1,Hepatocyte 4,CEACAM,AIH,-1.4241558148031,0.0099009900990099,0.010590318772137
Stellate cell,CD4+ T cell,CXCL_CXCR3,AIH,-1.40346068407186,0.0099009900990099,0.010590318772137
Ig+ hepatocyte,CD8+ T cell 3,ICOS,AIH,-1.40273725713042,0.0099009900990099,0.010590318772137
IgM+ B cell,CD4+ T cell,CXCL_CXCR3,AIH,-1.39014407628947,0.0099009900990099,0.010590318772137
CD8+ T cell 3,CD8+ T cell 2,CEACAM,AIH,-1.34864466345661,0.0099009900990099,0.010590318772137
Hepatocyte 1,Stellate cell,EPO,AIH,-1.3433598074829,0.0099009900990099,0.010590318772137
CD8+ T cell 3,Ig+ hepatocyte,CEACAM,AIH,-1.30149319576045,0.0099009900990099,0.010590318772137
Hepatocyte 4,Cholangiocyte,EPO,AIH,-1.29419625477073,0.0099009900990099,0.010590318772137
CD8+ T cell 1,CD8+ T cell 2,CXCL_CXCR3,AIH,-1.29091992981873,0.0099009900990099,0.010590318772137
Sinusoidal endothelial cell,CD8+ T cell 2,CXCL_CXCR3,AIH,-1.21802843413722,0.0099009900990099,0.010590318772137
Sinusoidal endothelial cell,CD4+ T cell,CXCL_CXCR3,AIH,-1.19330865136771,0.00100286648697995,0.00289071096690355
CD8+ T cell 1,CD8+ T cell 1,CXCL_CXCR3,AIH,-1.18457267805552,0.0099009900990099,0.010590318772137
Hepatocyte 1,Vascular endothelial cell,EPO,AIH,-1.13876481965578,0.0099009900990099,0.010590318772137
CD4+ T cell,CD8+ T cell 1,CD40,AIH,-1.13778142714869,0.0099009900990099,0.010590318772137
Sinusoidal endothelial cell,Macrophage 1,CCL_CCR5,AIH,-1.05487208307081,0.0099009900990099,0.010590318772137
Stellate cell,IgG+ B cell,CCL_CCR2,AIH,-1.04474670584757,0.0099009900990099,0.010590318772137
Hepatocyte 3,CD4+ T cell,CXCL_CXCR3,AIH,-1.01947743290274,0.00100286648697995,0.00289071096690355
Cholangiocyte,CD8+ T cell 2,CXCL_CXCR3,AIH,-1.00629258304038,0.0099009900990099,0.010590318772137
IgG+ plasmablast / plasma cell,CD4+ T cell,CXCL_CXCR3,AIH,-0.985148421736781,0.00100286648697995,0.00289071096690355
Hepatocyte 1,IgM+ B cell,CCL_CCR6,AIH,-0.938257128880308,0.00100286648697995,0.00289071096690355
CD8+ T cell 1,IgM+ B cell,CD80,AIH,-0.933669020305657,0.02,0.0205263157894737
Sinusoidal endothelial cell,CD8+ T cell 1,CXCL_CXCR3,AIH,-0.890390665421721,0.0099009900990099,0.010590318772137
Hepatocyte 3,CD8+ T cell 1,CXCL_CXCR3,AIH,-0.870149096598515,0.0099009900990099,0.010590318772137
CD8+ T cell 3,Ig+ hepatocyte,CCL_CCR1,AIH,-0.813741725318522,0.0099009900990099,0.010590318772137
Hepatocyte 1,CD8+ T cell 3,EPO,AIH,-0.813112510078188,0.0099009900990099,0.010590318772137
IgG+ plasmablast / plasma cell,CD8+ T cell 2,PDL2,AIH,-0.811811545222653,0.00100286648697995,0.00289071096690355
Cholangiocyte,CD8+ T cell 1,CXCL_CXCR3,AIH,-0.810167821484841,0.0099009900990099,0.010590318772137
CD8+ T cell 2,IgM+ B cell,CCL_CCR6,AIH,-0.7854578990319,0.00100286648697995,0.00289071096690355
Hepatocyte 4,CD4+ T cell,CCL_CCR5,AIH,-0.784120587515551,0.02,0.0205263157894737
Cholangiocyte,IgM+ B cell,CCL_CCR6,AIH,-0.763134740285023,0.0099009900990099,0.010590318772137
CD8+ T cell 1,CD8+ T cell 3,PDL2,AIH,-0.731043314512563,0.0099009900990099,0.010590318772137
CD8+ T cell 3,Hepatocyte 1,CCL_CCR1,AIH,-0.717954853405261,0.0099009900990099,0.010590318772137
Cholangiocyte,IgG+ B cell,CCL_CCR2,AIH,-0.654614084108652,0.0099009900990099,0.010590318772137
Hepatocyte 4,IgM+ B cell,CCL_CCR6,AIH,-0.640942507254829,0.00100286648697995,0.00289071096690355
CD8+ T cell 2,CD8+ T cell 2,PDL2,AIH,-0.627558057453804,0.0099009900990099,0.010590318772137
CD8+ T cell 2,Sinusoidal endothelial cell,CD80,AIH,-0.620912917515911,0.00100286648697995,0.00289071096690355
Macrophage 1,Hepatocyte 2,CEACAM,AIH,-0.609150835574343,0.0099009900990099,0.010590318772137
Ig+ hepatocyte,IgM+ B cell,CCL_CCR6,AIH,-0.541087159230726,0.0099009900990099,0.010590318772137
Hepatocyte 4,Stellate cell,EPO,AIH,-0.538362605776029,0.0099009900990099,0.010590318772137
Hepatocyte 4,Vascular endothelial cell,EPO,AIH,-0.521681415068807,0.0099009900990099,0.010590318772137
Sinusoidal endothelial cell,IgM+ B cell,CCL_CCR7,AIH,-0.504345056285339,0.0099009900990099,0.010590318772137
CD8+ T cell 1,CD4+ T cell,ICOS,AIH,-0.490581204690521,0.0099009900990099,0.010590318772137
Hepatocyte 1,CD4+ T cell,CD86,AIH,-0.47866199698899,0.0099009900990099,0.010590318772137
Hepatocyte 1,CD4+ T cell,CCL_CCR5,AIH,-0.465166111177732,0.00100286648697995,0.00289071096690355
Hepatocyte 1,CD8+ T cell 1,CD86,AIH,-0.448023108612841,0.0099009900990099,0.010590318772137
Macrophage 1,CD8+ T cell 2,CEACAM,AIH,-0.433765410379128,0.0099009900990099,0.010590318772137
CD8+ T cell 1,CD8+ T cell 2,ICOS,AIH,-0.403053596485351,0.0099009900990099,0.010590318772137
IgM+ B cell,Sinusoidal endothelial cell,CD80,AIH,-0.386295234645965,0.00100286648697995,0.00289071096690355
Macrophage 1,Ig+ hepatocyte,CEACAM,AIH,-0.372456336924678,0.03,0.0303382187147689
CD8+ T cell 3,IgM+ B cell,CCL_CCR7,AIH,-0.359934352477206,0.0099009900990099,0.010590318772137
Macrophage 1,Cholangiocyte,CCL_CCR1,AIH,-0.345155479265231,0.0099009900990099,0.010590318772137
Hepatocyte 4,CD8+ T cell 3,EPO,AIH,-0.33455739279767,0.0099009900990099,0.010590318772137
IgG+ plasmablast / plasma cell,CD8+ T cell 1,CXCL_CXCR3,AIH,-0.325755995919244,0.0099009900990099,0.010590318772137
IgG+ plasmablast / plasma cell,CD8+ T cell 2,CXCL_CXCR3,AIH,-0.319110649293353,0.0099009900990099,0.010590318772137
Macrophage 1,Hepatocyte 1,CCL_CCR1,AIH,-0.272062616198613,0.0099009900990099,0.010590318772137
Vascular endothelial cell,Ig+ hepatocyte,CEACAM,AIH,-0.271583771859107,0.02,0.0205263157894737
Vascular endothelial cell,Hepatocyte 2,CEACAM,AIH,-0.261900616642426,0.0099009900990099,0.010590318772137
Macrophage 1,Ig+ hepatocyte,CCL_CCR1,AIH,-0.261591884322107,0.0099009900990099,0.010590318772137
CD8+ T cell 1,CD8+ T cell 3,ICOS,AIH,-0.259779579670852,0.0099009900990099,0.010590318772137
Macrophage 1,IgM+ B cell,CCL_CCR7,AIH,-0.219338286656352,0.0099009900990099,0.010590318772137
CD8+ T cell 3,CD8+ T cell 3,PD-L1,AIH,-0.215669528893654,0.0099009900990099,0.010590318772137
CD8+ T cell 1,CD8+ T cell 1,ICOS,AIH,-0.198111296981255,0.0099009900990099,0.010590318772137
Vascular endothelial cell,CD8+ T cell 2,PDL2,AIH,-0.183549571146664,0.0099009900990099,0.010590318772137
Hepatocyte 1,Macrophage 1,CCL_CCR5,AIH,-0.169993929237173,0.0099009900990099,0.010590318772137
Vascular endothelial cell,CD8+ T cell 2,CEACAM,AIH,-0.168894744242745,0.0099009900990099,0.010590318772137
CD8+ T cell 1,Sinusoidal endothelial cell,CD80,AIH,-0.167865883483681,0.0099009900990099,0.010590318772137
IgM+ B cell,Macrophage 1,CCL_CCR5,AIH,-0.146325148580861,0.0099009900990099,0.010590318772137
Hepatocyte 2,IgM+ B cell,CCL_CCR6,AIH,-0.12376219417474,0.0099009900990099,0.010590318772137
CD8+ T cell 3,CD8+ T cell 2,PD-L1,AIH,-0.0642583543340346,0.0099009900990099,0.010590318772137
Hepatocyte 1,Stellate cell,FN1,irHep,10.3315485889193,0.0099009900990099,0.010590318772137
IgM+ B cell,CD4+ T cell,MHC-I_CD8A,irHep,10.1592635042852,0.00100286648697995,0.00289071096690355
CD4+ T cell,IgM+ B cell,MHC-I_CD8A,irHep,9.99363573251404,0.0099009900990099,0.010590318772137
IgM+ B cell,IgM+ B cell,MHC-I_CD8A,irHep,9.86602464360699,0.0099009900990099,0.010590318772137
Cholangiocyte,Cholangiocyte,MHC-I_CD8A,irHep,9.81798185800252,0.00100286648697995,0.00289071096690355
Macrophage 2,CD4+ T cell,MHC-I_CD8A,irHep,8.69233953011861,0.00100286648697995,0.00289071096690355
Macrophage 1,Macrophage 1,MHC-I_CD8A,irHep,8.64816475771563,0.00100286648697995,0.00289071096690355
IgG+ plasmablast / plasma cell,CD4+ T cell,MHC-I_CD8A,irHep,8.62701125393773,0.00100286648697995,0.00289071096690355
IgG+ plasmablast / plasma cell,IgM+ B cell,MHC-I_CD8A,irHep,8.51829844865667,0.0099009900990099,0.010590318772137
Hepatocyte 4,Hepatocyte 4,VEGF,irHep,8.32092746838251,0.01,0.010590318772137
CD4+ T cell,Cholangiocyte,MHC-I_CD8A,irHep,8.30685342730555,0.00100286648697995,0.00289071096690355
Vascular endothelial cell,IgM+ B cell,MHC-I_CD8A,irHep,8.30424531117693,0.0099009900990099,0.010590318772137
Hepatocyte 1,Hepatocyte 1,VEGF,irHep,8.25681990794872,0.0099009900990099,0.010590318772137
Macrophage 2,Macrophage 1,MHC-I_CD8A,irHep,8.19950805697443,0.0099009900990099,0.010590318772137
Cholangiocyte,IgM+ B cell,MHC-I_CD8A,irHep,7.94860842211862,0.00100286648697995,0.00289071096690355
Stellate cell,CD4+ T cell,MHC-I_CD8A,irHep,7.93993512853041,0.00100286648697995,0.00289071096690355
CD8+ T cell 1,Macrophage 1,MHC-I_CD8A,irHep,7.93762310499907,0.00270940942994888,0.00736466745049742
IgG+ plasmablast / plasma cell,Cholangiocyte,MHC-I_CD8A,irHep,7.93376199687765,0.0099009900990099,0.010590318772137
CD8+ T cell 2,CD8+ T cell 2,CCL_CCR1,irHep,7.9225214796285,0.00100286648697995,0.00289071096690355
IgG+ plasmablast / plasma cell,IgG+ plasmablast / plasma cell,CXCL_CXCR4,irHep,7.90181691508048,0.00100286648697995,0.00289071096690355
IgG+ B cell,CD4+ T cell,MHC-I_CD8A,irHep,7.88369607025048,0.00100286648697995,0.00289071096690355
Vascular endothelial cell,Cholangiocyte,MHC-I_CD8A,irHep,7.82953112491148,0.00100286648697995,0.00289071096690355
CD8+ T cell 1,Cholangiocyte,MHC-I_CD8A,irHep,7.78576337038579,0.00100286648697995,0.00289071096690355
IgG+ B cell,IgM+ B cell,MHC-I_CD8A,irHep,7.77189292942499,0.0099009900990099,0.010590318772137
CD8+ T cell 3,Cholangiocyte,MHC-I_CD8A,irHep,7.74574025594537,0.00100286648697995,0.00289071096690355
IgM+ B cell,Cholangiocyte,MHC-I_CD8A,irHep,7.73673847861885,0.00100286648697995,0.00289071096690355
Macrophage 2,IgM+ B cell,MHC-I_CD8A,irHep,7.71569386343204,0.0099009900990099,0.010590318772137
Macrophage 2,Cholangiocyte,MHC-I_CD8A,irHep,7.67572143975436,0.00100286648697995,0.00289071096690355
CD8+ T cell 3,IgM+ B cell,MHC-I_CD8A,irHep,7.61309637777118,0.00101190997057716,0.00289071096690355
Hepatocyte 1,Macrophage 1,MHC-I_CD8A,irHep,7.54720885988069,0.0099009900990099,0.010590318772137
Macrophage 1,Cholangiocyte,MHC-I_CD8A,irHep,7.51624486437215,0.00100286648697995,0.00289071096690355
Stellate cell,Macrophage 1,MHC-I_CD8A,irHep,7.49570266782849,0.0099009900990099,0.010590318772137
CD8+ T cell 1,IgM+ B cell,MHC-I_CD8A,irHep,7.38402980433894,0.00188656307371672,0.00532153168906885
IgG+ B cell,Cholangiocyte,MHC-I_CD8A,irHep,7.34429660652183,0.0099009900990099,0.010590318772137
Hepatocyte 2,Macrophage 1,MHC-I_CD8A,irHep,7.25734705407769,0.0099009900990099,0.010590318772137
CD4+ T cell,Macrophage 1,MHC-I_CD8A,irHep,7.15907918842386,0.0099009900990099,0.010590318772137
CD8+ T cell 2,IgM+ B cell,MHC-I_CD8A,irHep,7.15348924004719,0.0099009900990099,0.010590318772137
Sinusoidal endothelial cell,Macrophage 1,MHC-I_CD8A,irHep,7.09581065419086,0.0099009900990099,0.010590318772137
CD8+ T cell 1,IgG+ B cell,MHC-I_CD8A,irHep,7.01457477356627,0.02,0.0205263157894737
CD8+ T cell 2,Cholangiocyte,MHC-I_CD8A,irHep,7.00217658620493,0.00100286648697995,0.00289071096690355
Vascular endothelial cell,Macrophage 1,MHC-I_CD8A,irHep,6.99866589959859,0.0099009900990099,0.010590318772137
Stellate cell,Cholangiocyte,MHC-I_CD8A,irHep,6.9868745043365,0.00101190997057716,0.00289071096690355
CD4+ T cell,IgG+ B cell,MHC-I_CD8A,irHep,6.96398998714947,0.03,0.0303382187147689
Macrophage 2,IgG+ B cell,MHC-I_CD8A,irHep,6.94686338722263,0.03,0.0303382187147689
Macrophage 1,IgM+ B cell,MHC-I_CD8A,irHep,6.9339316046646,0.00101190997057716,0.00289071096690355
IgM+ B cell,CD4+ T cell,MHC-I_CD8B,irHep,6.92993200487415,0.0099009900990099,0.010590318772137
Macrophage 1,IgG+ B cell,MHC-I_CD8A,irHep,6.81133257248491,0.01,0.010590318772137
Cholangiocyte,IgG+ plasmablast / plasma cell,MHC-I_CD8A,irHep,6.80593696598713,0.04,0.04
Stellate cell,Macrophage 1,CCL_CCR1,irHep,6.75280917330388,0.00100286648697995,0.00289071096690355
Stellate cell,IgM+ B cell,MHC-I_CD8A,irHep,6.73750833104147,0.0099009900990099,0.010590318772137
Cholangiocyte,IgG+ B cell,MHC-I_CD8A,irHep,6.63238807749917,0.00352961840434252,0.00939485966971881
CD8+ T cell 3,Macrophage 1,MHC-I_CD8A,irHep,6.62930437377456,0.00101190997057716,0.00289071096690355
Hepatocyte 4,Cholangiocyte,MHC-I_CD8A,irHep,6.62365204272913,0.0099009900990099,0.010590318772137
Macrophage 1,Macrophage 1,FN1,irHep,6.6056768018082,0.00100286648697995,0.00289071096690355
Hepatocyte 1,Cholangiocyte,MHC-I_CD8A,irHep,6.58477248677467,0.00100286648697995,0.00289071096690355
Stellate cell,CD8+ T cell 1,CXCL_CXCR4,irHep,6.57540099041925,0.0099009900990099,0.010590318772137
CD8+ T cell 1,CD8+ T cell 1,FN1,irHep,6.56907495093159,0.0099009900990099,0.010590318772137
CD8+ T cell 3,IgG+ plasmablast / plasma cell,MHC-I_CD8A,irHep,6.53396913952821,0.04,0.04
CD8+ T cell 3,IgG+ B cell,MHC-I_CD8A,irHep,6.52285959182042,0.02,0.0205263157894737
CD8+ T cell 2,Macrophage 1,MHC-I_CD8A,irHep,6.51097823456094,0.0034986124125582,0.00934004563709735
Hepatocyte 2,CD8+ T cell 2,VEGF,irHep,6.50971868530548,0.0099009900990099,0.010590318772137
Cholangiocyte,Macrophage 1,MHC-I_CD8A,irHep,6.50533927806973,0.00100286648697995,0.00289071096690355
Hepatocyte 1,IgM+ B cell,MHC-I_CD8A,irHep,6.48805714334218,0.0099009900990099,0.010590318772137
IgM+ B cell,IgG+ B cell,MHC-I_CD8A,irHep,6.47641635208179,0.03,0.0303382187147689
IgG+ plasmablast / plasma cell,Macrophage 1,MHC-I_CD8A,irHep,6.42892650036874,0.0099009900990099,0.010590318772137
Hepatocyte 2,Cholangiocyte,MHC-I_CD8A,irHep,6.42384293751444,0.00101190997057716,0.00289071096690355
Hepatocyte 4,Macrophage 1,MHC-I_CD8A,irHep,6.33815285060665,0.0099009900990099,0.010590318772137
Cholangiocyte,Cholangiocyte,CSF,irHep,6.32488301584643,0.0099009900990099,0.010590318772137
Sinusoidal endothelial cell,Cholangiocyte,MHC-I_CD8A,irHep,6.31943819833518,0.00100286648697995,0.00289071096690355
IgM+ B cell,Macrophage 1,MHC-I_CD8A,irHep,6.30776566655795,0.0099009900990099,0.010590318772137
Hepatocyte 2,IgM+ B cell,MHC-I_CD8A,irHep,6.24384910727689,0.0099009900990099,0.010590318772137
Sinusoidal endothelial cell,IgG+ B cell,MHC-I_CD8A,irHep,6.23665489877584,0.02,0.0205263157894737
Hepatocyte 1,IgG+ B cell,MHC-I_CD8A,irHep,6.2145695087314,0.03,0.0303382187147689
Stellate cell,IgG+ plasmablast / plasma cell,CXCL_CXCR4,irHep,6.08596056763619,0.00100286648697995,0.00289071096690355
Hepatocyte 3,CD8+ T cell 2,CCL_CCR1,irHep,6.01541844960565,0.00101190997057716,0.00289071096690355
Hepatocyte 4,CD8+ T cell 2,VEGF,irHep,6.00630162797246,0.00100286648697995,0.00289071096690355
Sinusoidal endothelial cell,CD8+ T cell 2,CCL_CCR1,irHep,5.98173000043858,0.00100286648697995,0.00289071096690355
Cholangiocyte,CD8+ T cell 2,VEGF,irHep,5.9171357472435,0.00101190997057716,0.00289071096690355
IgG+ B cell,Macrophage 1,MHC-I_CD8A,irHep,5.88724498668573,0.0099009900990099,0.010590318772137
CD4+ T cell,IgG+ plasmablast / plasma cell,CXCL_CXCR4,irHep,5.87722937632161,0.00100286648697995,0.00289071096690355
CD8+ T cell 1,CD8+ T cell 1,CXCL_CXCR4,irHep,5.85836437944467,0.0099009900990099,0.010590318772137
Vascular endothelial cell,CD4+ T cell,MHC-I_CD8B,irHep,5.8358695770343,0.0099009900990099,0.010590318772137
Hepatocyte 3,CD4+ T cell,MHC-I_CD8A,irHep,5.7847478112316,0.00100286648697995,0.00289071096690355
Hepatocyte 3,CD8+ T cell 1,CCL_CCR1,irHep,5.77807443758806,0.00100286648697995,0.00289071096690355
Macrophage 1,CD8+ T cell 1,CXCL_CXCR4,irHep,5.75048090537312,0.0099009900990099,0.010590318772137
Hepatocyte 4,Hepatocyte 1,VEGF,irHep,5.73592409018881,0.0099009900990099,0.010590318772137
Vascular endothelial cell,IgG+ plasmablast / plasma cell,CXCL_CXCR4,irHep,5.7298001231911,0.00100286648697995,0.00289071096690355
Hepatocyte 2,CD8+ T cell 2,CCL_CCR1,irHep,5.68794612177884,0.00100286648697995,0.00289071096690355
IgM+ B cell,IgG+ plasmablast / plasma cell,CXCL_CXCR4,irHep,5.65596138529653,0.00100286648697995,0.00289071096690355
Macrophage 1,CD8+ T cell 1,FN1,irHep,5.65261505117496,0.0034986124125582,0.00934004563709735
Hepatocyte 3,Cholangiocyte,MHC-I_CD8A,irHep,5.48911832688424,0.02,0.0205263157894737
Vascular endothelial cell,CD4+ T cell,CSF,irHep,5.42247262978985,0.0099009900990099,0.010590318772137
Macrophage 1,CD8+ T cell 3,FN1,irHep,5.4164227753078,0.01,0.010590318772137
Hepatocyte 4,IgG+ B cell,MHC-I_CD8A,irHep,5.406749299188,0.04,0.04
CD8+ T cell 1,CD4+ T cell,FN1,irHep,5.39930345473101,0.0099009900990099,0.010590318772137
Vascular endothelial cell,IgM+ B cell,CSF,irHep,5.39690372893843,0.0099009900990099,0.010590318772137
CD8+ T cell 1,Cholangiocyte,CCL_CCR1,irHep,5.36777179685295,0.0099009900990099,0.010590318772137
Macrophage 2,CD4+ T cell,MHC-I_CD8B,irHep,5.33357111858013,0.0099009900990099,0.010590318772137
Sinusoidal endothelial cell,CD8+ T cell 2,FN1,irHep,5.33231485934371,0.04,0.04
CD8+ T cell 3,Cholangiocyte,CCL_CCR1,irHep,5.32795315781657,0.0099009900990099,0.010590318772137
Macrophage 1,CD8+ T cell 2,CCL_CCR1,irHep,5.29516148206951,0.00190343863828325,0.00533557643293773
Sinusoidal endothelial cell,IgM+ B cell,MHC-I_CD8A,irHep,5.29125011689401,0.02,0.0205263157894737
Hepatocyte 3,CD8+ T cell 3,CCL_CCR1,irHep,5.27241986616008,0.00100286648697995,0.00289071096690355
Hepatocyte 4,CD8+ T cell 2,CCL_CCR1,irHep,5.25119116486934,0.00100286648697995,0.00289071096690355
CD8+ T cell 1,Macrophage 1,FN1,irHep,5.17769930048317,0.00101190997057716,0.00289071096690355
IgG+ plasmablast / plasma cell,CD4+ T cell,MHC-I_CD8B,irHep,5.09286285366704,0.0099009900990099,0.010590318772137
Stellate cell,CD8+ T cell 2,CCL_CCR1,irHep,5.07631524997063,0.00270940942994888,0.00736466745049742
Vascular endothelial cell,IgG+ plasmablast / plasma cell,CSF,irHep,5.07347604446377,0.0099009900990099,0.010590318772137
CD4+ T cell,IgM+ B cell,CXCL_CXCR5,irHep,5.04953699586727,0.0099009900990099,0.010590318772137
Stellate cell,CD4+ T cell,MHC-I_CD8B,irHep,5.02776943724518,0.0099009900990099,0.010590318772137
Stellate cell,CD8+ T cell 1,CCL_CCR1,irHep,5.01320170703509,0.01,0.010590318772137
Cholangiocyte,Hepatocyte 1,VEGF,irHep,5.00628000200313,0.0099009900990099,0.010590318772137
Macrophage 2,CD8+ T cell 1,CXCL_CXCR4,irHep,4.99852789526458,0.0099009900990099,0.010590318772137
CD8+ T cell 2,CD8+ T cell 2,CSF,irHep,4.95425418841302,0.03,0.0303382187147689
Macrophage 1,CD8+ T cell 1,CCL_CCR1,irHep,4.94762440807123,0.01,0.010590318772137
Macrophage 1,IgG+ plasmablast / plasma cell,CXCL_CXCR4,irHep,4.92998318046901,0.00100286648697995,0.00289071096690355
Hepatocyte 3,Macrophage 2,CCL_CCR1,irHep,4.92414307432427,0.00100286648697995,0.00289071096690355
IgG+ plasmablast / plasma cell,CD4+ T cell,FN1,irHep,4.79449795196775,0.0099009900990099,0.010590318772137
IgG+ B cell,IgG+ plasmablast / plasma cell,CXCL_CXCR4,irHep,4.78783007575251,0.00100286648697995,0.00289071096690355
CD4+ T cell,CD8+ T cell 3,CXCL_CXCR3,irHep,4.7564141542401,0.0099009900990099,0.010590318772137
Macrophage 1,CD4+ T cell,FN1,irHep,4.67005243236754,0.00270940942994888,0.00736466745049742
IgG+ plasmablast / plasma cell,Macrophage 1,FN1,irHep,4.64958507015111,0.0099009900990099,0.010590318772137
Macrophage 2,IgG+ plasmablast / plasma cell,CXCL_CXCR4,irHep,4.61120217615833,0.00100286648697995,0.00289071096690355
CD8+ T cell 1,IgG+ plasmablast / plasma cell,CXCL_CXCR4,irHep,4.5955438817329,0.00100286648697995,0.00289071096690355
Sinusoidal endothelial cell,CD8+ T cell 1,CXCL_CXCR4,irHep,4.56472096883931,0.0099009900990099,0.010590318772137
CD8+ T cell 1,CD8+ T cell 2,CCL_CCR1,irHep,4.54917148889979,0.02,0.0205263157894737
CD8+ T cell 2,Cholangiocyte,CCL_CCR1,irHep,4.5196761121376,0.0099009900990099,0.010590318772137
Cholangiocyte,Hepatocyte 4,VEGF,irHep,4.50933317315472,0.0099009900990099,0.010590318772137
CD8+ T cell 3,IgM+ B cell,CSF,irHep,4.4739937951047,0.0099009900990099,0.010590318772137
CD8+ T cell 3,CD4+ T cell,CSF,irHep,4.46743479500403,0.0099009900990099,0.010590318772137
Cholangiocyte,Macrophage 1,CCL_CCR1,irHep,4.43622633173874,0.0099009900990099,0.010590318772137
Vascular endothelial cell,CD8+ T cell 1,CXCL_CXCR4,irHep,4.36972648016187,0.0099009900990099,0.010590318772137
CD8+ T cell 3,CD8+ T cell 2,CCL_CCR1,irHep,4.36726472467918,0.01,0.010590318772137
Hepatocyte 1,Cholangiocyte,CCL_CCR1,irHep,4.35952671051234,0.04,0.04
Sinusoidal endothelial cell,IgM+ B cell,FN1,irHep,4.27072456853231,0.0099009900990099,0.010590318772137
CD8+ T cell 3,CD8+ T cell 1,CXCL_CXCR4,irHep,4.22496449568823,0.0099009900990099,0.010590318772137
Vascular endothelial cell,CD8+ T cell 3,CXCL_CXCR3,irHep,4.19900765316982,0.0099009900990099,0.010590318772137
IgG+ plasmablast / plasma cell,Cholangiocyte,FN1,irHep,4.18148356475626,0.01,0.010590318772137
CD8+ T cell 3,IgG+ plasmablast / plasma cell,CXCL_CXCR4,irHep,4.17386562141904,0.00100286648697995,0.00289071096690355
CD4+ T cell,CD8+ T cell 2,CCL_CCR1,irHep,4.0432789744084,0.0099009900990099,0.010590318772137
CD4+ T cell,CD8+ T cell 1,CXCL_CXCR4,irHep,4.03304589508474,0.0099009900990099,0.010590318772137
IgM+ B cell,IgM+ B cell,CXCL_CXCR5,irHep,3.98792176838535,0.0099009900990099,0.010590318772137
Cholangiocyte,CD8+ T cell 3,CCL_CCR1,irHep,3.98064845232741,0.0099009900990099,0.010590318772137
Sinusoidal endothelial cell,IgG+ plasmablast / plasma cell,CXCL_CXCR4,irHep,3.97711655844466,0.00100286648697995,0.00289071096690355
Vascular endothelial cell,Cholangiocyte,CSF,irHep,3.97053415624336,0.0099009900990099,0.010590318772137
Macrophage 2,CD8+ T cell 1,CCL_CCR1,irHep,3.94604580270027,0.01,0.010590318772137
Cholangiocyte,IgG+ plasmablast / plasma cell,IL2,irHep,3.89397578006203,0.0099009900990099,0.010590318772137
CD4+ T cell,CD4+ T cell,CCL_CCR1,irHep,3.89198488010725,0.0099009900990099,0.010590318772137
Macrophage 2,Macrophage 1,FN1,irHep,3.84730487009679,0.01,0.010590318772137
CD8+ T cell 3,IgG+ plasmablast / plasma cell,CSF,irHep,3.84695906259665,0.01,0.010590318772137
Cholangiocyte,IgG+ plasmablast / plasma cell,CXCL_CXCR4,irHep,3.81223626563692,0.00188656307371672,0.00532153168906885
Cholangiocyte,CD8+ T cell 3,CXCL_CXCR3,irHep,3.78961613071356,0.0099009900990099,0.010590318772137
Cholangiocyte,CD8+ T cell 2,CSF,irHep,3.72080562378131,0.0099009900990099,0.010590318772137
IgG+ plasmablast / plasma cell,Cholangiocyte,EGF,irHep,3.70379902970234,0.0099009900990099,0.010590318772137
Stellate cell,Cholangiocyte,CSF,irHep,3.69955342916114,0.0099009900990099,0.010590318772137
IgM+ B cell,CD8+ T cell 1,CXCL_CXCR4,irHep,3.62933087469083,0.0099009900990099,0.010590318772137
IgG+ B cell,CD4+ T cell,MHC-I_CD8B,irHep,3.60324639815143,0.0099009900990099,0.010590318772137
IgM+ B cell,Macrophage 1,CCL_CCR1,irHep,3.55950001619836,0.0099009900990099,0.010590318772137
Hepatocyte 1,CD8+ T cell 1,CXCL_CXCR4,irHep,3.55061272304827,0.0099009900990099,0.010590318772137
Macrophage 2,CD8+ T cell 3,CXCL_CXCR3,irHep,3.54703677871322,0.0099009900990099,0.010590318772137
Ig+ hepatocyte,CD8+ T cell 1,CCL_CCR1,irHep,3.53107482227142,0.01,0.010590318772137
IgG+ B cell,CD8+ T cell 1,CXCL_CXCR4,irHep,3.51525402255268,0.0099009900990099,0.010590318772137
Cholangiocyte,CD8+ T cell 1,CCL_CCR1,irHep,3.50962167544893,0.0099009900990099,0.010590318772137
Macrophage 1,Cholangiocyte,FN1,irHep,3.48220066563999,0.02,0.0205263157894737
Cholangiocyte,CD8+ T cell 3,CCL_CCR5,irHep,3.47173157462558,0.0099009900990099,0.010590318772137
Cholangiocyte,IgM+ B cell,CXCL_CXCR5,irHep,3.46042721818787,0.0099009900990099,0.010590318772137
IgG+ plasmablast / plasma cell,CD8+ T cell 1,FN1,irHep,3.43290970425437,0.01,0.010590318772137
Hepatocyte 2,CD8+ T cell 1,CXCL_CXCR4,irHep,3.4204525872617,0.0099009900990099,0.010590318772137
CD8+ T cell 1,IgM+ B cell,CSF,irHep,3.41644165743572,0.0099009900990099,0.010590318772137
CD8+ T cell 2,CD8+ T cell 1,CXCL_CXCR4,irHep,3.3793402325045,0.0099009900990099,0.010590318772137
CD8+ T cell 2,IgG+ plasmablast / plasma cell,CXCL_CXCR4,irHep,3.34843234246001,0.00100286648697995,0.00289071096690355
IgG+ plasmablast / plasma cell,CD8+ T cell 3,LCK,irHep,3.34383719890458,0.0099009900990099,0.010590318772137
IgG+ plasmablast / plasma cell,CD8+ T cell 1,LCK,irHep,3.30419236567527,0.00100286648697995,0.00289071096690355
Sinusoidal endothelial cell,Cholangiocyte,CSF,irHep,3.27990922978721,0.0099009900990099,0.010590318772137
IgG+ B cell,CD8+ T cell 3,CXCL_CXCR3,irHep,3.1567884204525,0.0099009900990099,0.010590318772137
CD8+ T cell 3,Cholangiocyte,CSF,irHep,3.15603395548515,0.04,0.04
Cholangiocyte,Cholangiocyte,CCL_CCR1,irHep,3.14516877047344,0.0099009900990099,0.010590318772137
IgG+ plasmablast / plasma cell,Hepatocyte 1,EGF,irHep,3.12560253316281,0.0099009900990099,0.010590318772137
Cholangiocyte,Macrophage 2,CCL_CCR1,irHep,3.08677961773034,0.0099009900990099,0.010590318772137
CD4+ T cell,Cholangiocyte,CCL_CCR1,irHep,3.0775542819096,0.0099009900990099,0.010590318772137
IgG+ plasmablast / plasma cell,CD8+ T cell 1,CXCL_CXCR4,irHep,3.06808485248171,0.0099009900990099,0.010590318772137
Sinusoidal endothelial cell,CD8+ T cell 1,CCL_CCR1,irHep,3.03133718079922,0.0099009900990099,0.010590318772137
Ig+ hepatocyte,Macrophage 1,CXCL_CXCR2,irHep,3.02897815535287,0.0099009900990099,0.010590318772137
IgG+ plasmablast / plasma cell,Macrophage 1,CCL_CCR1,irHep,2.99732673373305,0.0099009900990099,0.010590318772137
Sinusoidal endothelial cell,Cholangiocyte,FN1,irHep,2.95911611707503,0.01,0.010590318772137
Stellate cell,CD8+ T cell 2,CSF,irHep,2.95709710325485,0.00270940942994888,0.00736466745049742
Macrophage 2,CD4+ T cell,CCL_CCR7,irHep,2.95434475545142,0.0099009900990099,0.010590318772137
Hepatocyte 1,IgG+ plasmablast / plasma cell,CXCL_CXCR4,irHep,2.93887242656345,0.00270940942994888,0.00736466745049742
CD8+ T cell 2,Cholangiocyte,CSF,irHep,2.92409095136379,0.01,0.010590318772137
Sinusoidal endothelial cell,CD8+ T cell 3,CCL_CCR1,irHep,2.91358766449048,0.0099009900990099,0.010590318772137
IgM+ B cell,CD8+ T cell 3,CXCL_CXCR3,irHep,2.87894213153652,0.0099009900990099,0.010590318772137
CD4+ T cell,IgG+ plasmablast / plasma cell,CCL_CCR1,irHep,2.87701335076744,0.0099009900990099,0.010590318772137
Vascular endothelial cell,CD8+ T cell 2,CSF,irHep,2.86707221914538,0.02,0.0205263157894737
Hepatocyte 2,IgG+ plasmablast / plasma cell,CXCL_CXCR4,irHep,2.84944541273034,0.00270940942994888,0.00736466745049742
Cholangiocyte,CD8+ T cell 2,CCL_CCR1,irHep,2.84707496100867,0.0099009900990099,0.010590318772137
Hepatocyte 3,CD4+ T cell,MHC-I_CD8B,irHep,2.83271038152891,0.0099009900990099,0.010590318772137
IgM+ B cell,Macrophage 1,FN1,irHep,2.68738883898073,0.01,0.010590318772137
Cholangiocyte,CD8+ T cell 1,CXCL_CXCR4,irHep,2.64985868222298,0.0099009900990099,0.010590318772137
IgM+ B cell,CD8+ T cell 3,CCL_CCR1,irHep,2.64894159042237,0.02,0.0205263157894737
IgG+ plasmablast / plasma cell,CD8+ T cell 3,CXCL_CXCR3,irHep,2.61266250568573,0.0099009900990099,0.010590318772137
IgM+ B cell,CD8+ T cell 1,CCL_CCR1,irHep,2.59867053495414,0.01,0.010590318772137
IgG+ plasmablast / plasma cell,CD4+ T cell,LCK,irHep,2.59398550179314,0.0099009900990099,0.010590318772137
Cholangiocyte,CD8+ T cell 1,CCL_CCR5,irHep,2.57671329654365,0.0099009900990099,0.010590318772137
Cholangiocyte,CD8+ T cell 2,CCL_CCR5,irHep,2.48902698688785,0.0099009900990099,0.010590318772137
Cholangiocyte,CD4+ T cell,CXCL_CXCR6,irHep,2.48727878612956,0.0099009900990099,0.010590318772137
CD8+ T cell 1,Cholangiocyte,CSF,irHep,2.45136080541127,0.02,0.0205263157894737
Cholangiocyte,Cholangiocyte,CXCL_CXCR6,irHep,2.40487659749489,0.0099009900990099,0.010590318772137
Hepatocyte 4,IgG+ plasmablast / plasma cell,CXCL_CXCR4,irHep,2.35668025882395,0.0099009900990099,0.010590318772137
IgG+ plasmablast / plasma cell,IgM+ B cell,CCL_CCR7,irHep,2.30194450260224,0.0099009900990099,0.010590318772137
Hepatocyte 4,CD8+ T cell 1,CXCL_CXCR4,irHep,2.28337297394776,0.0099009900990099,0.010590318772137
CD8+ T cell 3,Stellate cell,CSF,irHep,2.26589391330532,0.04,0.04
Hepatocyte 1,IgG+ plasmablast / plasma cell,IL2,irHep,2.2099314437233,0.0099009900990099,0.010590318772137
IgG+ plasmablast / plasma cell,Hepatocyte 2,EGF,irHep,2.20025964433764,0.0099009900990099,0.010590318772137
CD8+ T cell 3,IgG+ plasmablast / plasma cell,IL2,irHep,2.18327478173236,0.0099009900990099,0.010590318772137
Cholangiocyte,IgM+ B cell,CCL_CCR1,irHep,2.17844824206467,0.0099009900990099,0.010590318772137
CD8+ T cell 3,Cholangiocyte,IL2,irHep,2.01305408105972,0.0099009900990099,0.010590318772137
IgG+ plasmablast / plasma cell,CD8+ T cell 1,CCL_CCR1,irHep,1.97737016960862,0.01,0.010590318772137
IgG+ plasmablast / plasma cell,CD8+ T cell 2,IL2,irHep,1.92569708734631,0.0099009900990099,0.010590318772137
IgG+ plasmablast / plasma cell,CD8+ T cell 2,EGF,irHep,1.90502340761956,0.0099009900990099,0.010590318772137
Cholangiocyte,CD4+ T cell,CCL_CCR1,irHep,1.8753990562336,0.0099009900990099,0.010590318772137
IgG+ plasmablast / plasma cell,IgM+ B cell,CXCL_CXCR5,irHep,1.84299896923907,0.0099009900990099,0.010590318772137
Hepatocyte 4,IgM+ B cell,CSF,irHep,1.8205395948561,0.04,0.04
IgG+ plasmablast / plasma cell,Stellate cell,EGF,irHep,1.77436264688786,0.0099009900990099,0.010590318772137
Hepatocyte 3,IgG+ plasmablast / plasma cell,CXCL_CXCR4,irHep,1.71188854439628,0.0099009900990099,0.010590318772137
Macrophage 1,Cholangiocyte,CXCL_CXCR6,irHep,1.67906339246599,0.0099009900990099,0.010590318772137
Hepatocyte 3,CD8+ T cell 1,CXCL_CXCR4,irHep,1.67422437867511,0.0099009900990099,0.010590318772137
Sinusoidal endothelial cell,Macrophage 2,CCL_CCR1,irHep,1.65787395403715,0.01,0.010590318772137
CD8+ T cell 1,Hepatocyte 4,CCL_CCR1,irHep,1.62062596296782,0.0099009900990099,0.010590318772137
IgM+ B cell,Macrophage 2,CCL_CCR1,irHep,1.61535836880549,0.04,0.04
Cholangiocyte,IgG+ plasmablast / plasma cell,CCL_CCR1,irHep,1.43715308828297,0.0099009900990099,0.010590318772137
IgG+ B cell,CD4+ T cell,CCL_CCR7,irHep,1.43051143253758,0.0099009900990099,0.010590318772137
IgM+ B cell,IgM+ B cell,CCL_CCR1,irHep,1.33028372982869,0.0099009900990099,0.010590318772137
CD8+ T cell 3,Hepatocyte 4,CCL_CCR1,irHep,1.20833702665372,0.0099009900990099,0.010590318772137
IgG+ plasmablast / plasma cell,Vascular endothelial cell,EGF,irHep,1.13179506024388,0.0099009900990099,0.010590318772137
Sinusoidal endothelial cell,CD8+ T cell 1,PD-L1,irHep,1.10263709956893,0.0099009900990099,0.010590318772137
CD8+ T cell 2,Hepatocyte 4,CCL_CCR1,irHep,1.08750305409382,0.0099009900990099,0.010590318772137
Ig+ hepatocyte,CD4+ T cell,CXCL_CXCR6,irHep,1.07240000311712,0.0099009900990099,0.010590318772137
Macrophage 1,CD8+ T cell 3,CXCL_CXCR3,irHep,1.02936706648735,0.0099009900990099,0.010590318772137
Macrophage 1,CD8+ T cell 1,PDL2,irHep,1.01362705900545,0.0099009900990099,0.010590318772137
Sinusoidal endothelial cell,CD8+ T cell 1,PDL2,irHep,0.986189693608885,0.0099009900990099,0.010590318772137
Sinusoidal endothelial cell,Cholangiocyte,CXCL_CXCR6,irHep,0.960766351571259,0.0099009900990099,0.010590318772137
IgM+ B cell,CD4+ T cell,CCL_CCR1,irHep,0.86937305082881,0.0099009900990099,0.010590318772137
CD4+ T cell,Stellate cell,CCL_CCR1,irHep,0.86086389253999,0.0099009900990099,0.010590318772137
Ig+ hepatocyte,Macrophage 2,CXCL_CXCR2,irHep,0.812766202471587,0.0099009900990099,0.010590318772137
Macrophage 2,IgM+ B cell,CCL_CCR7,irHep,0.738600134157397,0.0099009900990099,0.010590318772137
IgM+ B cell,CD8+ T cell 2,CCL_CCR1,irHep,0.704253464946463,0.0099009900990099,0.010590318772137
IgG+ plasmablast / plasma cell,Sinusoidal endothelial cell,EGF,irHep,0.697063257221115,0.0099009900990099,0.010590318772137
Macrophage 1,IgM+ B cell,CXCL_CXCR5,irHep,0.651176570962307,0.0099009900990099,0.010590318772137
CD8+ T cell 1,IgM+ B cell,CCL_CCR7,irHep,0.56208216864394,0.0099009900990099,0.010590318772137
IgM+ B cell,IgG+ plasmablast / plasma cell,CCL_CCR1,irHep,0.463375483067437,0.0099009900990099,0.010590318772137
CD4+ T cell,Sinusoidal endothelial cell,CCL_CCR1,irHep,0.413036343050622,0.0099009900990099,0.010590318772137
Cholangiocyte,Stellate cell,CCL_CCR1,irHep,0.4044192229939,0.02,0.0205263157894737
IgM+ B cell,Cholangiocyte,CCL_CCR1,irHep,0.401449393436857,0.0099009900990099,0.010590318772137
CD8+ T cell 2,Cholangiocyte,CXCL_CXCR6,irHep,0.320543738099525,0.0099009900990099,0.010590318772137
IgG+ B cell,IgM+ B cell,CCL_CCR7,irHep,0.248839497451095,0.0099009900990099,0.010590318772137
CD4+ T cell,Hepatocyte 4,CCL_CCR1,irHep,0.210012162480663,0.0099009900990099,0.010590318772137
Cholangiocyte,Sinusoidal endothelial cell,CCL_CCR1,irHep,0.19484591559326,0.02,0.0205263157894737
Cholangiocyte,Hepatocyte 4,CCL_CCR1,irHep,0.0962921428942209,0.02,0.0205263157894737
Stellate cell,CD8+ T cell 1,PDL2,irHep,0.0666573582702122,0.0099009900990099,0.010590318772137
IgG+ plasmablast / plasma cell,Macrophage 1,EGF,irHep,0.0572414180451515,0.0099009900990099,0.010590318772137
IgM+ B cell,Stellate cell,CCL_CCR1,irHep,0.0445009021429419,0.0099009900990099,0.010590318772137
IgM+ B cell,Sinusoidal endothelial cell,CCL_CCR1,irHep,0.0202833591830842,0.0099009900990099,0.010590318772137
Ig+ hepatocyte,CD8+ T cell 1,CXCL_CXCR2,irHep,0.0169132350538108,0.0099009900990099,0.010590318772137
IgM+ B cell,Hepatocyte 4,CCL_CCR1,irHep,0.00979576914814469,0.0099009900990099,0.010590318772137
