leiden_r03,leiden,leiden_r07,N
6,4,19,1493
1,2,1,16050
1,7,6,7059
4,3,9,6405
13,16,18,2595
2,15,14,1136
2,1,16,1989
3,13,8,258
5,1,3,2530
14,18,20,2144
4,3,4,5710
6,4,5,8041
2,1,2,15530
2,1,3,1233
4,15,14,1236
5,15,14,847
2,1,14,421
2,6,3,76
3,4,7,810
8,12,21,186
11,12,17,161
5,6,3,7546
3,5,7,5549
5,6,10,3432
11,10,17,1860
3,10,7,119
8,12,17,1844
10,11,12,4956
11,10,10,2555
9,8,13,5378
12,14,15,3824
8,12,19,365
11,10,12,309
8,12,24,1277
5,18,3,28
1,2,6,1733
3,5,11,2470
5,10,10,100
2,15,3,83
3,5,4,2876
3,12,7,462
2,8,16,275
4,3,14,212
11,10,19,87
3,3,4,1123
1,10,12,1
5,17,22,65
8,12,7,93
2,17,22,223
11,4,19,39
5,20,16,603
2,18,20,102
4,15,5,60
3,5,13,5
1,17,1,1085
14,1,20,3
6,15,5,60
2,1,20,91
1,17,22,1359
3,4,5,631
3,4,12,23
5,4,5,4
5,10,12,62
5,1,2,85
2,17,3,8
14,15,14,10
15,19,25,918
9,8,16,283
7,9,8,5303
8,16,23,154
5,6,16,481
1,19,25,168
4,2,5,23
3,5,5,49
1,4,5,76
5,20,3,19
11,5,7,5
5,15,3,74
2,18,16,2
11,10,7,30
5,6,2,4
3,13,21,397
4,5,11,842
1,2,11,300
1,2,4,547
4,3,11,1258
8,12,15,14
4,15,4,28
1,16,6,15
1,7,21,750
13,7,6,19
1,15,22,32
6,5,6,5
4,2,4,160
1,3,4,166
11,6,10,23
2,15,16,20
2,1,22,150
10,15,14,61
5,1,20,8
11,14,15,6
5,6,14,19
14,6,3,1
6,4,15,96
11,10,13,10
3,10,10,20
1,4,19,83
6,6,5,4
2,20,16,37
4,4,5,494
5,18,20,57
2,15,2,1
4,3,12,11
5,1,16,34
11,10,21,2
6,15,14,25
3,11,12,65
6,4,12,40
5,6,13,5
4,15,22,32
2,15,22,13
6,4,16,12
4,19,14,46
1,15,14,39
8,13,23,1573
8,13,19,22
5,6,22,106
8,11,12,20
3,4,19,97
11,11,12,2
3,5,12,63
3,13,7,899
3,15,4,7
2,11,14,2
5,8,3,2
6,4,7,97
5,6,12,8
1,7,7,80
4,2,1,353
1,17,16,3
3,15,14,55
3,13,19,17
8,13,13,5
4,5,4,55
5,6,5,7
2,6,14,4
2,6,16,24
2,21,26,4
3,5,14,182
8,16,19,19
11,10,3,4
10,4,19,3
5,10,16,2
10,12,12,4
10,11,9,10
10,3,9,30
3,12,19,52
3,16,11,671
3,8,13,189
6,4,21,11
1,4,11,31
1,13,21,409
3,12,17,22
14,13,21,34
1,4,7,167
3,7,21,77
3,9,8,103
3,4,11,168
1,9,8,198
1,2,7,33
3,4,15,58
6,4,6,198
7,13,8,615
8,13,7,68
3,2,11,13
4,19,25,100
4,2,11,9
8,7,21,20
1,12,1,51
3,7,6,20
4,16,11,26
1,2,15,11
1,2,25,33
13,7,18,1
1,7,4,20
14,19,25,102
1,5,6,22
1,8,13,21
3,16,18,26
1,16,18,27
3,16,21,15
12,14,7,8
3,5,6,11
6,4,8,36
1,12,21,34
4,4,9,45
8,12,23,164
1,2,21,12
6,9,8,211
4,3,1,45
1,9,21,10
1,3,9,3
1,7,5,7
6,4,13,15
1,5,5,28
1,9,6,42
3,2,6,6
1,2,5,57
1,5,11,65
3,2,4,27
1,4,6,68
3,11,7,14
4,3,5,52
2,18,2,4
1,17,4,4
4,19,11,13
1,2,22,107
1,5,7,77
4,7,11,25
9,8,7,31
6,11,12,21
5,1,22,2
1,10,1,63
4,14,11,6
8,13,21,62
12,4,15,58
1,13,8,10
2,17,16,29
1,8,1,8
9,2,11,21
3,9,4,21
1,16,21,10
1,3,11,34
12,4,5,8
1,13,1,31
1,5,4,60
1,7,11,24
12,4,6,12
3,2,1,30
3,17,4,18
3,12,21,6
12,14,12,5
3,14,15,16
3,3,11,30
1,2,8,24
3,14,7,10
7,13,23,186
3,11,19,8
8,4,19,25
1,7,25,3
1,14,15,32
12,12,15,20
1,10,19,1
1,5,1,30
1,16,11,10
1,4,21,45
11,17,22,1
10,14,15,16
4,6,16,1
3,10,17,2
10,11,4,12
6,2,5,5
10,14,12,14
11,12,19,2
10,11,15,7
9,8,22,12
3,7,7,38
10,4,12,7
8,10,17,5
3,5,19,3
1,1,22,2
12,4,19,16
6,13,19,156
12,7,21,16
3,13,23,23
4,11,5,5
11,10,24,45
1,11,1,1
1,12,24,53
9,8,17,4
6,7,21,2
10,3,12,5
3,12,24,136
4,19,9,83
10,19,20,2
3,14,19,1
3,5,15,8
6,13,8,35
3,4,8,15
11,15,10,1
14,19,20,1
9,8,4,2
10,19,12,22
3,9,7,8
1,5,22,1
6,4,14,5
6,4,11,20
3,2,7,7
5,4,22,15
3,4,6,12
11,10,15,2
3,16,7,95
13,16,21,9
13,13,23,7
13,13,18,34
3,8,7,83
5,6,20,33
1,13,19,9
1,2,12,3
1,7,1,38
14,15,20,13
5,15,10,7
11,13,21,2
1,4,22,8
11,10,5,2
6,11,5,8
6,10,7,2
14,18,3,2
14,17,22,5
4,17,14,3
1,2,18,4
4,2,25,12
1,19,22,5
1,17,13,2
3,7,11,7
10,2,1,1
6,4,1,3
11,10,1,6
6,6,3,3
5,15,5,4
5,6,7,1
6,19,25,2
5,8,13,1
10,10,12,1
6,12,19,10
1,19,1,13
6,11,19,4
4,2,6,19
9,5,13,12
6,19,14,9
3,4,4,49
10,3,14,2
2,11,2,1
1,12,19,7
10,11,7,2
10,11,5,25
1,3,6,4
6,13,23,19
9,8,11,5
12,5,11,6
4,4,11,10
3,14,4,2
4,15,9,4
2,11,12,4
5,5,14,3
4,11,9,27
11,10,23,3
3,14,11,4
8,4,7,3
1,16,8,1
1,11,12,13
6,14,15,36
4,3,22,3
1,10,24,27
1,10,22,8
13,4,18,4
3,5,21,23
6,14,6,1
12,14,19,1
5,17,16,1
3,2,5,1
12,4,7,12
5,1,14,5
7,9,16,190
6,3,4,6
3,5,22,6
1,5,21,3
1,8,6,6
5,17,3,6
1,13,23,3
7,20,16,21
4,2,9,10
1,17,6,5
4,16,18,3
8,13,8,21
13,16,8,14
3,5,8,30
6,7,6,12
9,8,10,2
1,13,7,18
8,13,16,7
13,16,6,6
10,2,12,2
7,13,21,36
1,13,6,10
14,18,16,10
7,9,4,19
6,16,11,6
1,7,8,21
1,2,16,10
7,13,7,4
3,3,22,4
13,9,18,6
1,20,16,9
9,3,11,2
4,11,4,2
7,3,4,25
7,9,22,12
5,15,16,14
3,12,15,1
6,4,17,2
6,9,5,10
11,12,7,4
6,14,19,4
7,9,5,3
1,8,21,6
3,4,21,1
8,12,12,9
1,2,13,7
3,4,18,15
12,12,24,39
9,4,13,2
12,4,21,7
3,4,13,4
6,14,5,6
4,4,4,4
9,8,6,2
5,11,12,4
3,5,24,49
1,4,1,22
9,8,3,2
4,5,14,7
10,12,24,1
9,2,13,6
12,5,15,3
7,4,8,3
10,20,16,2
3,10,12,6
4,11,12,3
3,5,16,9
1,12,7,12
7,16,8,6
6,5,11,5
13,7,21,3
1,9,11,13
1,9,18,2
1,6,1,1
13,4,6,1
3,9,5,3
1,11,6,1
10,4,5,6
10,17,22,3
4,3,6,2
11,12,24,8
3,10,24,4
3,20,8,1
3,17,22,6
14,5,11,1
1,17,10,1
2,4,5,3
13,6,16,1
6,10,19,2
13,16,7,5
5,20,10,10
4,9,4,2
8,13,17,3
11,12,12,3
13,9,8,3
3,15,16,4
1,2,24,2
3,5,10,1
3,11,15,1
7,9,21,1
3,13,16,2
12,12,19,3
3,5,1,5
7,9,23,1
8,20,16,2
1,13,24,1
8,16,10,1
1,4,15,1
3,11,17,1
12,14,5,1
3,13,5,4
6,4,9,1
7,9,11,9
4,9,11,4
8,11,21,2
8,14,15,3
12,16,15,4
10,4,9,1
6,4,18,4
4,3,8,1
3,20,16,14
3,3,5,2
3,13,1,1
6,19,8,1
5,13,16,5
8,16,21,1
3,16,15,2
4,8,11,1
6,14,23,1
9,15,14,10
1,7,24,3
1,8,22,2
3,3,7,2
1,9,1,3
9,5,7,1
3,7,4,3
12,14,21,5
12,13,21,1
2,1,13,1
1,2,19,3
3,20,11,3
3,9,11,3
7,5,4,4
12,14,11,1
14,8,13,1
1,16,1,1
10,1,12,1
1,9,4,4
1,5,24,4
3,8,11,1
6,9,11,1
6,4,25,3
1,3,1,3
3,11,4,2
3,13,4,1
6,13,16,1
1,2,9,2
10,11,14,4
11,15,14,3
4,5,6,1
4,17,22,5
1,10,10,1
8,5,7,1
3,19,4,1
8,7,24,3
7,9,25,2
3,5,18,5
1,7,18,2
13,16,9,1
14,17,3,1
6,15,16,6
4,5,5,1
6,13,7,1
1,10,21,1
5,15,12,4
5,5,7,1
11,5,14,1
7,18,20,3
11,20,10,2
15,7,25,1
3,17,7,1
5,20,22,3
6,4,22,1
14,19,14,2
5,8,16,7
9,1,16,1
9,2,1,1
3,16,19,2
5,15,22,1
13,1,22,4
9,20,16,1
6,13,21,2
6,4,3,1
12,14,23,1
6,5,7,2
7,19,25,1
1,14,6,1
11,18,10,1
5,15,4,1
6,10,5,2
4,15,16,7
6,20,16,3
13,13,21,1
3,19,7,1
3,4,16,1
13,13,8,1
4,15,3,1
6,13,15,1
1,20,6,3
4,2,22,1
10,11,19,1
4,9,16,5
13,7,11,2
14,18,21,2
1,20,22,1
10,11,24,1
7,1,16,1
1,19,6,1
3,1,16,1
1,5,12,1
5,1,10,2
3,10,14,1
10,15,22,1
3,11,24,1
3,5,17,3
3,14,21,1
3,4,25,1
7,19,8,1
3,7,18,1
4,15,11,2
2,8,22,1
10,3,4,1
9,5,4,1
3,15,10,1
3,8,8,1
4,4,14,1
4,3,25,2
3,10,19,1
1,17,11,1
11,10,22,1
8,16,18,2
1,13,18,1
12,7,15,1
10,5,22,1
6,20,22,1
5,6,4,1
3,15,12,2
5,11,3,1
1,7,12,1
4,3,13,1
14,18,14,1
6,8,16,1
9,5,11,1
3,13,6,1
3,8,4,1
