cluster_from,cluster_to,AIH,irHepatitis,diff
7,10,-2.22451040791619,-5.667541152412,-3.44303074449581
13,17,-4.56742952295191,-1.42022541460579,3.14720410834612
8,17,-2.78871831182238,0.310711945047702,3.09943025687009
16,20,-2.94799083409978,0.140352587371729,3.0883434214715
17,8,-2.67324109440245,0.266317825689248,2.9395589200917
20,13,-0.55690676354634,2.35418532674302,2.91109209028936
12,20,-2.84369069559899,0.05604657253615,2.89973726813514
13,18,-4.27941757880768,-1.39331065857686,2.88610692023082
19,8,-1.92912368172409,0.851280326410404,2.78040400813449
18,13,-3.39971181252539,-0.656345064410652,2.74336674811474
9,9,1.05601521604125,3.79589645627194,2.73988124023069
9,16,-0.929864280486674,1.80223978597212,2.7321040664588
16,9,-0.916493517118215,1.68676256855219,2.6032560856704
7,11,-2.14642815642872,-4.66240573918587,-2.51597758275716
11,7,-2.39050147317812,-4.85505081712827,-2.46454934395015
13,19,-2.17740971943715,0.257846490506849,2.435256209944
10,20,-0.455087074160352,-2.86131742326647,-2.40623034910612
12,1,-4.43901069070978,-2.03391560663696,2.40509508407282
12,6,-3.89326532916581,-1.56012884529117,2.33313648387465
13,20,-1.33451434220989,0.939147827464173,2.27366216967407
7,15,-2.90249462825875,-5.17106459461788,-2.26856996635913
8,19,-1.71121865137995,0.551720044551496,2.26293869593145
9,10,-2.48238464036584,-4.72491989058007,-2.24253525021423
17,13,-3.98246702223075,-1.74215350949315,2.2403135127376
13,9,0.203539721144617,2.38193464567484,2.17839492453022
20,12,-1.52176260071162,0.641009073257306,2.16277167396893
12,18,-4.3012504268875,-2.14987187796472,2.15137854892279
16,13,-0.79545729184404,1.24760739438182,2.04306468622586
16,11,-2.44495290531216,-4.48190215022336,-2.0369492449112
7,6,-3.29665042563651,-5.32608696466798,-2.02943653903147
9,13,0.600732765464422,2.54420607457372,1.94347330910929
20,9,-0.326512861561903,1.61494446430344,1.94145732586535
20,5,-1.32765009351873,0.591570279725603,1.91922037324434
8,3,-2.75314364662522,-0.838174455656244,1.91496919096897
17,14,-4.01383794531534,-2.11861005767217,1.89522788764317
7,1,-3.23456825067067,-5.09035662656024,-1.85578837588956
10,7,-2.72794302314075,-4.57443174802052,-1.84648872487977
20,16,-2.70006332065619,-0.859647412628272,1.84041590802792
14,17,-4.75080353948155,-2.92596497972977,1.82483855975178
13,16,-0.893194093539838,0.902471908333129,1.79566600187297
19,13,-1.39605000591249,0.345309331757189,1.74135933766968
14,1,-5.66224779841333,-3.93053531263644,1.73171248577689
6,14,-4.2795797544106,-2.58243289003467,1.69714686437593
10,16,-2.70665162547606,-4.38952860101085,-1.6828769755348
7,18,-3.05346596771921,-4.71395910112479,-1.66049313340558
13,1,-4.8497995951066,-3.20101080462353,1.64878879048307
18,14,-3.53231310873719,-5.17573970927033,-1.64342660053314
16,10,-2.90828548664571,-4.5415316944559,-1.6332462078102
3,8,-2.94617985783309,-1.35987206291938,1.58630779491371
13,13,1.26860916097776,2.84811299180208,1.57950383082431
1,21,0,-1.55693748865483,-1.55693748865483
21,1,0,-1.55693748865483,-1.55693748865483
7,7,0.764789225821994,2.31524758328345,1.55045835746146
15,12,-2.77631903479949,-1.23439557794574,1.54192345685375
19,10,-1.07773873517601,-2.58936399380646,-1.51162525863045
13,6,-4.873969340811,-3.36253025023144,1.51143909057956
15,21,0,1.5062253908988,1.5062253908988
8,2,-2.05946659887254,-0.558158258960256,1.50130833991228
10,21,0,-1.48052896584908,-1.48052896584908
6,7,-3.25712206144988,-4.72744952704975,-1.47032746559987
9,11,-2.36261924279188,-3.82720649245947,-1.46458724966759
16,19,-1.53094113140808,-0.0675545716649198,1.46338655974316
8,8,2.27444113934303,3.72698304534216,1.45254190599913
14,10,-2.56899593405923,-3.99033403954155,-1.42133810548232
4,21,0,-1.42015218232198,-1.42015218232198
15,7,-2.83778893887093,-4.25352675480985,-1.41573781593891
12,15,-3.77631903479949,-2.37189910169568,1.40441993310381
17,18,-0.218953965938966,-1.58781232420338,-1.36885835826441
12,17,-4.17168184100147,-2.81747510264349,1.35420673835798
6,13,-3.55876710911195,-2.20498897324496,1.35377813586699
2,8,-2.06665612392193,-0.713436484438167,1.35321963948376
1,20,-0.0170840787338981,-1.37024416726821,-1.35316008853431
2,7,-1.11195133604591,0.235381764326974,1.34733310037288
11,16,-2.65353952712357,-3.99647532305312,-1.34293579592954
9,12,-1.04513724687523,-2.38621262728078,-1.34107538040555
17,5,-2.03406919462164,-0.694625235510675,1.33944395911097
16,2,-1.49157126776562,-0.153736076102408,1.33783519166321
13,2,-2.09875179383466,-0.762422377401956,1.3363294164327
9,7,-0.756761417425632,0.578595612102667,1.3353570295283
1,7,-2.74637763905195,-4.07857945878388,-1.33220181973193
6,18,0.236174513746542,-1.07272049102438,-1.30889500477092
16,16,1.64710839341034,2.95494855943055,1.30784016602021
1,12,-2.4318862562764,-1.1449469190257,1.28693933725069
8,18,-3.67533835787833,-2.39355699765886,1.28178136021947
18,6,0.208562282538682,-1.07272049102438,-1.28128277356306
19,1,-1.12067324053948,-2.38424518212999,-1.26357194159051
11,2,-0.891390150409375,-2.14491282098372,-1.25352267057434
19,15,-0.655725189405478,-1.8909796359169,-1.23525444651142
9,15,-2.87420121491066,-4.09831820398784,-1.22411698907719
19,14,-1.41481853595749,-0.198044525166573,1.21677401079092
2,13,-1.53980252981333,-0.324301265010071,1.21550126480326
16,7,0.508439291603517,1.71408156218389,1.20564227058037
11,11,0.414032310154835,-0.790497151076049,-1.20452946123088
6,15,0.211641712773688,-0.986737010435627,-1.19837872320932
2,21,0,-1.19538943531022,-1.19538943531022
13,7,-1.198746324959,-0.0125249628199,1.1862213621391
1,14,-3.73380105943836,-2.54759144306745,1.18620961637091
19,5,-1.1616290207658,0.022644557314612,1.18427357808042
19,7,-1.25518458496318,-0.0715538633436961,1.18363072161949
6,12,-2.00197158860831,-0.823163251124962,1.17880833748335
7,2,-1.07185924124203,0.0974322071708306,1.16929144841286
2,20,-1.3035408310869,-2.46342168749477,-1.15988085640788
20,11,-0.954728753631691,-2.1132181943159,-1.1584894406842
7,16,0.717253306439424,1.86828221133319,1.15102890489376
17,19,-0.424607940337358,0.717851379758381,1.14245932009574
20,18,-0.85057116307077,0.286489783836692,1.13706094690746
8,10,-1.64862399820683,-2.76946025442967,-1.12083625622284
18,16,-4.01290011368354,-2.89373982043159,1.11916029325195
2,16,-1.24401204244108,-0.132674460574579,1.1113375818665
19,2,-0.738063292324763,0.367189342255613,1.10525263458038
5,19,-1.69845500044269,-0.599988361372599,1.09846663907009
19,6,-1.27943419345293,-2.3752457519396,-1.09581155848667
18,15,0.20056899889722,-0.892732704790698,-1.09330170368792
16,15,-3.80654507988909,-4.89978934648325,-1.09324426659416
14,6,-4.78208009493978,-3.70126911954452,1.08081097539526
4,20,-1.85458398732326,-0.779570891213213,1.07501309611004
9,2,-1.21372505206309,-0.143554308085942,1.07017074397715
12,12,1.53482482720556,0.465847555135404,-1.06897727207015
6,6,0.639111775359806,-0.428294467658376,-1.06740624301818
7,19,-1.36079477292378,-0.293946284680144,1.06684848824364
5,3,-1.28097037991032,-0.219968668226903,1.06100171168342
12,3,-2.92107267134595,-1.86623500401037,1.05483766733558
1,15,0.217216657234555,-0.83562126302429,-1.05283792025885
7,20,-2.04315524015258,-0.990390646459578,1.052764593693
16,17,-3.29010802296289,-2.23747957310723,1.05262844985566
10,10,0.957586231931356,-0.0848774609894864,-1.04246369292084
1,6,0.439576894269569,-0.602118264050022,-1.04169515831959
6,17,-0.0547942251900314,-1.09513783274687,-1.04034360755684
19,9,-0.986094753736093,0.0536115124384991,1.03970626617459
15,14,-4.16335736966948,-3.12909173030132,1.03426563936816
17,10,-0.588163555992551,-1.6210728535338,-1.03290929754125
15,16,-3.45507270938771,-4.4847518472044,-1.02967913781669
6,19,-0.983978309926759,-2.01267567255489,-1.02869736262814
10,17,-0.597501420571887,-1.6210728535338,-1.02357143296191
2,11,-0.482925305054017,-1.50230266126275,-1.01937735620873
7,13,-0.65158585695023,0.354684011368329,1.00626986831856
7,9,-0.674957992024744,0.330668098659082,1.00562609068383
1,1,0.48776893954867,-0.515892977993525,-1.00366191754219
12,11,-2.31660929950209,-1.31476435186591,1.00184494763618
5,17,-2.34937434731527,-1.36781491924357,0.981559428071704
11,21,0,-0.963802440990452,-0.963802440990452
21,11,0,-0.963802440990452,-0.963802440990452
17,1,-0.0752717238486221,-1.03847034528826,-0.963198621439635
18,12,-2.61319443320224,-1.6523722184939,0.960822214708344
6,1,0.334262728183433,-0.622896493799429,-0.957159221982862
10,15,-0.361594616708681,-1.31620741275026,-0.954612796041582
17,12,-2.54875149008129,-1.59508268130705,0.953668808774246
20,20,1.91658505701275,0.965118312694269,-0.951466744318485
6,10,0.489024292655959,-0.460298923258342,-0.9493232159143
15,9,-2.87420121491066,-1.92839320254553,0.945808012365126
1,17,0.266750978132,-0.6776532370073,-0.9444042151393
17,6,-0.176139046187282,-1.11959087647141,-0.943451830284124
18,10,-0.137028518204239,-1.07944762060203,-0.942419102397787
14,20,-1.83654917220471,-0.898003068920158,0.93854610328455
1,13,-3.25561856435607,-2.32349481114853,0.932123753207537
11,3,-0.733171747695612,-1.65445808992925,-0.921286342233643
3,16,-1.89632606713137,-0.977413866007328,0.918912201124047
20,6,-0.655710780740275,0.257543282802581,0.913254063542856
9,14,-0.51813313148833,0.390692303733898,0.908825435222228
17,2,-0.724835253828587,0.176141049247546,0.900976303076133
5,2,-1.4492193299118,-0.554481786051383,0.894737543860412
17,9,-2.83731755003294,-1.9463884875615,0.890929062471439
19,16,-1.32037414546842,-0.430124651049628,0.890249494418795
7,21,0,-0.88717892617457,-0.88717892617457
21,7,0,-0.88717892617457,-0.88717892617457
3,5,-1.08536522044478,-0.202460018372161,0.882905202072623
2,19,-0.701994037617241,0.176141049247546,0.878135086864787
15,4,-1.7434523033448,-0.884525142182145,0.858927161162656
12,21,0,-0.858853025679504,-0.858853025679504
4,11,-0.594884510870736,-1.44625146241697,-0.851366951546235
14,11,-2.60206818380595,-3.45042757906841,-0.848359395262461
1,18,0.325758891665559,-0.51713749181133,-0.842896383476888
14,21,0,-0.831175324441218,-0.831175324441218
21,14,0,-0.831175324441218,-0.831175324441218
16,3,-1.88847820530869,-1.05803232621561,0.830445879093077
10,19,-1.53025093987352,-2.3580384477,-0.827787507826483
11,19,-1.21368811772972,-2.03848618407656,-0.824798066346844
9,19,-1.4426515224532,-0.624460392674138,0.818191129779066
18,7,-3.16309045889371,-3.97699350695858,-0.813903048064878
16,5,-0.653157270079264,0.147732766810067,0.800890036889331
2,5,-0.959175475360025,-0.160897396438857,0.798278078921169
17,21,0,0.794195117948162,0.794195117948162
18,1,0.242289244314131,-0.549768496051296,-0.792057740365427
20,14,-1.67900789521823,-0.898003068920158,0.78100482629807
11,4,-0.532743335829414,-1.3100914387246,-0.777348102895187
17,15,-0.0267756076974176,-0.803516794666559,-0.776741186969141
18,18,1.62428518338125,2.39137075672945,0.767085573348202
10,6,0.192782841432246,-0.571867152304153,-0.764649993736399
1,10,0.0162810077383851,-0.742620860337579,-0.758901868075964
9,5,-0.678295254858892,0.0802451407886879,0.75854039564758
7,5,-0.414762325364598,0.342304736419885,0.757067061784482
2,2,-0.445972536837006,0.308616514479279,0.754589051316285
3,11,-0.721739872975311,-1.46412687782511,-0.742387004849795
16,1,-4.50754249694493,-5.24806073696288,-0.740518240017942
20,4,-1.50766151296902,-0.779570891213213,0.72809062175581
15,5,-1.39980012774245,-0.675142101650919,0.724658026091529
19,11,-0.961501094132914,-1.68484922946186,-0.723348135328945
20,3,-1.07665794493661,-0.35884316067358,0.717814784263032
15,1,-0.184360256984898,-0.887781039236508,-0.70342078225161
8,7,-1.66974930379254,-0.968793610968759,0.700955692823784
2,14,-1.31518617835693,-0.628912110493819,0.68627406786311
19,18,0.0921679333009965,-0.587812324203378,-0.679980257504374
8,5,-0.504715168832004,0.173496492750909,0.678211661582912
15,6,-0.202750429732645,-0.879334272284944,-0.676583842552299
13,15,-4.0535111057477,-3.37810785341706,0.675403252330639
5,18,-2.64554398981342,-1.97045471173264,0.675089278080787
3,10,-1.58855073310253,-2.25769211421967,-0.669141381117134
2,15,-1.05894376911446,-1.72296552261595,-0.664021753501489
20,1,-0.516437863946217,-1.17759908932581,-0.661161225379596
3,18,-1.36567690023057,-2.0253809386435,-0.659704038412926
5,10,-1.66281213524477,-2.3146337790897,-0.651821643844929
13,8,-1.64801952523747,-0.99693422296895,0.651085302268515
9,3,-1.22480952699491,-0.577622158255049,0.647187368739857
14,9,-0.692438618727792,-0.0454068110727752,0.647031807655017
8,6,-3.24526220039865,-2.60070031376997,0.64456188662868
11,14,-2.33903377797216,-2.98330156864111,-0.644267790668957
14,2,-2.08949616691991,-1.44625880420858,0.643237362711322
20,19,-1.25996263610206,-0.61979202145714,0.640170614644917
19,3,-0.636538559552395,-0.00818578464457361,0.628352774907822
2,10,-1.49998049438923,-2.12660141488437,-0.626620920495143
3,1,-1.35710989969348,-1.97941645481955,-0.622306555126072
5,7,-0.91033527795167,-0.293438807567521,0.616896470384149
8,20,-0.500112569785255,-1.11616669631311,-0.616054126527856
5,5,-0.186698743289895,0.425095847887592,0.611794591177487
3,6,-1.48196228125938,-2.09251705904658,-0.610554777787204
17,16,-3.25768654527051,-2.65251707238608,0.605169472884436
4,17,-2.52805976498566,-1.9309437175429,0.597116047442758
5,13,-0.869150460097232,-0.274775763187478,0.594374696909754
3,14,-2.21863638545022,-1.6311935115458,0.587442873904419
3,9,-1.40122157808095,-0.815781895449813,0.585439682631136
8,16,-1.57957232166136,-0.995224286044127,0.584348035617229
1,4,-1.50037612978304,-0.921626364143524,0.578749765639516
11,17,-1.17148283601257,-1.74897956688157,-0.577496730869008
15,17,-0.184496469552604,-0.761696618971932,-0.577200149419328
12,2,-2.40513487187996,-1.83050625177806,0.574628620101895
5,9,-0.99478263289874,-0.420183849720801,0.57459878317794
3,19,-0.846933447789251,-0.273646927872907,0.573286519916343
9,8,-1.39478863569416,-1.96313004013546,-0.568341404441309
17,11,-0.598904059747242,-1.16401706616042,-0.565113006413176
19,19,1.56912202977209,2.13288887903722,0.563766849265133
14,12,-0.213484462616397,-0.775095398108851,-0.561610935492455
5,20,-1.84765715239912,-2.4084297202744,-0.560772567875278
13,3,-2.51592912023734,-1.97570178718707,0.540227333050275
11,5,-1.56974318446087,-2.10904339312017,-0.539300208659308
3,3,-0.0486541671550881,0.489764137585894,0.538418304740982
5,16,-0.817657672599415,-0.279377564769352,0.538280107830063
11,9,-2.55222172901066,-3.09024089829326,-0.538019169282607
1,19,-0.888889768690122,-1.42488716662733,-0.53599739793721
2,9,-0.983488971000687,-0.451676603448274,0.531812367552413
6,4,-1.58357339644434,-1.05909735511794,0.524476041326396
13,5,-0.851109904537019,-0.327887099647041,0.523222804889978
21,10,0,0.519471034150921,0.519471034150921
21,6,0,-0.519150558855769,-0.519150558855769
14,4,-0.469396525844333,0.0483360005372149,0.517732526381548
17,3,-0.678303882227318,-0.16153656155137,0.516767320675948
3,13,-2.24029467762391,-1.72777427374348,0.512520403880433
12,16,-1.02731796195982,-1.53731747077129,-0.509999508811478
17,4,-2.03082611363598,-1.52655346246356,0.504272651172411
20,15,-0.370471097225449,-0.872057853743048,-0.501586756517599
7,8,-1.75276989056044,-1.25172757424026,0.501042316320183
1,8,-2.76021063494792,-2.26431303631053,0.49589759863739
18,20,-0.220520772821076,-0.713510216163308,-0.492989443342232
6,3,-0.888342347540676,-1.37494933749163,-0.486606989950956
9,4,-1.00059222866138,-0.515452600725651,0.485139627935727
1,3,-0.675217548678226,-1.16028960671773,-0.485072058039508
19,12,-1.81916250632221,-1.34354391431108,0.475618592011128
18,9,-2.643140768059,-2.16950221414144,0.473638553917556
10,11,-0.919607845888426,-0.44610444655186,0.473503399336566
10,8,-2.14102038019192,-2.61418202895176,-0.473161648759842
15,3,-0.0920107582291646,0.376310152954719,0.468320911183884
8,4,-1.30219740824711,-0.839368812844326,0.462828595402782
12,13,0.355909355747411,-0.105372431063868,-0.461281786811278
4,14,-0.415007396306988,0.0462034132444025,0.461210809551391
4,1,-2.42091869108369,-1.96082142694462,0.460097264139068
2,1,-1.55066837776497,-2.01065290041561,-0.459984522650639
18,3,-0.763955881248051,-1.22392661802558,-0.45997073677753
14,13,-0.325557871846586,0.131198442451752,0.456756314298338
8,15,-2.45850592416648,-2.91192761399951,-0.453421689833027
8,9,-1.24086323011808,-0.793205038693152,0.447658191424925
15,13,-3.82524211807459,-3.37810785341706,0.447134264657521
16,6,-4.22679764275067,-3.78275438699808,0.44404325575259
17,7,-2.58586992845451,-2.14194319123509,0.443926737219414
11,15,-0.972696298231199,-1.41494681864091,-0.442250520409708
5,8,-0.872579547886225,-0.43330180921072,0.439277738675505
15,20,-0.433664923712643,-0.872057853743048,-0.438392930030405
19,17,-0.412329610558922,0.0259736751207131,0.438303285679635
2,3,-0.557911018765516,-0.121158161251014,0.436752857514502
12,14,-0.459734284154627,-0.896401694330985,-0.436667410176358
14,3,-2.45567558275107,-2.01935530483325,0.436320277917819
6,20,-0.410234746290786,-0.841992390748333,-0.431757644457547
3,2,-0.771044485495636,-0.34119772252659,0.429846762969046
5,21,0,0.427186695220063,0.427186695220063
10,1,-0.410575007354042,-0.835399535722708,-0.424824528368667
11,20,-1.6916943477979,-2.1132181943159,-0.421523846517998
21,4,0,-0.420152182321982,-0.420152182321982
20,2,-1.04513787398475,-1.46342168749477,-0.418283813510027
15,10,-0.512660590899678,-0.930423718446534,-0.417763127546856
4,6,-2.29112250263381,-1.87488991018167,0.416232592452134
8,21,0,-0.415357655458204,-0.415357655458204
21,8,0,-0.415357655458204,-0.415357655458204
11,18,-0.999844625782665,-1.41447357659704,-0.41462895081438
14,15,-4.92889211603246,-4.51611485341057,0.412777262621888
6,9,-3.07190827579697,-2.65978406511762,0.412124210679348
4,9,-1.19883276949729,-0.789627564164645,0.409205205332648
21,2,0,0.389573065410941,0.389573065410941
18,17,0.0641548800578681,-0.324777918369584,-0.388932798427452
13,4,-0.936329198548139,-0.551991911188764,0.384337287359374
10,4,-1.67819012364421,-1.29647001103768,0.381720112606532
20,10,-0.899871916833248,-1.27635492254532,-0.376483005712068
8,13,-1.00521294994403,-0.634364143584242,0.370848806359784
1,2,-1.03965226156274,-1.40556369984254,-0.365911438279795
16,8,-1.77093784737718,-1.41026178532297,0.360676062054208
2,17,-0.811171429624642,-0.454213354287625,0.356958075337018
2,6,-1.72348070064758,-2.07469000275981,-0.351209302112229
3,21,0,-0.348392029920763,-0.348392029920763
6,8,-2.85507988980608,-2.50858211178153,0.346497778024543
12,19,-2.86807210680316,-2.52796848544851,0.340103621354647
10,18,-0.625915047370348,-0.955458903326573,-0.329543855956225
16,4,-0.733740631933949,-0.407242537413702,0.326498094520247
7,3,-1.39894622193619,-1.07314409886531,0.325802123070881
18,4,-1.5728573201577,-1.24784873759205,0.325008582565652
8,11,-2.91743219936181,-3.23197551489684,-0.31454331553503
4,13,-0.892317098268017,-0.583356082098099,0.308961016169917
16,12,-0.368354879794884,-0.674820994521229,-0.306466114726345
1,9,-2.49666604229153,-2.19158969786185,0.305076344429678
16,21,0,-0.30187014759404,-0.30187014759404
21,16,0,-0.30187014759404,-0.30187014759404
2,12,-1.37153890260835,-1.07417533274492,0.297363569863429
5,11,-1.56002802962765,-1.85665623148589,-0.296628201858235
16,14,-0.12843276206751,0.166563462852244,0.294996224919753
11,10,-1.04028932831089,-1.33524385720229,-0.294954528891405
3,17,-1.04566040465237,-0.753256428447835,0.292403976204532
17,17,0.892931155091328,1.18351495210719,0.290583797015865
10,3,-1.45390120640775,-1.73716148609351,-0.283260279685758
15,15,0.600481225859704,0.318747899237317,-0.281733326622386
11,13,-2.97746500674916,-2.69577743225599,0.281687574493179
3,12,-2.05450365875458,-1.77730127559008,0.277202383164499
5,14,-0.80974070382771,-0.535277823726839,0.274462880100871
7,4,-0.580072620461162,-0.311912314273624,0.268160306187538
13,12,0.43626275271444,0.169249949045138,-0.267012803669302
12,4,-1.10017966200687,-0.835822673585689,0.264356988421183
11,1,-0.901821877649216,-1.16193275416889,-0.260110876519678
11,8,-3.76987501094795,-3.51208343408957,0.257791576858376
14,16,-0.473261259064951,-0.216156316153872,0.257104942911079
6,11,-0.477539131470747,-0.223762870197649,0.253776261273098
19,20,-0.864033959770917,-0.61979202145714,0.244241938313778
18,21,0,-0.24220232634034,-0.24220232634034
21,18,0,-0.24220232634034,-0.24220232634034
7,14,-0.0771017563659035,0.162699927956638,0.239801684322541
10,5,-1.52263447719651,-1.76032149120873,-0.237687014012217
18,2,-1.19858462411698,-1.4358840483795,-0.237299424262527
21,3,0,0.236570470800393,0.236570470800393
20,17,-0.856136464202197,-0.61979202145714,0.236344442745058
6,2,-1.36091062126288,-1.59211717264472,-0.231206551381848
5,12,-0.539859089675515,-0.763177451008994,-0.223318361333479
14,19,-1.75585545379256,-1.53364755695101,0.222207896841546
4,12,-0.650847510979249,-0.870128795623009,-0.21928128464376
13,21,0,-0.215766468517598,-0.215766468517598
21,13,0,-0.215766468517598,-0.215766468517598
19,21,0,-0.205804882051838,-0.205804882051838
21,17,0,-0.205804882051838,-0.205804882051838
21,19,0,-0.205804882051838,-0.205804882051838
12,10,-0.836715255548126,-0.63253559514408,0.204179660404046
12,8,-1.37294428927771,-1.57310590791124,-0.200161618633528
4,3,-1.30374657104669,-1.10403704345086,0.199709527595822
10,2,-1.64505586724321,-1.83659996145031,-0.1915440942071
20,7,-1.80029871625642,-1.99039064645958,-0.19009193020316
11,12,-1.88051018469541,-1.69327597511964,0.187234209575777
8,12,-0.517139015626609,-0.704350441189495,-0.187211425562887
9,17,-2.76136869679964,-2.9463884875615,-0.18501979076186
14,7,-0.64218962161211,-0.457595645876799,0.18459397573531
21,15,0,0.184297296011436,0.184297296011436
4,4,0.0894610938244109,-0.0945582818690928,-0.184019375693504
3,15,-0.440120902942343,-0.621805202700338,-0.181684299757995
12,7,-1.46431453687542,-1.64429969872769,-0.17998516185227
18,8,-3.15450619457689,-2.97851949838001,0.175986696196873
10,9,-3.02427841919511,-2.85045077266393,0.173827646531182
15,8,-3.17310370530423,-2.99939045524985,0.173713250054386
15,18,-0.140467918937847,-0.307770204069542,-0.167302285131694
9,18,-3.33280064744685,-3.16950221414144,0.163298433305406
16,18,-4.31775469521196,-4.47870232115275,-0.160947625940789
21,5,0,-0.157775805501093,-0.157775805501093
8,1,-2.98080977446132,-2.82821392150386,0.15259585295746
4,10,-1.92104664754038,-2.06601781990728,-0.144971172366904
7,17,-2.73342711686837,-2.58940216820632,0.14402494866205
10,12,-0.106322315305406,-0.250023999386684,-0.143701684081278
21,12,0,0.141146974320497,0.141146974320497
8,14,-0.87038971657797,-0.730912683805707,0.139477032772262
4,15,-2.08317946617308,-1.94411393847195,0.139065527701135
13,10,-2.24030910080493,-2.37835016160242,-0.138041060797491
18,11,-0.0946228505347645,-0.230049005459617,-0.135426154924852
1,16,-3.63022501671976,-3.76263390979263,-0.132408893072872
12,9,-2.15183863900315,-2.02364254789607,0.128196091107073
4,2,-1.23203472992454,-1.3602054389807,-0.128170709056163
10,14,-2.60747008187386,-2.73552014051272,-0.128050058638859
12,5,-0.866156784190641,-0.989637241943633,-0.123480457752992
4,8,-1.62626124747846,-1.50463294165634,0.121628305822118
4,5,-0.85890642955892,-0.73778397185464,0.121122457704279
9,21,0,-0.120886545288427,-0.120886545288427
21,9,0,-0.120886545288427,-0.120886545288427
15,11,-0.349499579022568,-0.230946631986872,0.118552947035696
1,11,-0.22122777776675,-0.110110158528898,0.111117619237852
5,4,-0.819852166023287,-0.710127628951775,0.109724537071511
18,5,-1.64984412724705,-1.54303348799796,0.106810639249089
17,20,-0.726075923637824,-0.61979202145714,0.106283902180685
6,16,-4.02649899226484,-4.13067769041839,-0.104178698153548
6,21,0,-0.104113059576925,-0.104113059576925
4,7,-1.049508821651,-0.94794899958905,0.101559822061946
3,4,-1.10173864780998,-1.00259177989132,0.099146867918658
9,20,-0.287199937537077,-0.385055535696558,-0.0978555981594806
4,18,-2.31680934464002,-2.41223555549293,-0.0954262108529167
10,13,-2.04766402286253,-2.14131096430157,-0.0936469414390384
3,7,-1.77838235341821,-1.69073760382643,0.0876447495917858
19,4,-0.961762330680112,-1.04112663529332,-0.0793643046132107
14,18,-4.66981663248712,-4.59077720854917,0.0790394239379504
5,1,-2.74879740748925,-2.82476425791213,-0.0759668504228812
13,11,-3.03460891385277,-2.95881183808978,0.0757970757629938
15,2,-0.991056010212784,-0.930906787654856,0.0601492225579281
5,6,-2.57345660472315,-2.51858076585845,0.0548758388646968
20,8,-1.06609196713884,-1.11616669631311,-0.0500747291742725
13,14,-0.334679261815134,-0.383374730378006,-0.0486954685628722
6,5,-1.76475525695803,-1.72112930110108,0.0436259558569498
9,1,-2.93152498248311,-2.88819755441191,0.0433274280712008
2,18,-1.68588386561999,-1.72539066557449,-0.0395067999544998
2,4,-0.778114880427201,-0.741454624803259,0.036660255623942
5,15,-2.04025774105531,-2.00444972690388,0.0358080141514296
15,19,-0.686752085026102,-0.721054634474586,-0.0343025494484834
4,16,-0.829611540497568,-0.861808400879184,-0.0321968603816156
14,5,-0.827466872724083,-0.796575089024575,0.0308917836995083
7,12,-0.634239538317733,-0.657355851553137,-0.0231163132354043
9,6,-3.50449397628666,-3.48290630303354,0.0215876732531179
11,6,-1.13121438227592,-1.11332758964588,0.0178867926300326
1,5,-1.72292209106453,-1.73909966568181,-0.0161775746172768
4,19,-1.60533138839281,-1.59214180409114,0.0131895843016694
14,14,2.41555990254546,2.40262193352198,-0.0129379690234805
20,21,0,-0.010052551282956,-0.010052551282956
21,20,0,-0.010052551282956,-0.010052551282956
18,19,0.333176032804791,0.338187094352846,0.0050110615480542
3,20,-1.68529944212728,-1.68077125556094,0.00452818656633602
21,21,0,-0.00287931208164041,-0.00287931208164041
14,8,-1.4192829625916,-1.4199835878676,-0.000700625275998679
