sample,x0,y0,n_hep,n_cd4,hep_with_cd4,cd4_with_hep,cd4_at_interface_frac,contact_frac
18321_a,648.784637451172,-2974.14233398438,162,34,4,3,0.0882352941176471,0.0246913580246914
18321_a,648.784637451172,-2924.14233398438,155,43,5,4,0.0930232558139535,0.032258064516129
18321_a,648.784637451172,-2874.14233398438,142,43,6,5,0.116279069767442,0.0422535211267606
18321_a,648.784637451172,-2824.14233398438,125,42,5,4,0.0952380952380952,0.04
18321_a,648.784637451172,-2774.14233398438,142,38,4,3,0.0789473684210526,0.028169014084507
18321_a,698.784637451172,-2974.14233398438,165,44,5,4,0.0909090909090909,0.0303030303030303
18321_a,698.784637451172,-2924.14233398438,146,63,6,5,0.0793650793650794,0.0410958904109589
18321_a,698.784637451172,-2874.14233398438,136,63,10,9,0.142857142857143,0.0735294117647059
18321_a,698.784637451172,-2824.14233398438,118,63,10,9,0.142857142857143,0.0847457627118644
18321_a,698.784637451172,-2774.14233398438,135,57,7,6,0.105263157894737,0.0518518518518519
18321_a,748.784637451172,-2974.14233398438,168,43,5,3,0.0697674418604651,0.0297619047619048
18321_a,748.784637451172,-2924.14233398438,135,63,7,5,0.0793650793650794,0.0518518518518519
18321_a,748.784637451172,-2874.14233398438,131,63,12,10,0.158730158730159,0.0916030534351145
18321_a,748.784637451172,-2824.14233398438,121,63,12,10,0.158730158730159,0.0991735537190083
18321_a,748.784637451172,-2774.14233398438,139,58,9,8,0.137931034482759,0.0647482014388489
18321_a,798.784637451172,-2974.14233398438,152,43,3,2,0.0465116279069768,0.0197368421052632
18321_a,798.784637451172,-2924.14233398438,121,63,5,4,0.0634920634920635,0.0413223140495868
18321_a,798.784637451172,-2874.14233398438,122,63,10,9,0.142857142857143,0.0819672131147541
18321_a,798.784637451172,-2824.14233398438,118,63,10,9,0.142857142857143,0.0847457627118644
18321_a,798.784637451172,-2774.14233398438,136,58,7,7,0.120689655172414,0.0514705882352941
18321_a,848.784637451172,-2974.14233398438,138,33,3,2,0.0606060606060606,0.0217391304347826
18321_a,848.784637451172,-2924.14233398438,118,50,4,3,0.06,0.0338983050847458
18321_a,848.784637451172,-2874.14233398438,124,50,9,8,0.16,0.0725806451612903
18321_a,848.784637451172,-2824.14233398438,131,50,9,8,0.16,0.0687022900763359
18321_a,848.784637451172,-2774.14233398438,145,45,6,6,0.133333333333333,0.0413793103448276
18321_a,1198.78463745117,-2524.14233398438,199,41,10,14,0.341463414634146,0.050251256281407
18321_a,1198.78463745117,-2474.14233398438,189,65,11,17,0.261538461538462,0.0582010582010582
18321_a,1198.78463745117,-2424.14233398438,172,69,13,18,0.260869565217391,0.0755813953488372
18321_a,1198.78463745117,-2374.14233398438,144,70,12,18,0.257142857142857,0.0833333333333333
18321_a,1198.78463745117,-2324.14233398438,118,52,7,9,0.173076923076923,0.0593220338983051
18321_a,1248.78463745117,-2574.14233398438,191,43,15,13,0.302325581395349,0.0785340314136126
18321_a,1248.78463745117,-2524.14233398438,176,89,12,16,0.179775280898876,0.0681818181818182
18321_a,1248.78463745117,-2474.14233398438,157,133,13,19,0.142857142857143,0.0828025477707006
18321_a,1248.78463745117,-2424.14233398438,136,162,15,20,0.123456790123457,0.110294117647059
18321_a,1248.78463745117,-2374.14233398438,113,173,13,22,0.127167630057803,0.115044247787611
18321_a,1248.78463745117,-2324.14233398438,97,134,9,14,0.104477611940299,0.0927835051546392
18321_a,1248.78463745117,-2274.14233398438,76,87,7,9,0.103448275862069,0.0921052631578947
18321_a,1298.78463745117,-2574.14233398438,161,59,15,15,0.254237288135593,0.093167701863354
18321_a,1298.78463745117,-2524.14233398438,144,123,12,18,0.146341463414634,0.0833333333333333
18321_a,1298.78463745117,-2474.14233398438,123,187,10,20,0.106951871657754,0.0813008130081301
18321_a,1298.78463745117,-2424.14233398438,101,228,10,20,0.087719298245614,0.099009900990099
18321_a,1298.78463745117,-2374.14233398438,81,254,9,21,0.0826771653543307,0.111111111111111
18321_a,1298.78463745117,-2324.14233398438,73,209,9,14,0.0669856459330144,0.123287671232877
18321_a,1298.78463745117,-2274.14233398438,62,145,7,9,0.0620689655172414,0.112903225806452
18321_a,1348.78463745117,-2574.14233398438,124,62,20,21,0.338709677419355,0.161290322580645
18321_a,1348.78463745117,-2524.14233398438,108,127,18,25,0.196850393700787,0.166666666666667
18321_a,1348.78463745117,-2474.14233398438,85,202,16,27,0.133663366336634,0.188235294117647
18321_a,1348.78463745117,-2424.14233398438,67,252,16,27,0.107142857142857,0.238805970149254
18321_a,1398.78463745117,-2574.14233398438,118,60,20,20,0.333333333333333,0.169491525423729
18321_a,1398.78463745117,-2524.14233398438,101,123,16,20,0.16260162601626,0.158415841584158
18321_a,1398.78463745117,-2474.14233398438,79,197,17,22,0.111675126903553,0.215189873417722
18321_a,1448.78463745117,-2574.14233398438,123,45,18,12,0.266666666666667,0.146341463414634
18321_a,1448.78463745117,-2524.14233398438,116,87,14,12,0.137931034482759,0.120689655172414
18321_a,1448.78463745117,-2474.14233398438,106,140,15,14,0.1,0.141509433962264
18321_a,1448.78463745117,-2424.14233398438,91,187,13,13,0.0695187165775401,0.142857142857143
18321_a,1448.78463745117,-2374.14233398438,63,228,9,10,0.043859649122807,0.142857142857143
18321_a,1498.78463745117,-2524.14233398438,144,41,19,12,0.292682926829268,0.131944444444444
18321_a,1498.78463745117,-2474.14233398438,145,72,12,12,0.166666666666667,0.0827586206896552
18321_a,1498.78463745117,-2424.14233398438,125,94,11,11,0.117021276595745,0.088
18321_a,1498.78463745117,-2374.14233398438,87,126,9,10,0.0793650793650794,0.103448275862069
18321_a,1498.78463745117,-2324.14233398438,61,133,6,5,0.037593984962406,0.0983606557377049
18321_a,1498.78463745117,-2224.14233398438,60,90,10,4,0.0444444444444444,0.166666666666667
18321_a,1498.78463745117,-2174.14233398438,68,64,10,4,0.0625,0.147058823529412
18321_a,1498.78463745117,-2124.14233398438,67,30,9,3,0.1,0.134328358208955
18321_a,1548.78463745117,-2374.14233398438,129,46,12,9,0.195652173913043,0.0930232558139535
18321_a,1548.78463745117,-2324.14233398438,100,59,9,6,0.101694915254237,0.09
18321_a,1548.78463745117,-2274.14233398438,95,66,9,6,0.0909090909090909,0.0947368421052632
18321_a,1548.78463745117,-2224.14233398438,99,55,13,5,0.0909090909090909,0.131313131313131
18321_a,1548.78463745117,-2174.14233398438,105,45,13,5,0.111111111111111,0.123809523809524
18321_a,1598.78463745117,-2274.14233398438,128,33,8,4,0.121212121212121,0.0625
18321_a,1598.78463745117,-2224.14233398438,127,33,12,4,0.121212121212121,0.0944881889763779
18321_a,1598.78463745117,-2174.14233398438,137,32,12,4,0.125,0.0875912408759124
18321_a,2148.78463745117,-2274.14233398438,163,31,19,11,0.354838709677419,0.116564417177914
18321_a,2148.78463745117,-2224.14233398438,156,31,19,11,0.354838709677419,0.121794871794872
18321_a,2198.78463745117,-2374.14233398438,116,45,10,7,0.155555555555556,0.0862068965517242
18321_a,2198.78463745117,-2324.14233398438,148,54,20,16,0.296296296296296,0.135135135135135
18321_a,2198.78463745117,-2274.14233398438,158,55,26,17,0.309090909090909,0.164556962025316
18321_a,2198.78463745117,-2224.14233398438,163,55,26,17,0.309090909090909,0.159509202453988
18321_a,2198.78463745117,-2174.14233398438,166,48,18,12,0.25,0.108433734939759
18321_a,2248.78463745117,-2374.14233398438,79,59,15,9,0.152542372881356,0.189873417721519
18321_a,2248.78463745117,-2324.14233398438,111,79,25,18,0.227848101265823,0.225225225225225
18321_a,2248.78463745117,-2274.14233398438,135,81,32,20,0.246913580246914,0.237037037037037
18321_a,2248.78463745117,-2224.14233398438,154,81,32,20,0.246913580246914,0.207792207792208
18321_a,2248.78463745117,-2174.14233398438,157,68,19,13,0.191176470588235,0.121019108280255
18321_a,2298.78463745117,-2324.14233398438,76,85,25,18,0.211764705882353,0.328947368421053
18321_a,2298.78463745117,-2274.14233398438,102,100,32,20,0.2,0.313725490196078
18321_a,2298.78463745117,-2224.14233398438,119,109,35,23,0.211009174311927,0.294117647058824
18321_a,2298.78463745117,-2174.14233398438,136,95,23,16,0.168421052631579,0.169117647058824
18321_a,2298.78463745117,-2124.14233398438,164,49,21,12,0.244897959183673,0.128048780487805
18321_a,2348.78463745117,-2324.14233398438,64,71,18,13,0.183098591549296,0.28125
18321_a,2348.78463745117,-2274.14233398438,85,95,20,15,0.157894736842105,0.235294117647059
18321_a,2348.78463745117,-2224.14233398438,107,120,23,20,0.166666666666667,0.214953271028037
18321_a,2348.78463745117,-2174.14233398438,127,112,19,19,0.169642857142857,0.149606299212598
18321_a,2348.78463745117,-2124.14233398438,149,76,18,17,0.223684210526316,0.120805369127517
18321_a,2348.78463745117,-2074.14233398438,169,52,9,10,0.192307692307692,0.0532544378698225
18321_a,2398.78463745117,-2274.14233398438,74,85,17,13,0.152941176470588,0.22972972972973
18321_a,2398.78463745117,-2224.14233398438,97,113,20,18,0.15929203539823,0.206185567010309
18321_a,2398.78463745117,-2174.14233398438,118,107,19,20,0.186915887850467,0.161016949152542
18321_a,2398.78463745117,-2124.14233398438,128,81,19,18,0.222222222222222,0.1484375
18321_a,2398.78463745117,-2074.14233398438,150,59,11,11,0.186440677966102,0.0733333333333333
18321_a,2398.78463745117,-2024.14233398438,171,35,11,11,0.314285714285714,0.064327485380117
18321_a,2448.78463745117,-2274.14233398438,68,58,10,7,0.120689655172414,0.147058823529412
18321_a,2448.78463745117,-2224.14233398438,85,88,15,14,0.159090909090909,0.176470588235294
18321_a,2448.78463745117,-2174.14233398438,108,86,19,18,0.209302325581395,0.175925925925926
18321_a,2448.78463745117,-2124.14233398438,113,77,21,17,0.220779220779221,0.185840707964602
18321_a,2448.78463745117,-2074.14233398438,130,64,21,16,0.25,0.161538461538462
18321_a,2448.78463745117,-2024.14233398438,148,40,21,16,0.4,0.141891891891892
18321_a,2498.78463745117,-2274.14233398438,71,32,5,4,0.125,0.0704225352112676
18321_a,2498.78463745117,-2224.14233398438,83,62,9,9,0.145161290322581,0.108433734939759
18321_a,2498.78463745117,-2174.14233398438,109,66,17,15,0.227272727272727,0.155963302752294
18321_a,2498.78463745117,-2124.14233398438,111,65,19,14,0.215384615384615,0.171171171171171
18321_a,2498.78463745117,-2074.14233398438,121,63,19,13,0.206349206349206,0.15702479338843
18321_a,2498.78463745117,-2024.14233398438,127,41,20,14,0.341463414634146,0.15748031496063
18321_a,2548.78463745117,-2224.14233398438,104,32,4,4,0.125,0.0384615384615385
18321_a,2548.78463745117,-2174.14233398438,123,37,12,11,0.297297297297297,0.0975609756097561
18321_a,2548.78463745117,-2124.14233398438,123,38,16,11,0.289473684210526,0.130081300813008
18321_a,2548.78463745117,-2074.14233398438,124,41,17,11,0.268292682926829,0.137096774193548
18321_a,2548.78463745117,-2024.14233398438,106,33,19,13,0.393939393939394,0.179245283018868
18321_a,5898.78463745117,-1124.14233398438,130,30,20,7,0.233333333333333,0.153846153846154
18321_a,5898.78463745117,-1074.14233398438,102,31,20,7,0.225806451612903,0.196078431372549
18321_a,5898.78463745117,-1024.14233398437,90,40,19,7,0.175,0.211111111111111
18321_a,5948.78463745117,-1124.14233398438,123,35,19,12,0.342857142857143,0.154471544715447
18321_a,5948.78463745117,-1074.14233398438,92,36,19,12,0.333333333333333,0.206521739130435
18321_a,5948.78463745117,-1024.14233398437,71,47,18,12,0.25531914893617,0.253521126760563
18321_a,5998.78463745117,-1124.14233398438,117,34,15,11,0.323529411764706,0.128205128205128
18321_a,5998.78463745117,-1074.14233398438,82,35,15,11,0.314285714285714,0.182926829268293
18321_a,6048.78463745117,-1124.14233398438,138,30,12,10,0.333333333333333,0.0869565217391304
18321_a,6048.78463745117,-1074.14233398438,109,34,15,12,0.352941176470588,0.137614678899083
18321_a,6048.78463745117,-1024.14233398437,71,49,13,12,0.244897959183673,0.183098591549296
18321_a,6098.78463745117,-1024.14233398437,104,33,8,9,0.272727272727273,0.0769230769230769
24774_d,13043.8946533203,-1602.76489257813,100,30,14,25,0.833333333333333,0.14
24774_d,13043.8946533203,-1552.76489257813,115,33,18,26,0.787878787878788,0.156521739130435
24774_d,13043.8946533203,-1502.76489257813,126,33,18,26,0.787878787878788,0.142857142857143
24774_d,13043.8946533203,-1452.76489257813,131,31,13,25,0.806451612903226,0.099236641221374
24774_d,13093.8946533203,-1602.76489257813,104,30,15,25,0.833333333333333,0.144230769230769
24774_d,13093.8946533203,-1552.76489257813,110,33,19,26,0.787878787878788,0.172727272727273
24774_d,13093.8946533203,-1502.76489257813,110,33,19,26,0.787878787878788,0.172727272727273
24774_d,13093.8946533203,-1452.76489257813,111,31,14,25,0.806451612903226,0.126126126126126
24774_d,13143.8946533203,-1602.76489257813,106,30,15,25,0.833333333333333,0.141509433962264
24774_d,13143.8946533203,-1552.76489257813,108,32,15,25,0.78125,0.138888888888889
24774_d,13143.8946533203,-1502.76489257813,105,32,15,25,0.78125,0.142857142857143
24774_d,13143.8946533203,-1452.76489257813,101,30,10,24,0.8,0.099009900990099
24774_d,13493.8946533203,-1302.76489257813,122,30,8,9,0.3,0.0655737704918033
24774_d,13493.8946533203,-1252.76489257813,109,34,8,9,0.264705882352941,0.073394495412844
24774_d,13493.8946533203,-1202.76489257813,101,36,11,11,0.305555555555556,0.108910891089109
24774_d,13493.8946533203,-1152.76489257813,78,34,5,9,0.264705882352941,0.0641025641025641
24774_d,13543.8946533203,-1352.76489257813,141,31,9,12,0.387096774193548,0.0638297872340426
24774_d,13543.8946533203,-1302.76489257813,124,32,9,12,0.375,0.0725806451612903
24774_d,13543.8946533203,-1252.76489257813,112,36,9,12,0.333333333333333,0.0803571428571429
24774_d,13543.8946533203,-1202.76489257813,102,38,12,14,0.368421052631579,0.117647058823529
24774_d,13543.8946533203,-1152.76489257813,77,36,5,9,0.25,0.0649350649350649
24774_d,13593.8946533203,-1352.76489257813,143,31,9,12,0.387096774193548,0.0629370629370629
24774_d,13593.8946533203,-1302.76489257813,119,32,9,12,0.375,0.0756302521008403
24774_d,13593.8946533203,-1252.76489257813,114,36,9,12,0.333333333333333,0.0789473684210526
24774_d,13593.8946533203,-1202.76489257813,99,38,12,14,0.368421052631579,0.121212121212121
24774_d,13593.8946533203,-1152.76489257813,69,36,5,9,0.25,0.072463768115942
24774_d,13643.8946533203,-1352.76489257813,140,31,9,12,0.387096774193548,0.0642857142857143
24774_d,13643.8946533203,-1302.76489257813,123,31,9,12,0.387096774193548,0.0731707317073171
24774_d,13643.8946533203,-1252.76489257813,126,31,9,12,0.387096774193548,0.0714285714285714
24774_d,13643.8946533203,-1202.76489257813,124,33,12,14,0.424242424242424,0.0967741935483871
24774_d,13643.8946533203,-1152.76489257813,94,31,5,9,0.290322580645161,0.0531914893617021
24774_d,13693.8946533203,-1352.76489257813,147,31,8,12,0.387096774193548,0.054421768707483
24774_d,13693.8946533203,-1302.76489257813,128,31,8,12,0.387096774193548,0.0625
24774_d,13693.8946533203,-1252.76489257813,131,31,8,12,0.387096774193548,0.0610687022900763
24774_d,13693.8946533203,-1202.76489257813,133,31,8,12,0.387096774193548,0.0601503759398496
24774_d,15043.8946533203,-1452.76489257813,134,48,7,7,0.145833333333333,0.0522388059701493
24774_d,15043.8946533203,-1402.76489257813,126,103,8,9,0.087378640776699,0.0634920634920635
24774_d,15043.8946533203,-1352.76489257813,128,132,13,23,0.174242424242424,0.1015625
24774_d,15043.8946533203,-1302.76489257813,128,118,12,22,0.186440677966102,0.09375
24774_d,15043.8946533203,-1252.76489257813,126,109,11,22,0.201834862385321,0.0873015873015873
24774_d,15043.8946533203,-1202.76489257813,136,85,6,16,0.188235294117647,0.0441176470588235
24774_d,15043.8946533203,-1152.76489257813,150,30,6,16,0.533333333333333,0.04
24774_d,15093.8946533203,-1552.76489257813,122,40,7,18,0.45,0.0573770491803279
24774_d,15093.8946533203,-1502.76489257813,114,80,6,17,0.2125,0.0526315789473684
24774_d,15093.8946533203,-1452.76489257813,108,131,11,21,0.16030534351145,0.101851851851852
24774_d,15093.8946533203,-1402.76489257813,92,198,12,23,0.116161616161616,0.130434782608696
24774_d,15093.8946533203,-1352.76489257813,93,267,17,39,0.146067415730337,0.182795698924731
24774_d,15093.8946533203,-1302.76489257813,96,243,14,30,0.123456790123457,0.145833333333333
24774_d,15093.8946533203,-1252.76489257813,111,203,13,30,0.147783251231527,0.117117117117117
24774_d,15093.8946533203,-1202.76489257813,123,150,8,24,0.16,0.0650406504065041
24774_d,15093.8946533203,-1152.76489257813,145,85,12,26,0.305882352941177,0.0827586206896552
24774_d,15143.8946533203,-1552.76489257813,120,45,10,20,0.444444444444444,0.0833333333333333
24774_d,15143.8946533203,-1502.76489257813,106,100,12,32,0.32,0.113207547169811
24774_d,15143.8946533203,-1452.76489257813,90,162,17,36,0.222222222222222,0.188888888888889
24774_d,15143.8946533203,-1402.76489257813,70,258,18,38,0.147286821705426,0.257142857142857
24774_d,15143.8946533203,-1352.76489257813,62,343,20,53,0.154518950437318,0.32258064516129
24774_d,15143.8946533203,-1302.76489257813,73,332,23,61,0.183734939759036,0.315068493150685
24774_d,15143.8946533203,-1252.76489257813,97,277,19,51,0.184115523465704,0.195876288659794
24774_d,15143.8946533203,-1202.76489257813,117,213,14,45,0.211267605633803,0.11965811965812
24774_d,15143.8946533203,-1152.76489257813,141,119,19,47,0.394957983193277,0.134751773049645
24774_d,15143.8946533203,-1102.76489257813,159,33,19,28,0.848484848484848,0.119496855345912
24774_d,15193.8946533203,-1552.76489257813,120,45,10,20,0.444444444444444,0.0833333333333333
24774_d,15193.8946533203,-1502.76489257813,104,100,13,32,0.32,0.125
24774_d,15193.8946533203,-1452.76489257813,82,176,18,36,0.204545454545455,0.219512195121951
24774_d,15193.8946533203,-1252.76489257813,73,351,22,57,0.162393162393162,0.301369863013699
24774_d,15193.8946533203,-1202.76489257813,94,273,17,51,0.186813186813187,0.180851063829787
24774_d,15193.8946533203,-1152.76489257813,117,165,22,53,0.321212121212121,0.188034188034188
24774_d,15193.8946533203,-1102.76489257813,137,58,22,34,0.586206896551724,0.160583941605839
24774_d,15243.8946533203,-1552.76489257813,120,43,8,18,0.418604651162791,0.0666666666666667
24774_d,15243.8946533203,-1502.76489257813,99,99,12,31,0.313131313131313,0.121212121212121
24774_d,15243.8946533203,-1452.76489257813,66,184,12,31,0.168478260869565,0.181818181818182
24774_d,15243.8946533203,-1202.76489257813,77,280,14,48,0.171428571428571,0.181818181818182
24774_d,15243.8946533203,-1152.76489257813,100,168,19,50,0.297619047619048,0.19
24774_d,15243.8946533203,-1102.76489257813,121,59,16,33,0.559322033898305,0.132231404958678
24774_d,15293.8946533203,-1502.76489257813,123,75,12,28,0.373333333333333,0.0975609756097561
24774_d,15293.8946533203,-1452.76489257813,91,143,14,31,0.216783216783217,0.153846153846154
24774_d,15293.8946533203,-1202.76489257813,67,220,14,40,0.181818181818182,0.208955223880597
24774_d,15293.8946533203,-1152.76489257813,87,148,18,37,0.25,0.206896551724138
24774_d,15293.8946533203,-1102.76489257813,109,63,16,33,0.523809523809524,0.146788990825688
24774_d,15343.8946533203,-1452.76489257813,107,60,11,19,0.316666666666667,0.102803738317757
24774_d,15343.8946533203,-1402.76489257813,82,122,12,24,0.19672131147541,0.146341463414634
24774_d,15343.8946533203,-1202.76489257813,68,159,14,29,0.182389937106918,0.205882352941176
24774_d,15343.8946533203,-1152.76489257813,81,97,13,24,0.247422680412371,0.160493827160494
24774_d,15343.8946533203,-1102.76489257813,100,52,10,21,0.403846153846154,0.1
24774_d,15393.8946533203,-1452.76489257813,128,30,5,6,0.2,0.0390625
24774_d,15393.8946533203,-1402.76489257813,106,63,9,11,0.174603174603175,0.0849056603773585
24774_d,15393.8946533203,-1352.76489257813,85,91,12,13,0.142857142857143,0.141176470588235
24774_d,15393.8946533203,-1202.76489257813,64,96,7,12,0.125,0.109375
24774_d,15393.8946533203,-1152.76489257813,74,63,6,7,0.111111111111111,0.0810810810810811
24774_d,15393.8946533203,-1102.76489257813,90,35,3,5,0.142857142857143,0.0333333333333333
24774_d,15443.8946533203,-1402.76489257813,124,35,9,11,0.314285714285714,0.0725806451612903
24774_d,15443.8946533203,-1352.76489257813,108,42,12,13,0.30952380952381,0.111111111111111
24774_d,15443.8946533203,-1302.76489257813,82,50,12,13,0.26,0.146341463414634
24774_d,15443.8946533203,-1252.76489257813,61,55,11,13,0.236363636363636,0.180327868852459
24774_d,15443.8946533203,-1202.76489257813,64,41,8,9,0.219512195121951,0.125
24774_d,15493.8946533203,-1252.76489257813,71,30,10,10,0.333333333333333,0.140845070422535
24774_d,15693.8946533203,-1052.76489257813,76,32,0,0,0,0
24774_d,15743.8946533203,-1052.76489257813,62,39,0,0,0,0
24774_d,15793.8946533203,-1502.76489257813,93,32,3,13,0.40625,0.032258064516129
24774_d,15793.8946533203,-1452.76489257813,81,37,3,16,0.432432432432432,0.037037037037037
24774_d,15793.8946533203,-1402.76489257813,84,37,3,16,0.432432432432432,0.0357142857142857
24774_d,15793.8946533203,-1352.76489257813,79,37,3,16,0.432432432432432,0.0379746835443038
24774_d,15793.8946533203,-1302.76489257813,64,36,3,15,0.416666666666667,0.046875
24774_d,15793.8946533203,-1002.76489257813,80,33,0,0,0,0
24774_d,15843.8946533203,-1502.76489257813,101,32,3,13,0.40625,0.0297029702970297
24774_d,15843.8946533203,-1452.76489257813,83,37,3,16,0.432432432432432,0.036144578313253
24774_d,15843.8946533203,-1402.76489257813,76,37,3,16,0.432432432432432,0.0394736842105263
24774_d,15843.8946533203,-1352.76489257813,65,37,3,16,0.432432432432432,0.0461538461538462
24774_d,15843.8946533203,-1002.76489257813,63,65,1,1,0.0153846153846154,0.0158730158730159
24774_d,15843.8946533203,-952.764892578125,64,51,1,1,0.0196078431372549,0.015625
24774_d,15893.8946533203,-1502.76489257813,103,32,3,13,0.40625,0.029126213592233
24774_d,15893.8946533203,-1452.76489257813,78,37,3,16,0.432432432432432,0.0384615384615385
24774_d,15893.8946533203,-1402.76489257813,64,37,3,16,0.432432432432432,0.046875
24774_d,15943.8946533203,-1502.76489257813,92,32,3,13,0.40625,0.0326086956521739
24774_d,15943.8946533203,-1452.76489257813,69,37,3,16,0.432432432432432,0.0434782608695652
24774_d,16043.8946533203,-1152.76489257813,77,44,1,5,0.113636363636364,0.012987012987013
24774_d,16043.8946533203,-1102.76489257813,81,104,3,8,0.0769230769230769,0.037037037037037
24774_d,16043.8946533203,-1052.76489257813,72,175,6,13,0.0742857142857143,0.0833333333333333
24774_d,16093.8946533203,-1152.76489257813,83,32,1,5,0.15625,0.0120481927710843
24774_d,16093.8946533203,-1102.76489257813,91,79,3,8,0.10126582278481,0.032967032967033
24774_d,16093.8946533203,-1052.76489257813,87,140,6,13,0.0928571428571429,0.0689655172413793
24774_d,16093.8946533203,-1002.76489257813,73,187,10,31,0.165775401069519,0.136986301369863
24774_d,16143.8946533203,-1052.76489257813,80,66,5,8,0.121212121212121,0.0625
24774_d,16143.8946533203,-1002.76489257813,74,104,7,10,0.0961538461538462,0.0945945945945946
24774_d,16193.8946533203,-1002.76489257813,68,39,8,10,0.256410256410256,0.117647058823529
24774_d,16193.8946533203,-952.764892578125,67,51,13,13,0.254901960784314,0.194029850746269
