sample,x0,y0,n_hep,n_cd4,n_interact,frac
54023_b,876.72400062561,-11025.5591113281,67,59,2,0.0338983050847458
54023_b,876.72400062561,-10975.5591113281,66,63,1,0.0158730158730159
54023_b,876.72400062561,-10925.5591113281,65,49,3,0.0612244897959184
54023_b,926.72400062561,-11075.5591113281,81,40,3,0.075
54023_b,926.72400062561,-11025.5591113281,87,43,3,0.0697674418604651
54023_b,926.72400062561,-10975.5591113281,87,45,2,0.0444444444444444
54023_b,926.72400062561,-10925.5591113281,86,38,5,0.131578947368421
54023_b,926.72400062561,-10875.5591113281,72,44,8,0.181818181818182
54023_b,976.72400062561,-10875.5591113281,89,34,10,0.294117647058824
54023_b,976.72400062561,-10825.5591113281,68,45,12,0.266666666666667
54023_b,1026.72400062561,-10875.5591113281,92,34,10,0.294117647058824
54023_b,1026.72400062561,-10825.5591113281,70,44,12,0.272727272727273
54023_b,1076.72400062561,-10875.5591113281,81,34,10,0.294117647058824
54023_b,1076.72400062561,-10825.5591113281,66,39,11,0.282051282051282
54023_b,1076.72400062561,-10775.5591113281,65,37,10,0.27027027027027
54023_b,1076.72400062561,-10725.5591113281,65,32,9,0.28125
54023_b,1126.72400062561,-10875.5591113281,80,30,10,0.333333333333333
54023_b,1126.72400062561,-10825.5591113281,73,33,11,0.333333333333333
54023_b,1126.72400062561,-10775.5591113281,77,30,9,0.3
54023_b,1176.72400062561,-10825.5591113281,77,30,9,0.3
54023_b,1226.72400062561,-10825.5591113281,89,30,8,0.266666666666667
54023_b,1326.72400062561,-10625.5591113281,87,30,4,0.133333333333333
54023_b,1326.72400062561,-10575.5591113281,87,34,6,0.176470588235294
54023_b,1326.72400062561,-10525.5591113281,92,36,5,0.138888888888889
54023_b,1326.72400062561,-10475.5591113281,90,31,4,0.129032258064516
54023_b,1326.72400062561,-10425.5591113281,101,30,6,0.2
54023_b,1376.72400062561,-10625.5591113281,87,32,6,0.1875
54023_b,1376.72400062561,-10575.5591113281,84,35,6,0.171428571428571
54023_b,1376.72400062561,-10525.5591113281,85,41,5,0.121951219512195
54023_b,1376.72400062561,-10475.5591113281,90,36,4,0.111111111111111
54023_b,1376.72400062561,-10425.5591113281,89,35,6,0.171428571428571
54023_b,1376.72400062561,-10375.5591113281,103,30,6,0.2
54023_b,1426.72400062561,-10625.5591113281,91,31,8,0.258064516129032
54023_b,1426.72400062561,-10575.5591113281,81,37,7,0.189189189189189
54023_b,1426.72400062561,-10525.5591113281,81,43,6,0.13953488372093
54023_b,1426.72400062561,-10475.5591113281,84,37,4,0.108108108108108
54023_b,1426.72400062561,-10425.5591113281,86,33,5,0.151515151515152
54023_b,1476.72400062561,-10575.5591113281,98,33,6,0.181818181818182
54023_b,1476.72400062561,-10525.5591113281,94,38,5,0.131578947368421
54023_b,1476.72400062561,-10475.5591113281,103,34,4,0.117647058823529
54023_b,1726.72400062561,-10025.5591113281,78,32,14,0.4375
54023_b,1726.72400062561,-9975.55911132812,74,41,13,0.317073170731707
54023_b,1726.72400062561,-9925.55911132813,70,44,13,0.295454545454545
54023_b,1726.72400062561,-9875.55911132812,65,41,12,0.292682926829268
54023_b,1776.72400062561,-10025.5591113281,78,32,16,0.5
54023_b,1776.72400062561,-9975.55911132812,85,42,16,0.380952380952381
54023_b,1776.72400062561,-9925.55911132813,82,44,13,0.295454545454545
54023_b,1776.72400062561,-9875.55911132812,76,41,12,0.292682926829268
54023_b,1826.72400062561,-10025.5591113281,82,31,15,0.483870967741936
54023_b,1826.72400062561,-9975.55911132812,90,41,16,0.390243902439024
54023_b,1826.72400062561,-9925.55911132813,91,44,14,0.318181818181818
54023_b,1826.72400062561,-9875.55911132812,90,41,14,0.341463414634146
54023_b,1826.72400062561,-9825.55911132812,81,37,13,0.351351351351351
54023_b,1876.72400062561,-10025.5591113281,82,33,15,0.454545454545455
54023_b,1876.72400062561,-9975.55911132812,95,38,17,0.447368421052632
54023_b,1876.72400062561,-9925.55911132813,97,35,13,0.371428571428571
54023_b,1876.72400062561,-9875.55911132812,101,30,13,0.433333333333333
54023_b,1926.72400062561,-10025.5591113281,76,39,11,0.282051282051282
54023_b,1926.72400062561,-9975.55911132812,90,36,11,0.305555555555556
54023_b,1976.72400062561,-9975.55911132812,63,58,8,0.137931034482759
54023_b,1976.72400062561,-9925.55911132813,70,55,4,0.0727272727272727
54023_b,1976.72400062561,-9875.55911132812,74,43,5,0.116279069767442
54023_b,1976.72400062561,-9825.55911132812,73,43,5,0.116279069767442
54023_b,2326.72400062561,-10325.5591113281,61,71,12,0.169014084507042
54023_b,2326.72400062561,-10275.5591113281,62,85,11,0.129411764705882
54023_b,2376.72400062561,-10325.5591113281,67,38,10,0.263157894736842
54023_b,2376.72400062561,-10275.5591113281,71,41,10,0.24390243902439
54023_b,2376.72400062561,-10225.5591113281,62,51,17,0.333333333333333
54023_b,2376.72400062561,-10175.5591113281,65,41,15,0.365853658536585
54023_b,2426.72400062561,-10225.5591113281,75,36,17,0.472222222222222
54023_b,2876.72400062561,-10075.5591113281,66,35,7,0.2
54023_b,2926.72400062561,-10075.5591113281,73,40,12,0.3
54023_b,2976.72400062561,-10125.5591113281,62,44,22,0.5
54023_b,3026.72400062561,-10125.5591113281,75,46,24,0.521739130434783
54023_b,3026.72400062561,-10075.5591113281,68,61,24,0.39344262295082
54023_b,3076.72400062561,-10125.5591113281,77,37,21,0.567567567567568
54023_b,3076.72400062561,-10075.5591113281,72,51,22,0.431372549019608
54023_b,3126.72400062561,-10125.5591113281,80,34,20,0.588235294117647
54023_b,3126.72400062561,-10075.5591113281,74,44,21,0.477272727272727
54023_b,3176.72400062561,-10125.5591113281,80,34,19,0.558823529411765
54023_b,3176.72400062561,-10075.5591113281,73,44,20,0.454545454545455
54023_b,3226.72400062561,-10125.5591113281,70,32,10,0.3125
54023_b,3226.72400062561,-10075.5591113281,65,39,11,0.282051282051282
54023_b,4476.72400062561,-9825.55911132812,65,30,10,0.333333333333333
54023_b,4476.72400062561,-9775.55911132812,64,35,14,0.4
54023_b,4476.72400062561,-9725.55911132812,62,31,12,0.387096774193548
54023_b,4926.72400062561,-9525.55911132812,78,30,14,0.466666666666667
54023_b,5276.72400062561,-9175.55911132813,94,40,4,0.1
54023_b,5276.72400062561,-9125.55911132812,80,57,3,0.0526315789473684
54023_b,5276.72400062561,-9075.55911132812,80,62,5,0.0806451612903226
54023_b,5276.72400062561,-9025.55911132812,68,68,7,0.102941176470588
54023_b,5326.72400062561,-9275.55911132812,90,39,7,0.17948717948718
54023_b,5326.72400062561,-9225.55911132812,71,78,8,0.102564102564103
54023_b,5326.72400062561,-9175.55911132813,65,113,8,0.0707964601769912
54023_b,5376.72400062561,-9325.55911132812,93,39,6,0.153846153846154
54023_b,5376.72400062561,-9275.55911132812,83,60,9,0.15
54023_b,5426.72400062561,-9325.55911132812,82,42,7,0.166666666666667
54023_b,5426.72400062561,-9275.55911132812,63,75,10,0.133333333333333
54023_b,5476.72400062561,-9325.55911132812,81,42,7,0.166666666666667
54023_b,5526.72400062561,-9325.55911132812,94,33,5,0.151515151515152
54023_b,5526.72400062561,-9275.55911132812,70,70,7,0.1
54023_b,5576.72400062561,-9275.55911132812,75,47,3,0.0638297872340426
54023_b,5626.72400062561,-9225.55911132812,79,82,1,0.0121951219512195
54023_b,5676.72400062561,-9225.55911132812,94,48,0,0
54023_b,5676.72400062561,-9175.55911132813,72,86,2,0.0232558139534884
54023_b,5726.72400062561,-9175.55911132813,91,54,2,0.037037037037037
54023_b,5726.72400062561,-9125.55911132812,62,87,2,0.0229885057471264
54023_b,5776.72400062561,-9175.55911132813,96,31,1,0.032258064516129
54023_b,5776.72400062561,-9125.55911132812,62,56,0,0
54023_b,5826.72400062561,-9125.55911132812,65,38,1,0.0263157894736842
56784_c,13345.9170014954,-9562.21958007812,133,33,4,0.121212121212121
56784_c,13345.9170014954,-9512.21958007812,107,40,6,0.15
56784_c,13345.9170014954,-9462.21958007813,76,46,7,0.152173913043478
56784_c,13395.9170014954,-10162.2195800781,136,34,12,0.352941176470588
56784_c,13395.9170014954,-10112.2195800781,119,39,12,0.307692307692308
56784_c,13395.9170014954,-10062.2195800781,110,43,11,0.255813953488372
56784_c,13395.9170014954,-10012.2195800781,121,32,10,0.3125
56784_c,13395.9170014954,-9962.21958007813,131,34,6,0.176470588235294
56784_c,13395.9170014954,-9912.21958007812,140,34,7,0.205882352941176
56784_c,13395.9170014954,-9862.21958007813,142,35,8,0.228571428571429
56784_c,13395.9170014954,-9812.21958007812,151,34,7,0.205882352941176
56784_c,13395.9170014954,-9762.21958007812,163,31,5,0.161290322580645
56784_c,13395.9170014954,-9712.21958007813,160,30,5,0.166666666666667
56784_c,13395.9170014954,-9612.21958007813,130,32,3,0.09375
56784_c,13395.9170014954,-9562.21958007812,103,35,3,0.0857142857142857
56784_c,13395.9170014954,-9512.21958007812,92,40,5,0.125
56784_c,13395.9170014954,-9462.21958007813,77,47,7,0.148936170212766
56784_c,13445.9170014954,-10212.2195800781,144,31,9,0.290322580645161
56784_c,13445.9170014954,-10162.2195800781,120,36,9,0.25
56784_c,13445.9170014954,-10112.2195800781,96,43,8,0.186046511627907
56784_c,13445.9170014954,-10062.2195800781,76,51,7,0.137254901960784
56784_c,13445.9170014954,-10012.2195800781,79,48,5,0.104166666666667
56784_c,13445.9170014954,-9962.21958007813,91,62,3,0.0483870967741936
56784_c,13445.9170014954,-9912.21958007812,97,74,4,0.0540540540540541
56784_c,13445.9170014954,-9862.21958007813,99,79,5,0.0632911392405063
56784_c,13445.9170014954,-9812.21958007812,111,78,5,0.0641025641025641
56784_c,13445.9170014954,-9762.21958007812,116,74,5,0.0675675675675676
56784_c,13445.9170014954,-9712.21958007813,109,59,5,0.0847457627118644
56784_c,13445.9170014954,-9662.21958007812,110,46,3,0.0652173913043478
56784_c,13445.9170014954,-9612.21958007813,94,39,2,0.0512820512820513
56784_c,13445.9170014954,-9562.21958007812,79,39,2,0.0512820512820513
56784_c,13445.9170014954,-9512.21958007812,77,37,4,0.108108108108108
56784_c,13445.9170014954,-9462.21958007813,76,44,7,0.159090909090909
56784_c,13445.9170014954,-9412.21958007812,66,58,9,0.155172413793103
56784_c,13445.9170014954,-9362.21958007813,61,64,11,0.171875
56784_c,13495.9170014954,-10112.2195800781,94,42,5,0.119047619047619
56784_c,13495.9170014954,-10062.2195800781,62,64,5,0.078125
56784_c,13495.9170014954,-9812.21958007812,63,140,4,0.0285714285714286
56784_c,13495.9170014954,-9762.21958007812,63,116,4,0.0344827586206897
56784_c,13495.9170014954,-9712.21958007813,63,78,4,0.0512820512820513
56784_c,13495.9170014954,-9662.21958007812,80,56,4,0.0714285714285714
56784_c,13495.9170014954,-9612.21958007813,79,41,4,0.0975609756097561
56784_c,13495.9170014954,-9562.21958007812,82,37,4,0.108108108108108
56784_c,13495.9170014954,-9512.21958007812,101,32,7,0.21875
56784_c,13495.9170014954,-9462.21958007813,107,36,9,0.25
56784_c,13495.9170014954,-9412.21958007812,98,45,9,0.2
56784_c,13495.9170014954,-9362.21958007813,95,52,11,0.211538461538462
56784_c,13495.9170014954,-9312.21958007812,76,99,9,0.0909090909090909
56784_c,13495.9170014954,-9012.21958007812,63,94,5,0.0531914893617021
56784_c,13495.9170014954,-8962.21958007813,81,33,3,0.0909090909090909
56784_c,13545.9170014954,-10112.2195800781,65,48,2,0.0416666666666667
56784_c,13545.9170014954,-9612.21958007813,70,54,5,0.0925925925925926
56784_c,13545.9170014954,-9562.21958007812,93,38,5,0.131578947368421
56784_c,13545.9170014954,-9412.21958007812,134,35,10,0.285714285714286
56784_c,13545.9170014954,-9362.21958007813,130,41,13,0.317073170731707
56784_c,13545.9170014954,-9312.21958007812,103,87,11,0.126436781609195
56784_c,13545.9170014954,-9262.21958007812,68,148,7,0.0472972972972973
56784_c,13545.9170014954,-9062.21958007812,80,164,7,0.0426829268292683
56784_c,13545.9170014954,-9012.21958007812,107,97,7,0.0721649484536082
56784_c,13545.9170014954,-8962.21958007813,133,33,3,0.0909090909090909
56784_c,13595.9170014954,-9662.21958007812,71,66,5,0.0757575757575758
56784_c,13595.9170014954,-9612.21958007813,93,44,8,0.181818181818182
56784_c,13595.9170014954,-9312.21958007812,122,62,12,0.193548387096774
56784_c,13595.9170014954,-9262.21958007812,83,100,9,0.09
56784_c,13595.9170014954,-9212.21958007813,62,132,9,0.0681818181818182
56784_c,13595.9170014954,-9112.21958007813,75,140,6,0.0428571428571429
56784_c,13595.9170014954,-9062.21958007812,110,103,7,0.0679611650485437
56784_c,13595.9170014954,-9012.21958007812,146,62,7,0.112903225806452
56784_c,13645.9170014954,-9662.21958007812,93,56,5,0.0892857142857143
56784_c,13645.9170014954,-9612.21958007813,115,40,8,0.2
56784_c,13645.9170014954,-9312.21958007812,128,48,17,0.354166666666667
56784_c,13645.9170014954,-9262.21958007812,95,74,15,0.202702702702703
56784_c,13645.9170014954,-9212.21958007813,82,84,13,0.154761904761905
56784_c,13645.9170014954,-9162.21958007812,80,82,9,0.109756097560976
56784_c,13645.9170014954,-9112.21958007813,98,75,4,0.0533333333333333
56784_c,13645.9170014954,-9062.21958007812,136,48,5,0.104166666666667
56784_c,13695.9170014954,-9712.21958007813,75,59,3,0.0508474576271187
56784_c,13695.9170014954,-9662.21958007812,118,39,5,0.128205128205128
56784_c,13695.9170014954,-9612.21958007813,145,30,8,0.266666666666667
56784_c,13695.9170014954,-9312.21958007812,136,35,14,0.4
56784_c,13695.9170014954,-9262.21958007812,105,44,12,0.272727272727273
56784_c,13695.9170014954,-9212.21958007813,101,53,11,0.207547169811321
56784_c,13695.9170014954,-9162.21958007812,110,49,7,0.142857142857143
56784_c,13695.9170014954,-9112.21958007813,130,44,4,0.0909090909090909
56784_c,13745.9170014954,-9712.21958007813,78,39,3,0.0769230769230769
56784_c,13995.9170014954,-8762.21958007812,141,40,13,0.325
56784_c,13995.9170014954,-8712.21958007813,105,42,14,0.333333333333333
56784_c,13995.9170014954,-8662.21958007813,75,43,14,0.325581395348837
56784_c,14045.9170014954,-8812.21958007813,130,40,13,0.325
56784_c,14045.9170014954,-8762.21958007812,107,53,12,0.226415094339623
56784_c,14045.9170014954,-8712.21958007813,74,53,12,0.226415094339623
56784_c,14095.9170014954,-8812.21958007813,125,48,14,0.291666666666667
56784_c,14095.9170014954,-8762.21958007812,93,61,13,0.213114754098361
56784_c,14145.9170014954,-8812.21958007813,118,58,12,0.206896551724138
56784_c,14145.9170014954,-8762.21958007812,80,69,12,0.173913043478261
56784_c,14195.9170014954,-8812.21958007813,111,54,9,0.166666666666667
56784_c,14195.9170014954,-8762.21958007812,84,61,9,0.147540983606557
56784_c,14245.9170014954,-8812.21958007813,141,42,8,0.19047619047619
56784_c,14245.9170014954,-8762.21958007812,111,45,7,0.155555555555556
56784_c,14245.9170014954,-8712.21958007813,73,44,5,0.113636363636364
56784_c,14295.9170014954,-8812.21958007813,173,35,10,0.285714285714286
56784_c,14295.9170014954,-8762.21958007812,132,44,9,0.204545454545455
56784_c,14295.9170014954,-8712.21958007813,87,44,7,0.159090909090909
56784_c,14345.9170014954,-8812.21958007813,201,35,8,0.228571428571429
56784_c,14345.9170014954,-8762.21958007812,156,48,8,0.166666666666667
56784_c,14345.9170014954,-8712.21958007813,103,54,7,0.12962962962963
56784_c,14345.9170014954,-8662.21958007813,61,54,7,0.12962962962963
56784_c,14395.9170014954,-8762.21958007812,169,41,8,0.195121951219512
56784_c,14395.9170014954,-8712.21958007813,114,47,7,0.148936170212766
56784_c,14395.9170014954,-8662.21958007813,76,48,7,0.145833333333333
56784_c,14395.9170014954,-8612.21958007813,65,43,6,0.13953488372093
56784_c,14445.9170014954,-8762.21958007812,189,37,7,0.189189189189189
56784_c,14445.9170014954,-8712.21958007813,132,43,6,0.13953488372093
56784_c,14445.9170014954,-8662.21958007813,100,44,6,0.136363636363636
56784_c,14445.9170014954,-8612.21958007813,92,44,7,0.159090909090909
56784_c,14495.9170014954,-8762.21958007812,184,32,4,0.125
56784_c,14495.9170014954,-8712.21958007813,135,39,5,0.128205128205128
56784_c,14495.9170014954,-8662.21958007813,112,41,6,0.146341463414634
56784_c,14495.9170014954,-8612.21958007813,113,42,8,0.19047619047619
56784_c,14795.9170014954,-9062.21958007812,87,36,7,0.194444444444444
56784_c,14795.9170014954,-9012.21958007812,102,37,7,0.189189189189189
56784_c,14795.9170014954,-8962.21958007813,127,39,9,0.230769230769231
56784_c,14795.9170014954,-8912.21958007813,157,36,9,0.25
56784_c,14845.9170014954,-9012.21958007812,64,44,6,0.136363636363636
56784_c,14845.9170014954,-8962.21958007813,87,46,8,0.173913043478261
56784_c,14845.9170014954,-8912.21958007813,112,47,12,0.25531914893617
56784_c,14845.9170014954,-8862.21958007813,120,34,13,0.382352941176471
56784_c,14895.9170014954,-8912.21958007813,75,48,12,0.25
56784_c,14895.9170014954,-8862.21958007813,84,34,12,0.352941176470588
56784_c,15295.9170014954,-9162.21958007812,62,39,10,0.256410256410256
56784_c,15345.9170014954,-9162.21958007812,75,31,9,0.290322580645161
56784_c,15395.9170014954,-9112.21958007813,67,32,12,0.375
56784_c,15595.9170014954,-9062.21958007812,65,32,8,0.25
56784_c,15645.9170014954,-9012.21958007812,71,34,3,0.0882352941176471
56784_c,15695.9170014954,-9012.21958007812,60,48,2,0.0416666666666667
56784_c,15695.9170014954,-8962.21958007813,80,36,3,0.0833333333333333
56784_c,15695.9170014954,-8912.21958007813,115,31,7,0.225806451612903
56784_c,15745.9170014954,-8962.21958007813,63,48,3,0.0625
56784_c,15745.9170014954,-8912.21958007813,104,42,7,0.166666666666667
56784_c,15795.9170014954,-8912.21958007813,88,73,9,0.123287671232877
56784_c,15795.9170014954,-8862.21958007813,132,57,10,0.175438596491228
56784_c,15795.9170014954,-8812.21958007813,172,40,12,0.3
56784_c,15845.9170014954,-8912.21958007813,72,85,4,0.0470588235294118
56784_c,15845.9170014954,-8862.21958007813,116,65,5,0.0769230769230769
56784_c,15845.9170014954,-8812.21958007813,158,45,8,0.177777777777778
56784_c,15895.9170014954,-8912.21958007813,65,93,5,0.0537634408602151
56784_c,15895.9170014954,-8862.21958007813,110,70,4,0.0571428571428571
56784_c,15895.9170014954,-8812.21958007813,153,49,8,0.163265306122449
56784_c,15945.9170014954,-9112.21958007813,81,47,9,0.191489361702128
56784_c,15945.9170014954,-9062.21958007812,66,70,9,0.128571428571429
56784_c,15945.9170014954,-8912.21958007813,62,98,8,0.0816326530612245
56784_c,15945.9170014954,-8862.21958007813,109,71,5,0.0704225352112676
56784_c,15945.9170014954,-8812.21958007813,159,47,9,0.191489361702128
56784_c,15995.9170014954,-9112.21958007813,101,41,9,0.219512195121951
56784_c,15995.9170014954,-9062.21958007812,84,71,9,0.126760563380282
56784_c,15995.9170014954,-8912.21958007813,67,105,8,0.0761904761904762
56784_c,15995.9170014954,-8862.21958007813,110,80,6,0.075
56784_c,15995.9170014954,-8812.21958007813,163,52,9,0.173076923076923
56784_c,16045.9170014954,-9112.21958007813,122,34,9,0.264705882352941
56784_c,16045.9170014954,-9062.21958007812,103,60,9,0.15
56784_c,16045.9170014954,-9012.21958007812,66,79,9,0.113924050632911
56784_c,16045.9170014954,-8912.21958007813,62,85,9,0.105882352941176
56784_c,16045.9170014954,-8862.21958007813,107,63,6,0.0952380952380952
56784_c,16045.9170014954,-8812.21958007813,163,39,8,0.205128205128205
56784_c,16045.9170014954,-8612.21958007813,148,30,11,0.366666666666667
56784_c,16045.9170014954,-8562.21958007813,124,35,11,0.314285714285714
56784_c,16045.9170014954,-8512.21958007812,140,43,16,0.372093023255814
56784_c,16045.9170014954,-8462.21958007813,167,42,18,0.428571428571429
56784_c,16045.9170014954,-8412.21958007813,186,32,14,0.4375
56784_c,16095.9170014954,-9062.21958007812,97,53,9,0.169811320754717
56784_c,16095.9170014954,-9012.21958007812,72,69,9,0.130434782608696
56784_c,16095.9170014954,-8912.21958007813,63,74,10,0.135135135135135
56784_c,16095.9170014954,-8862.21958007813,104,55,6,0.109090909090909
56784_c,16095.9170014954,-8612.21958007813,118,33,10,0.303030303030303
56784_c,16095.9170014954,-8562.21958007813,89,40,11,0.275
56784_c,16095.9170014954,-8512.21958007812,117,49,17,0.346938775510204
56784_c,16095.9170014954,-8462.21958007813,153,48,19,0.395833333333333
56784_c,16095.9170014954,-8412.21958007813,173,33,14,0.424242424242424
56784_c,16145.9170014954,-9062.21958007812,95,47,7,0.148936170212766
56784_c,16145.9170014954,-9012.21958007812,79,60,8,0.133333333333333
56784_c,16145.9170014954,-8912.21958007813,70,68,11,0.161764705882353
56784_c,16145.9170014954,-8862.21958007813,106,54,8,0.148148148148148
56784_c,16145.9170014954,-8612.21958007813,100,36,8,0.222222222222222
56784_c,16145.9170014954,-8562.21958007813,68,46,11,0.239130434782609
56784_c,16145.9170014954,-8512.21958007812,96,54,16,0.296296296296296
56784_c,16145.9170014954,-8462.21958007813,131,51,17,0.333333333333333
56784_c,16145.9170014954,-8412.21958007813,159,33,13,0.393939393939394
56784_c,16195.9170014954,-9062.21958007812,94,34,5,0.147058823529412
56784_c,16195.9170014954,-9012.21958007812,85,44,5,0.113636363636364
56784_c,16195.9170014954,-8962.21958007813,66,53,8,0.150943396226415
56784_c,16195.9170014954,-8912.21958007813,77,53,8,0.150943396226415
56784_c,16195.9170014954,-8862.21958007813,105,49,9,0.183673469387755
56784_c,16195.9170014954,-8662.21958007813,108,33,9,0.272727272727273
56784_c,16195.9170014954,-8612.21958007813,69,41,8,0.195121951219512
56784_c,16195.9170014954,-8512.21958007812,76,58,16,0.275862068965517
56784_c,16195.9170014954,-8462.21958007813,117,55,17,0.309090909090909
56784_c,16195.9170014954,-8412.21958007813,158,32,12,0.375
56784_c,16245.9170014954,-9012.21958007812,106,35,11,0.314285714285714
56784_c,16245.9170014954,-8962.21958007813,80,48,17,0.354166666666667
56784_c,16245.9170014954,-8912.21958007813,86,51,19,0.372549019607843
56784_c,16245.9170014954,-8862.21958007813,107,49,17,0.346938775510204
56784_c,16245.9170014954,-8762.21958007812,148,34,17,0.5
56784_c,16245.9170014954,-8712.21958007813,140,32,11,0.34375
56784_c,16245.9170014954,-8662.21958007813,110,49,13,0.26530612244898
56784_c,16245.9170014954,-8612.21958007813,73,56,11,0.196428571428571
56784_c,16245.9170014954,-8512.21958007812,81,52,10,0.192307692307692
56784_c,16245.9170014954,-8462.21958007813,120,40,10,0.25
56784_c,16295.9170014954,-8962.21958007813,107,38,16,0.421052631578947
56784_c,16295.9170014954,-8912.21958007813,107,42,19,0.452380952380952
56784_c,16295.9170014954,-8862.21958007813,118,40,17,0.425
56784_c,16295.9170014954,-8762.21958007812,145,30,15,0.5
56784_c,16295.9170014954,-8712.21958007813,137,39,14,0.358974358974359
56784_c,16295.9170014954,-8662.21958007813,113,58,18,0.310344827586207
56784_c,16295.9170014954,-8612.21958007813,86,57,16,0.280701754385965
56784_c,16295.9170014954,-8562.21958007813,74,58,16,0.275862068965517
56784_c,16295.9170014954,-8512.21958007812,98,47,12,0.25531914893617
56784_c,16345.9170014954,-8912.21958007813,138,31,18,0.580645161290323
56784_c,16345.9170014954,-8862.21958007813,151,30,17,0.566666666666667
56784_c,16345.9170014954,-8712.21958007813,163,40,15,0.375
56784_c,16345.9170014954,-8662.21958007813,141,55,19,0.345454545454545
56784_c,16345.9170014954,-8612.21958007813,118,53,17,0.320754716981132
56784_c,16345.9170014954,-8562.21958007813,110,54,17,0.314814814814815
56784_c,16345.9170014954,-8512.21958007812,121,43,13,0.302325581395349
56784_c,16395.9170014954,-8712.21958007813,169,40,17,0.425
56784_c,16395.9170014954,-8662.21958007813,157,53,22,0.415094339622642
56784_c,16395.9170014954,-8612.21958007813,145,51,20,0.392156862745098
56784_c,16395.9170014954,-8562.21958007813,145,49,18,0.36734693877551
56784_c,16395.9170014954,-8512.21958007812,148,38,14,0.368421052631579
56784_c,16445.9170014954,-8962.21958007813,156,31,16,0.516129032258065
56784_c,16445.9170014954,-8712.21958007813,181,37,16,0.432432432432432
56784_c,16445.9170014954,-8662.21958007813,172,44,18,0.409090909090909
56784_c,16445.9170014954,-8612.21958007813,164,44,18,0.409090909090909
56784_c,16445.9170014954,-8562.21958007813,161,43,17,0.395348837209302
56784_c,16445.9170014954,-8512.21958007812,149,33,13,0.393939393939394
56784_c,16595.9170014954,-9112.21958007813,116,30,11,0.366666666666667
56784_c,16645.9170014954,-9162.21958007812,98,35,16,0.457142857142857
56784_c,16645.9170014954,-9112.21958007813,93,34,15,0.441176470588235
56784_c,16795.9170014954,-9212.21958007813,109,31,18,0.580645161290323
56784_c,16845.9170014954,-9262.21958007812,76,45,13,0.288888888888889
56784_c,16845.9170014954,-9212.21958007813,97,47,16,0.340425531914894
56784_c,16845.9170014954,-9162.21958007812,103,38,16,0.421052631578947
56784_c,16895.9170014954,-9212.21958007813,86,66,11,0.166666666666667
56784_c,16895.9170014954,-9162.21958007812,95,41,11,0.268292682926829
56784_c,16945.9170014954,-9212.21958007813,75,111,11,0.0990990990990991
56784_c,16945.9170014954,-9162.21958007812,83,53,12,0.226415094339623
56784_c,16995.9170014954,-9212.21958007813,70,120,7,0.0583333333333333
56784_c,16995.9170014954,-9162.21958007812,84,56,10,0.178571428571429
56784_c,17045.9170014954,-9212.21958007813,64,119,3,0.0252100840336134
56784_c,17045.9170014954,-9162.21958007812,76,55,6,0.109090909090909
56784_c,17095.9170014954,-9212.21958007813,64,106,5,0.0471698113207547
56784_c,17095.9170014954,-9162.21958007812,77,43,5,0.116279069767442
56784_c,17145.9170014954,-9262.21958007812,62,84,5,0.0595238095238095
56784_c,17145.9170014954,-9212.21958007813,79,82,5,0.0609756097560976
56784_c,17145.9170014954,-9162.21958007812,80,35,5,0.142857142857143
56784_c,17145.9170014954,-8762.21958007812,171,30,6,0.2
56784_c,17145.9170014954,-8712.21958007813,145,44,7,0.159090909090909
56784_c,17145.9170014954,-8662.21958007813,125,49,8,0.163265306122449
56784_c,17145.9170014954,-8612.21958007813,116,46,5,0.108695652173913
56784_c,17145.9170014954,-8562.21958007813,131,37,7,0.189189189189189
56784_c,17195.9170014954,-9312.21958007812,65,46,10,0.217391304347826
56784_c,17195.9170014954,-9262.21958007812,86,45,11,0.244444444444444
56784_c,17195.9170014954,-9212.21958007813,92,47,11,0.234042553191489
56784_c,17195.9170014954,-9162.21958007812,82,37,9,0.243243243243243
56784_c,17195.9170014954,-8762.21958007812,158,34,7,0.205882352941176
56784_c,17195.9170014954,-8712.21958007813,125,50,8,0.16
56784_c,17195.9170014954,-8662.21958007813,98,60,9,0.15
56784_c,17195.9170014954,-8612.21958007813,87,56,5,0.0892857142857143
56784_c,17195.9170014954,-8562.21958007813,103,47,8,0.170212765957447
56784_c,17195.9170014954,-8512.21958007812,91,32,6,0.1875
56784_c,17245.9170014954,-9312.21958007812,88,31,12,0.387096774193548
56784_c,17245.9170014954,-9262.21958007812,105,35,14,0.4
56784_c,17245.9170014954,-9212.21958007813,105,38,15,0.394736842105263
56784_c,17245.9170014954,-9162.21958007812,88,38,14,0.368421052631579
56784_c,17245.9170014954,-9112.21958007813,92,31,10,0.32258064516129
56784_c,17245.9170014954,-9062.21958007812,99,31,10,0.32258064516129
56784_c,17245.9170014954,-8762.21958007812,149,36,8,0.222222222222222
56784_c,17245.9170014954,-8712.21958007813,128,50,9,0.18
56784_c,17245.9170014954,-8662.21958007813,97,62,10,0.161290322580645
56784_c,17245.9170014954,-8612.21958007813,81,60,7,0.116666666666667
56784_c,17245.9170014954,-8562.21958007813,87,50,9,0.18
56784_c,17245.9170014954,-8512.21958007812,77,34,6,0.176470588235294
56784_c,17295.9170014954,-9212.21958007813,119,30,15,0.5
56784_c,17295.9170014954,-9162.21958007812,100,30,12,0.4
56784_c,17295.9170014954,-9062.21958007812,100,31,10,0.32258064516129
56784_c,17295.9170014954,-8762.21958007812,150,35,10,0.285714285714286
56784_c,17295.9170014954,-8712.21958007813,136,44,9,0.204545454545455
56784_c,17295.9170014954,-8662.21958007813,106,55,9,0.163636363636364
56784_c,17295.9170014954,-8612.21958007813,99,55,8,0.145454545454545
56784_c,17295.9170014954,-8562.21958007813,102,44,9,0.204545454545455
56784_c,17295.9170014954,-8512.21958007812,93,33,8,0.242424242424242
56784_c,17345.9170014954,-9162.21958007812,113,31,13,0.419354838709677
56784_c,17345.9170014954,-9112.21958007813,99,36,14,0.388888888888889
56784_c,17345.9170014954,-9062.21958007812,97,36,14,0.388888888888889
56784_c,17345.9170014954,-9012.21958007812,98,32,11,0.34375
56784_c,17345.9170014954,-8762.21958007812,167,31,10,0.32258064516129
56784_c,17345.9170014954,-8712.21958007813,159,40,10,0.25
56784_c,17345.9170014954,-8662.21958007813,135,50,9,0.18
56784_c,17345.9170014954,-8612.21958007813,134,51,8,0.156862745098039
56784_c,17345.9170014954,-8562.21958007813,137,39,8,0.205128205128205
56784_c,17345.9170014954,-8512.21958007812,125,30,7,0.233333333333333
56784_c,17395.9170014954,-9212.21958007813,144,30,19,0.633333333333333
56784_c,17395.9170014954,-9162.21958007812,122,34,17,0.5
56784_c,17395.9170014954,-9112.21958007813,114,39,18,0.461538461538462
56784_c,17395.9170014954,-9062.21958007812,119,35,15,0.428571428571429
56784_c,18145.9170014954,-9012.21958007812,126,30,7,0.233333333333333
56784_c,18145.9170014954,-8512.21958007812,95,32,9,0.28125
56784_c,18195.9170014954,-9112.21958007813,109,30,10,0.333333333333333
56784_c,18195.9170014954,-9062.21958007812,101,32,8,0.25
56784_c,18195.9170014954,-9012.21958007812,117,33,9,0.272727272727273
56784_c,18195.9170014954,-8962.21958007813,130,30,8,0.266666666666667
56784_c,18195.9170014954,-8612.21958007813,104,38,11,0.289473684210526
56784_c,18195.9170014954,-8562.21958007813,83,45,10,0.222222222222222
56784_c,18195.9170014954,-8512.21958007812,62,45,9,0.2
56784_c,18245.9170014954,-9112.21958007813,98,30,10,0.333333333333333
56784_c,18245.9170014954,-8612.21958007813,96,63,11,0.174603174603175
56784_c,18245.9170014954,-8562.21958007813,68,77,12,0.155844155844156
56784_c,18295.9170014954,-9162.21958007812,87,31,8,0.258064516129032
56784_c,18295.9170014954,-9112.21958007813,89,32,9,0.28125
56784_c,18295.9170014954,-9012.21958007812,125,31,9,0.290322580645161
56784_c,18295.9170014954,-8662.21958007813,91,32,7,0.21875
56784_c,18295.9170014954,-8612.21958007813,65,85,10,0.117647058823529
56784_c,18345.9170014954,-9162.21958007812,71,43,6,0.13953488372093
56784_c,18345.9170014954,-9112.21958007813,75,44,7,0.159090909090909
56784_c,18345.9170014954,-9062.21958007812,89,41,6,0.146341463414634
56784_c,18345.9170014954,-9012.21958007812,116,38,8,0.210526315789474
56784_c,18345.9170014954,-8662.21958007813,69,39,8,0.205128205128205
56784_c,18395.9170014954,-9212.21958007813,102,42,4,0.0952380952380952
56784_c,18395.9170014954,-9162.21958007812,61,64,7,0.109375
56784_c,18395.9170014954,-9112.21958007813,65,58,5,0.0862068965517242
56784_c,18395.9170014954,-9062.21958007812,77,48,3,0.0625
56784_c,18395.9170014954,-9012.21958007812,105,42,5,0.119047619047619
56784_c,18445.9170014954,-9312.21958007812,117,38,6,0.157894736842105
56784_c,18445.9170014954,-9262.21958007812,118,50,6,0.12
56784_c,18445.9170014954,-9212.21958007813,74,68,4,0.0588235294117647
56784_c,18445.9170014954,-9062.21958007812,72,51,0,0
56784_c,18445.9170014954,-9012.21958007812,104,41,2,0.0487804878048781
56784_c,18445.9170014954,-8662.21958007813,63,36,6,0.166666666666667
56784_c,18495.9170014954,-9362.21958007813,76,45,3,0.0666666666666667
56784_c,18495.9170014954,-9312.21958007812,86,70,5,0.0714285714285714
56784_c,18495.9170014954,-9262.21958007812,82,83,5,0.0602409638554217
56784_c,18495.9170014954,-9062.21958007812,65,56,2,0.0357142857142857
56784_c,18495.9170014954,-9012.21958007812,104,45,4,0.0888888888888889
56784_c,18545.9170014954,-9062.21958007812,75,52,3,0.0576923076923077
56784_c,18545.9170014954,-9012.21958007812,103,40,3,0.075
56784_c,18595.9170014954,-9112.21958007813,65,70,6,0.0857142857142857
56784_c,18595.9170014954,-9062.21958007812,90,44,3,0.0681818181818182
56784_c,18595.9170014954,-9012.21958007812,118,36,3,0.0833333333333333
56784_c,18595.9170014954,-8712.21958007813,95,32,10,0.3125
56784_c,18645.9170014954,-9262.21958007812,61,88,8,0.0909090909090909
56784_c,18645.9170014954,-9212.21958007813,79,97,11,0.11340206185567
56784_c,18645.9170014954,-9162.21958007812,79,83,11,0.132530120481928
56784_c,18645.9170014954,-9112.21958007813,95,55,9,0.163636363636364
56784_c,18645.9170014954,-9062.21958007812,115,36,7,0.194444444444444
56784_c,18645.9170014954,-9012.21958007812,140,31,7,0.225806451612903
56784_c,18645.9170014954,-8712.21958007813,87,37,7,0.189189189189189
56784_c,18695.9170014954,-9312.21958007812,63,63,8,0.126984126984127
56784_c,18695.9170014954,-9262.21958007812,89,64,8,0.125
56784_c,18695.9170014954,-9212.21958007813,119,69,11,0.159420289855072
56784_c,18695.9170014954,-9162.21958007812,118,63,12,0.19047619047619
56784_c,18695.9170014954,-9112.21958007813,129,39,10,0.256410256410256
56784_c,18695.9170014954,-8712.21958007813,84,34,5,0.147058823529412
56784_c,18745.9170014954,-9312.21958007812,89,32,10,0.3125
56784_c,18745.9170014954,-9262.21958007812,120,33,11,0.333333333333333
56784_c,18745.9170014954,-9212.21958007813,150,35,15,0.428571428571429
56784_c,18745.9170014954,-9162.21958007812,144,32,16,0.5
56784_c,18745.9170014954,-8712.21958007813,82,32,5,0.15625
