sample,x0,y0,n_hep,n_cd4,n_interact_proxy,interact_frac
18321_a,648.784637451172,-2974.14233398438,162,34,7,0.205882352941176
18321_a,648.784637451172,-2924.14233398438,155,43,10,0.232558139534884
18321_a,648.784637451172,-2874.14233398438,142,43,12,0.27906976744186
18321_a,648.784637451172,-2824.14233398438,125,42,11,0.261904761904762
18321_a,648.784637451172,-2774.14233398438,142,38,10,0.263157894736842
18321_a,698.784637451172,-2974.14233398438,165,44,10,0.227272727272727
18321_a,698.784637451172,-2924.14233398438,146,63,13,0.206349206349206
18321_a,698.784637451172,-2874.14233398438,136,63,19,0.301587301587302
18321_a,698.784637451172,-2824.14233398438,118,63,19,0.301587301587302
18321_a,698.784637451172,-2774.14233398438,135,57,14,0.245614035087719
18321_a,748.784637451172,-2974.14233398438,168,43,11,0.255813953488372
18321_a,748.784637451172,-2924.14233398438,135,63,16,0.253968253968254
18321_a,748.784637451172,-2874.14233398438,131,63,22,0.349206349206349
18321_a,748.784637451172,-2824.14233398438,121,63,22,0.349206349206349
18321_a,748.784637451172,-2774.14233398438,139,58,18,0.310344827586207
18321_a,798.784637451172,-2974.14233398438,152,43,8,0.186046511627907
18321_a,798.784637451172,-2924.14233398438,121,63,13,0.206349206349206
18321_a,798.784637451172,-2874.14233398438,122,63,19,0.301587301587302
18321_a,798.784637451172,-2824.14233398438,118,63,19,0.301587301587302
18321_a,798.784637451172,-2774.14233398438,136,58,15,0.258620689655172
18321_a,848.784637451172,-2974.14233398438,138,33,6,0.181818181818182
18321_a,848.784637451172,-2924.14233398438,118,50,8,0.16
18321_a,848.784637451172,-2874.14233398438,124,50,15,0.3
18321_a,848.784637451172,-2824.14233398438,131,50,15,0.3
18321_a,848.784637451172,-2774.14233398438,145,45,11,0.244444444444444
18321_a,1198.78463745117,-2524.14233398438,199,41,20,0.487804878048781
18321_a,1198.78463745117,-2474.14233398438,189,65,26,0.4
18321_a,1198.78463745117,-2424.14233398438,172,69,32,0.463768115942029
18321_a,1198.78463745117,-2374.14233398438,144,70,33,0.471428571428571
18321_a,1198.78463745117,-2324.14233398438,118,52,18,0.346153846153846
18321_a,1248.78463745117,-2574.14233398438,191,43,23,0.534883720930233
18321_a,1248.78463745117,-2524.14233398438,176,89,27,0.303370786516854
18321_a,1248.78463745117,-2474.14233398438,157,133,33,0.24812030075188
18321_a,1248.78463745117,-2424.14233398438,136,162,42,0.259259259259259
18321_a,1248.78463745117,-2374.14233398438,113,173,40,0.23121387283237
18321_a,1248.78463745117,-2324.14233398438,97,134,27,0.201492537313433
18321_a,1248.78463745117,-2274.14233398438,76,87,22,0.252873563218391
18321_a,1298.78463745117,-2574.14233398438,161,59,28,0.474576271186441
18321_a,1298.78463745117,-2524.14233398438,144,123,32,0.260162601626016
18321_a,1298.78463745117,-2474.14233398438,123,187,36,0.192513368983957
18321_a,1298.78463745117,-2424.14233398438,101,228,44,0.192982456140351
18321_a,1298.78463745117,-2374.14233398438,81,254,40,0.15748031496063
18321_a,1298.78463745117,-2324.14233398438,73,209,27,0.129186602870813
18321_a,1298.78463745117,-2274.14233398438,62,145,23,0.158620689655172
18321_a,1348.78463745117,-2574.14233398438,124,62,35,0.564516129032258
18321_a,1348.78463745117,-2524.14233398438,108,127,40,0.31496062992126
18321_a,1348.78463745117,-2474.14233398438,85,202,44,0.217821782178218
18321_a,1348.78463745117,-2424.14233398438,67,252,52,0.206349206349206
18321_a,1398.78463745117,-2574.14233398438,118,60,33,0.55
18321_a,1398.78463745117,-2524.14233398438,101,123,33,0.268292682926829
18321_a,1398.78463745117,-2474.14233398438,79,197,37,0.187817258883249
18321_a,1448.78463745117,-2574.14233398438,123,45,21,0.466666666666667
18321_a,1448.78463745117,-2524.14233398438,116,87,21,0.241379310344828
18321_a,1448.78463745117,-2474.14233398438,106,140,25,0.178571428571429
18321_a,1448.78463745117,-2424.14233398438,91,187,24,0.128342245989305
18321_a,1448.78463745117,-2374.14233398438,63,228,21,0.0921052631578947
18321_a,1498.78463745117,-2524.14233398438,144,41,15,0.365853658536585
18321_a,1498.78463745117,-2474.14233398438,145,72,17,0.236111111111111
18321_a,1498.78463745117,-2424.14233398438,125,94,16,0.170212765957447
18321_a,1498.78463745117,-2374.14233398438,87,126,21,0.166666666666667
18321_a,1498.78463745117,-2324.14233398438,61,133,15,0.112781954887218
18321_a,1498.78463745117,-2224.14233398438,60,90,16,0.177777777777778
18321_a,1498.78463745117,-2174.14233398438,68,64,15,0.234375
18321_a,1498.78463745117,-2124.14233398438,67,30,9,0.3
18321_a,1548.78463745117,-2374.14233398438,129,46,18,0.391304347826087
18321_a,1548.78463745117,-2324.14233398438,100,59,16,0.271186440677966
18321_a,1548.78463745117,-2274.14233398438,95,66,18,0.272727272727273
18321_a,1548.78463745117,-2224.14233398438,99,55,16,0.290909090909091
18321_a,1548.78463745117,-2174.14233398438,105,45,15,0.333333333333333
18321_a,1598.78463745117,-2274.14233398438,128,33,12,0.363636363636364
18321_a,1598.78463745117,-2224.14233398438,127,33,14,0.424242424242424
18321_a,1598.78463745117,-2174.14233398438,137,32,13,0.40625
18321_a,2148.78463745117,-2274.14233398438,163,31,21,0.67741935483871
18321_a,2148.78463745117,-2224.14233398438,156,31,21,0.67741935483871
18321_a,2198.78463745117,-2374.14233398438,116,45,18,0.4
18321_a,2198.78463745117,-2324.14233398438,148,54,35,0.648148148148148
18321_a,2198.78463745117,-2274.14233398438,158,55,36,0.654545454545455
18321_a,2198.78463745117,-2224.14233398438,163,55,36,0.654545454545455
18321_a,2198.78463745117,-2174.14233398438,166,48,20,0.416666666666667
18321_a,2248.78463745117,-2374.14233398438,79,59,22,0.372881355932203
18321_a,2248.78463745117,-2324.14233398438,111,79,41,0.518987341772152
18321_a,2248.78463745117,-2274.14233398438,135,81,46,0.567901234567901
18321_a,2248.78463745117,-2224.14233398438,154,81,46,0.567901234567901
18321_a,2248.78463745117,-2174.14233398438,157,68,26,0.382352941176471
18321_a,2298.78463745117,-2324.14233398438,76,85,47,0.552941176470588
18321_a,2298.78463745117,-2274.14233398438,102,100,56,0.56
18321_a,2298.78463745117,-2224.14233398438,119,109,60,0.55045871559633
18321_a,2298.78463745117,-2174.14233398438,136,95,39,0.410526315789474
18321_a,2298.78463745117,-2124.14233398438,164,49,28,0.571428571428571
18321_a,2348.78463745117,-2324.14233398438,64,71,36,0.507042253521127
18321_a,2348.78463745117,-2274.14233398438,85,95,48,0.505263157894737
18321_a,2348.78463745117,-2224.14233398438,107,120,57,0.475
18321_a,2348.78463745117,-2174.14233398438,127,112,49,0.4375
18321_a,2348.78463745117,-2124.14233398438,149,76,42,0.552631578947369
18321_a,2348.78463745117,-2074.14233398438,169,52,21,0.403846153846154
18321_a,2398.78463745117,-2274.14233398438,74,85,40,0.470588235294118
18321_a,2398.78463745117,-2224.14233398438,97,113,49,0.433628318584071
18321_a,2398.78463745117,-2174.14233398438,118,107,50,0.467289719626168
18321_a,2398.78463745117,-2124.14233398438,128,81,45,0.555555555555556
18321_a,2398.78463745117,-2074.14233398438,150,59,26,0.440677966101695
18321_a,2398.78463745117,-2024.14233398438,171,35,20,0.571428571428571
18321_a,2448.78463745117,-2274.14233398438,68,58,25,0.431034482758621
18321_a,2448.78463745117,-2224.14233398438,85,88,36,0.409090909090909
18321_a,2448.78463745117,-2174.14233398438,108,86,40,0.465116279069768
18321_a,2448.78463745117,-2124.14233398438,113,77,39,0.506493506493507
18321_a,2448.78463745117,-2074.14233398438,130,64,31,0.484375
18321_a,2448.78463745117,-2024.14233398438,148,40,25,0.625
18321_a,2498.78463745117,-2274.14233398438,71,32,13,0.40625
18321_a,2498.78463745117,-2224.14233398438,83,62,22,0.354838709677419
18321_a,2498.78463745117,-2174.14233398438,109,66,31,0.46969696969697
18321_a,2498.78463745117,-2124.14233398438,111,65,30,0.461538461538462
18321_a,2498.78463745117,-2074.14233398438,121,63,24,0.380952380952381
18321_a,2498.78463745117,-2024.14233398438,127,41,23,0.560975609756098
18321_a,2548.78463745117,-2224.14233398438,104,32,8,0.25
18321_a,2548.78463745117,-2174.14233398438,123,37,21,0.567567567567568
18321_a,2548.78463745117,-2124.14233398438,123,38,22,0.578947368421053
18321_a,2548.78463745117,-2074.14233398438,124,41,21,0.51219512195122
18321_a,2548.78463745117,-2024.14233398438,106,33,21,0.636363636363636
18321_a,5898.78463745117,-1124.14233398438,130,30,13,0.433333333333333
18321_a,5898.78463745117,-1074.14233398438,102,31,13,0.419354838709677
18321_a,5898.78463745117,-1024.14233398437,90,40,16,0.4
18321_a,5948.78463745117,-1124.14233398438,123,35,21,0.6
18321_a,5948.78463745117,-1074.14233398438,92,36,21,0.583333333333333
18321_a,5948.78463745117,-1024.14233398437,71,47,24,0.51063829787234
18321_a,5998.78463745117,-1124.14233398438,117,34,20,0.588235294117647
18321_a,5998.78463745117,-1074.14233398438,82,35,20,0.571428571428571
18321_a,6048.78463745117,-1124.14233398438,138,30,17,0.566666666666667
18321_a,6048.78463745117,-1074.14233398438,109,34,19,0.558823529411765
18321_a,6048.78463745117,-1024.14233398437,71,49,22,0.448979591836735
18321_a,6098.78463745117,-1024.14233398437,104,33,12,0.363636363636364
24774_d,13043.8946533203,-1602.76489257813,100,30,30,1
24774_d,13043.8946533203,-1552.76489257813,115,33,33,1
24774_d,13043.8946533203,-1502.76489257813,126,33,33,1
24774_d,13043.8946533203,-1452.76489257813,131,31,31,1
24774_d,13093.8946533203,-1602.76489257813,104,30,30,1
24774_d,13093.8946533203,-1552.76489257813,110,33,33,1
24774_d,13093.8946533203,-1502.76489257813,110,33,33,1
24774_d,13093.8946533203,-1452.76489257813,111,31,31,1
24774_d,13143.8946533203,-1602.76489257813,106,30,30,1
24774_d,13143.8946533203,-1552.76489257813,108,32,32,1
24774_d,13143.8946533203,-1502.76489257813,105,32,32,1
24774_d,13143.8946533203,-1452.76489257813,101,30,30,1
24774_d,13493.8946533203,-1302.76489257813,122,30,21,0.7
24774_d,13493.8946533203,-1252.76489257813,109,34,23,0.676470588235294
24774_d,13493.8946533203,-1202.76489257813,101,36,25,0.694444444444445
24774_d,13493.8946533203,-1152.76489257813,78,34,23,0.676470588235294
24774_d,13543.8946533203,-1352.76489257813,141,31,23,0.741935483870968
24774_d,13543.8946533203,-1302.76489257813,124,32,24,0.75
24774_d,13543.8946533203,-1252.76489257813,112,36,26,0.722222222222222
24774_d,13543.8946533203,-1202.76489257813,102,38,28,0.736842105263158
24774_d,13543.8946533203,-1152.76489257813,77,36,24,0.666666666666667
24774_d,13593.8946533203,-1352.76489257813,143,31,23,0.741935483870968
24774_d,13593.8946533203,-1302.76489257813,119,32,24,0.75
24774_d,13593.8946533203,-1252.76489257813,114,36,26,0.722222222222222
24774_d,13593.8946533203,-1202.76489257813,99,38,28,0.736842105263158
24774_d,13593.8946533203,-1152.76489257813,69,36,24,0.666666666666667
24774_d,13643.8946533203,-1352.76489257813,140,31,23,0.741935483870968
24774_d,13643.8946533203,-1302.76489257813,123,31,24,0.774193548387097
24774_d,13643.8946533203,-1252.76489257813,126,31,24,0.774193548387097
24774_d,13643.8946533203,-1202.76489257813,124,33,26,0.787878787878788
24774_d,13643.8946533203,-1152.76489257813,94,31,22,0.709677419354839
24774_d,13693.8946533203,-1352.76489257813,147,31,22,0.709677419354839
24774_d,13693.8946533203,-1302.76489257813,128,31,22,0.709677419354839
24774_d,13693.8946533203,-1252.76489257813,131,31,22,0.709677419354839
24774_d,13693.8946533203,-1202.76489257813,133,31,22,0.709677419354839
24774_d,15043.8946533203,-1452.76489257813,134,48,18,0.375
24774_d,15043.8946533203,-1402.76489257813,126,103,23,0.223300970873786
24774_d,15043.8946533203,-1352.76489257813,128,132,45,0.340909090909091
24774_d,15043.8946533203,-1302.76489257813,128,118,39,0.330508474576271
24774_d,15043.8946533203,-1252.76489257813,126,109,38,0.348623853211009
24774_d,15043.8946533203,-1202.76489257813,136,85,29,0.341176470588235
24774_d,15043.8946533203,-1152.76489257813,150,30,26,0.866666666666667
24774_d,15093.8946533203,-1552.76489257813,122,40,35,0.875
24774_d,15093.8946533203,-1502.76489257813,114,80,36,0.45
24774_d,15093.8946533203,-1452.76489257813,108,131,41,0.312977099236641
24774_d,15093.8946533203,-1402.76489257813,92,198,46,0.232323232323232
24774_d,15093.8946533203,-1352.76489257813,93,267,78,0.292134831460674
24774_d,15093.8946533203,-1302.76489257813,96,243,60,0.246913580246914
24774_d,15093.8946533203,-1252.76489257813,111,203,59,0.29064039408867
24774_d,15093.8946533203,-1202.76489257813,123,150,50,0.333333333333333
24774_d,15093.8946533203,-1152.76489257813,145,85,49,0.576470588235294
24774_d,15143.8946533203,-1552.76489257813,120,45,38,0.844444444444445
24774_d,15143.8946533203,-1502.76489257813,106,100,59,0.59
24774_d,15143.8946533203,-1452.76489257813,90,162,67,0.41358024691358
24774_d,15143.8946533203,-1402.76489257813,70,258,72,0.27906976744186
24774_d,15143.8946533203,-1352.76489257813,62,343,103,0.300291545189504
24774_d,15143.8946533203,-1302.76489257813,73,332,112,0.337349397590361
24774_d,15143.8946533203,-1252.76489257813,97,277,90,0.324909747292419
24774_d,15143.8946533203,-1202.76489257813,117,213,81,0.380281690140845
24774_d,15143.8946533203,-1152.76489257813,141,119,80,0.672268907563025
24774_d,15143.8946533203,-1102.76489257813,159,33,33,1
24774_d,15193.8946533203,-1552.76489257813,120,45,38,0.844444444444445
24774_d,15193.8946533203,-1502.76489257813,104,100,59,0.59
24774_d,15193.8946533203,-1452.76489257813,82,176,67,0.380681818181818
24774_d,15193.8946533203,-1252.76489257813,73,351,105,0.299145299145299
24774_d,15193.8946533203,-1202.76489257813,94,273,94,0.344322344322344
24774_d,15193.8946533203,-1152.76489257813,117,165,95,0.575757575757576
24774_d,15193.8946533203,-1102.76489257813,137,58,48,0.827586206896552
24774_d,15243.8946533203,-1552.76489257813,120,43,32,0.744186046511628
24774_d,15243.8946533203,-1502.76489257813,99,99,52,0.525252525252525
24774_d,15243.8946533203,-1452.76489257813,66,184,55,0.298913043478261
24774_d,15243.8946533203,-1202.76489257813,77,280,90,0.321428571428571
24774_d,15243.8946533203,-1152.76489257813,100,168,92,0.547619047619048
24774_d,15243.8946533203,-1102.76489257813,121,59,48,0.813559322033898
24774_d,15293.8946533203,-1502.76489257813,123,75,44,0.586666666666667
24774_d,15293.8946533203,-1452.76489257813,91,143,52,0.363636363636364
24774_d,15293.8946533203,-1202.76489257813,67,220,77,0.35
24774_d,15293.8946533203,-1152.76489257813,87,148,68,0.45945945945946
24774_d,15293.8946533203,-1102.76489257813,109,63,49,0.777777777777778
24774_d,15343.8946533203,-1452.76489257813,107,60,27,0.45
24774_d,15343.8946533203,-1402.76489257813,82,122,39,0.319672131147541
24774_d,15343.8946533203,-1202.76489257813,68,159,55,0.345911949685535
24774_d,15343.8946533203,-1152.76489257813,81,97,44,0.45360824742268
24774_d,15343.8946533203,-1102.76489257813,100,52,34,0.653846153846154
24774_d,15393.8946533203,-1452.76489257813,128,30,7,0.233333333333333
24774_d,15393.8946533203,-1402.76489257813,106,63,19,0.301587301587302
24774_d,15393.8946533203,-1352.76489257813,85,91,22,0.241758241758242
24774_d,15393.8946533203,-1202.76489257813,64,96,26,0.270833333333333
24774_d,15393.8946533203,-1152.76489257813,74,63,15,0.238095238095238
24774_d,15393.8946533203,-1102.76489257813,90,35,12,0.342857142857143
24774_d,15443.8946533203,-1402.76489257813,124,35,19,0.542857142857143
24774_d,15443.8946533203,-1352.76489257813,108,42,22,0.523809523809524
24774_d,15443.8946533203,-1302.76489257813,82,50,22,0.44
24774_d,15443.8946533203,-1252.76489257813,61,55,23,0.418181818181818
24774_d,15443.8946533203,-1202.76489257813,64,41,17,0.414634146341463
24774_d,15493.8946533203,-1252.76489257813,71,30,13,0.433333333333333
24774_d,15693.8946533203,-1052.76489257813,76,32,4,0.125
24774_d,15743.8946533203,-1052.76489257813,62,39,6,0.153846153846154
24774_d,15793.8946533203,-1502.76489257813,93,32,18,0.5625
24774_d,15793.8946533203,-1452.76489257813,81,37,22,0.594594594594595
24774_d,15793.8946533203,-1402.76489257813,84,37,22,0.594594594594595
24774_d,15793.8946533203,-1352.76489257813,79,37,22,0.594594594594595
24774_d,15793.8946533203,-1302.76489257813,64,36,19,0.527777777777778
24774_d,15793.8946533203,-1002.76489257813,80,33,6,0.181818181818182
24774_d,15843.8946533203,-1502.76489257813,101,32,18,0.5625
24774_d,15843.8946533203,-1452.76489257813,83,37,22,0.594594594594595
24774_d,15843.8946533203,-1402.76489257813,76,37,22,0.594594594594595
24774_d,15843.8946533203,-1352.76489257813,65,37,22,0.594594594594595
24774_d,15843.8946533203,-1002.76489257813,63,65,6,0.0923076923076923
24774_d,15843.8946533203,-952.764892578125,64,51,6,0.117647058823529
24774_d,15893.8946533203,-1502.76489257813,103,32,18,0.5625
24774_d,15893.8946533203,-1452.76489257813,78,37,22,0.594594594594595
24774_d,15893.8946533203,-1402.76489257813,64,37,22,0.594594594594595
24774_d,15943.8946533203,-1502.76489257813,92,32,18,0.5625
24774_d,15943.8946533203,-1452.76489257813,69,37,22,0.594594594594595
24774_d,16043.8946533203,-1152.76489257813,77,44,12,0.272727272727273
24774_d,16043.8946533203,-1102.76489257813,81,104,18,0.173076923076923
24774_d,16043.8946533203,-1052.76489257813,72,175,28,0.16
24774_d,16093.8946533203,-1152.76489257813,83,32,12,0.375
24774_d,16093.8946533203,-1102.76489257813,91,79,18,0.227848101265823
24774_d,16093.8946533203,-1052.76489257813,87,140,28,0.2
24774_d,16093.8946533203,-1002.76489257813,73,187,55,0.294117647058824
24774_d,16143.8946533203,-1052.76489257813,80,66,16,0.242424242424242
24774_d,16143.8946533203,-1002.76489257813,74,104,20,0.192307692307692
24774_d,16193.8946533203,-1002.76489257813,68,39,17,0.435897435897436
24774_d,16193.8946533203,-952.764892578125,67,51,24,0.470588235294118
