sample,x0,y0,n_hep,n_cd4,hep_with_cd4_contact,contact_frac,score
18321_a,448.784637451172,-3024.14233398438,150,5,5,0.0333333333333333,5
18321_a,448.784637451172,-2974.14233398438,144,5,6,0.0416666666666667,6
18321_a,448.784637451172,-2924.14233398438,144,5,6,0.0416666666666667,6
18321_a,448.784637451172,-2874.14233398438,151,5,6,0.0397350993377483,6
18321_a,498.784637451172,-3024.14233398438,160,6,6,0.0375,6
18321_a,498.784637451172,-2974.14233398438,145,6,7,0.0482758620689655,7
18321_a,498.784637451172,-2924.14233398438,147,6,7,0.0476190476190476,7
18321_a,498.784637451172,-2874.14233398438,147,6,7,0.0476190476190476,7
18321_a,548.784637451172,-3024.14233398438,167,6,6,0.0359281437125749,6
18321_a,548.784637451172,-2974.14233398438,160,6,7,0.04375,7
18321_a,548.784637451172,-2924.14233398438,166,6,7,0.0421686746987952,7
18321_a,548.784637451172,-2874.14233398438,164,6,7,0.0426829268292683,7
18321_a,598.784637451172,-3024.14233398438,174,6,6,0.0344827586206897,6
18321_a,598.784637451172,-2974.14233398438,158,16,9,0.0569620253164557,9
18321_a,598.784637451172,-2924.14233398438,160,19,10,0.0625,10
18321_a,598.784637451172,-2874.14233398438,157,19,10,0.0636942675159236,10
18321_a,598.784637451172,-2824.14233398438,146,17,8,0.0547945205479452,8
18321_a,598.784637451172,-2774.14233398438,156,13,3,0.0192307692307692,3
18321_a,648.784637451172,-3024.14233398438,189,5,2,0.0105820105820106,2
18321_a,648.784637451172,-2974.14233398438,162,34,4,0.0246913580246914,4
18321_a,648.784637451172,-2924.14233398438,155,43,5,0.032258064516129,5
18321_a,648.784637451172,-2874.14233398438,142,43,6,0.0422535211267606,6
18321_a,648.784637451172,-2824.14233398438,125,42,5,0.04,5
18321_a,648.784637451172,-2774.14233398438,142,38,4,0.028169014084507,4
18321_a,648.784637451172,-2724.14233398438,157,9,2,0.0127388535031847,2
18321_a,698.784637451172,-3024.14233398438,190,6,3,0.0157894736842105,3
18321_a,698.784637451172,-2974.14233398438,165,44,5,0.0303030303030303,5
18321_a,698.784637451172,-2924.14233398438,146,63,6,0.0410958904109589,6
18321_a,698.784637451172,-2874.14233398438,136,63,10,0.0735294117647059,10
18321_a,698.784637451172,-2824.14233398438,118,63,10,0.0847457627118644,10
18321_a,698.784637451172,-2774.14233398438,135,57,7,0.0518518518518519,7
18321_a,698.784637451172,-2724.14233398438,157,19,5,0.0318471337579618,5
18321_a,748.784637451172,-3024.14233398438,178,5,3,0.0168539325842697,3
18321_a,748.784637451172,-2974.14233398438,168,43,5,0.0297619047619048,5
18321_a,748.784637451172,-2924.14233398438,135,63,7,0.0518518518518519,7
18321_a,748.784637451172,-2874.14233398438,131,63,12,0.0916030534351145,12
18321_a,748.784637451172,-2824.14233398438,121,63,12,0.0991735537190083,12
18321_a,748.784637451172,-2774.14233398438,139,58,9,0.0647482014388489,9
18321_a,748.784637451172,-2724.14233398438,166,20,7,0.0421686746987952,7
18321_a,798.784637451172,-3024.14233398438,161,5,3,0.0186335403726708,3
18321_a,798.784637451172,-2974.14233398438,152,43,3,0.0197368421052632,3
18321_a,798.784637451172,-2924.14233398438,121,63,5,0.0413223140495868,5
18321_a,798.784637451172,-2874.14233398438,122,63,10,0.0819672131147541,10
18321_a,798.784637451172,-2824.14233398438,118,63,10,0.0847457627118644,10
18321_a,798.784637451172,-2774.14233398438,136,58,7,0.0514705882352941,7
18321_a,798.784637451172,-2724.14233398438,176,20,7,0.0397727272727273,7
18321_a,848.784637451172,-3024.14233398438,137,5,3,0.0218978102189781,3
18321_a,848.784637451172,-2974.14233398438,138,33,3,0.0217391304347826,3
18321_a,848.784637451172,-2924.14233398438,118,50,4,0.0338983050847458,4
18321_a,848.784637451172,-2874.14233398438,124,50,9,0.0725806451612903,9
18321_a,848.784637451172,-2824.14233398438,131,50,9,0.0687022900763359,9
18321_a,848.784637451172,-2774.14233398438,145,45,6,0.0413793103448276,6
18321_a,848.784637451172,-2724.14233398438,179,17,6,0.0335195530726257,6
18321_a,898.784637451172,-2974.14233398438,132,13,3,0.0227272727272727,3
18321_a,898.784637451172,-2924.14233398438,136,24,4,0.0294117647058824,4
18321_a,898.784637451172,-2874.14233398438,156,24,7,0.0448717948717949,7
18321_a,898.784637451172,-2824.14233398438,163,24,7,0.0429447852760736,7
18321_a,898.784637451172,-2774.14233398438,169,20,4,0.0236686390532544,4
18321_a,898.784637451172,-2724.14233398438,194,11,4,0.0206185567010309,4
18321_a,1148.78463745117,-2524.14233398438,208,5,8,0.0384615384615385,8
18321_a,1148.78463745117,-2474.14233398438,200,8,9,0.045,9
18321_a,1148.78463745117,-2424.14233398438,182,8,9,0.0494505494505495,9
18321_a,1148.78463745117,-2374.14233398438,151,8,7,0.0463576158940397,7
18321_a,1148.78463745117,-2324.14233398438,117,5,3,0.0256410256410256,3
18321_a,1198.78463745117,-2574.14233398438,210,18,8,0.0380952380952381,8
18321_a,1198.78463745117,-2524.14233398438,199,41,10,0.050251256281407,10
18321_a,1198.78463745117,-2474.14233398438,189,65,11,0.0582010582010582,11
18321_a,1198.78463745117,-2424.14233398438,172,69,13,0.0755813953488372,13
18321_a,1198.78463745117,-2374.14233398438,144,70,12,0.0833333333333333,12
18321_a,1198.78463745117,-2324.14233398438,118,52,7,0.0593220338983051,7
18321_a,1198.78463745117,-2274.14233398438,86,29,5,0.0581395348837209,5
18321_a,1198.78463745117,-2224.14233398438,55,5,4,0.0727272727272727,4
18321_a,1248.78463745117,-2574.14233398438,191,43,15,0.0785340314136126,15
18321_a,1248.78463745117,-2524.14233398438,176,89,12,0.0681818181818182,12
18321_a,1248.78463745117,-2474.14233398438,157,133,13,0.0828025477707006,13
18321_a,1248.78463745117,-2424.14233398438,136,162,15,0.110294117647059,15
18321_a,1248.78463745117,-2374.14233398438,113,173,13,0.115044247787611,13
18321_a,1248.78463745117,-2324.14233398438,97,134,9,0.0927835051546392,9
18321_a,1248.78463745117,-2274.14233398438,76,87,7,0.0921052631578947,7
18321_a,1248.78463745117,-2224.14233398438,52,43,6,0.115384615384615,6
18321_a,1248.78463745117,-2174.14233398438,32,14,4,0.125,4
18321_a,1298.78463745117,-2674.14233398438,196,7,8,0.0408163265306122,8
18321_a,1298.78463745117,-2624.14233398438,191,11,12,0.0628272251308901,12
18321_a,1298.78463745117,-2574.14233398438,161,59,15,0.093167701863354,15
18321_a,1298.78463745117,-2524.14233398438,144,123,12,0.0833333333333333,12
18321_a,1298.78463745117,-2474.14233398438,123,187,10,0.0813008130081301,10
18321_a,1298.78463745117,-2424.14233398438,101,228,10,0.099009900990099,10
18321_a,1298.78463745117,-2374.14233398438,81,254,9,0.111111111111111,9
18321_a,1298.78463745117,-2324.14233398438,73,209,9,0.123287671232877,9
18321_a,1298.78463745117,-2274.14233398438,62,145,7,0.112903225806452,7
18321_a,1298.78463745117,-2224.14233398438,45,79,6,0.133333333333333,6
18321_a,1298.78463745117,-2174.14233398438,30,34,4,0.133333333333333,4
18321_a,1348.78463745117,-2674.14233398438,156,7,8,0.0512820512820513,8
18321_a,1348.78463745117,-2624.14233398438,153,12,15,0.0980392156862745,15
18321_a,1348.78463745117,-2574.14233398438,124,62,20,0.161290322580645,20
18321_a,1348.78463745117,-2524.14233398438,108,127,18,0.166666666666667,18
18321_a,1348.78463745117,-2474.14233398438,85,202,16,0.188235294117647,16
18321_a,1348.78463745117,-2424.14233398438,67,252,16,0.238805970149254,16
18321_a,1348.78463745117,-2374.14233398438,44,282,13,0.295454545454545,13
18321_a,1348.78463745117,-2324.14233398438,41,239,10,0.24390243902439,10
18321_a,1348.78463745117,-2274.14233398438,41,178,8,0.195121951219512,8
18321_a,1348.78463745117,-2224.14233398438,40,101,7,0.175,7
18321_a,1348.78463745117,-2174.14233398438,30,47,5,0.166666666666667,5
18321_a,1398.78463745117,-2674.14233398438,136,7,8,0.0588235294117647,8
18321_a,1398.78463745117,-2624.14233398438,135,12,15,0.111111111111111,15
18321_a,1398.78463745117,-2574.14233398438,118,60,20,0.169491525423729,20
18321_a,1398.78463745117,-2524.14233398438,101,123,16,0.158415841584158,16
18321_a,1398.78463745117,-2474.14233398438,79,197,17,0.215189873417722,17
18321_a,1398.78463745117,-2424.14233398438,59,248,17,0.288135593220339,17
18321_a,1398.78463745117,-2374.14233398438,38,284,15,0.394736842105263,15
18321_a,1398.78463745117,-2224.14233398438,35,120,9,0.257142857142857,9
18321_a,1398.78463745117,-2174.14233398438,34,65,7,0.205882352941176,7
18321_a,1448.78463745117,-2674.14233398438,110,7,8,0.0727272727272727,8
18321_a,1448.78463745117,-2624.14233398438,120,12,15,0.125,15
18321_a,1448.78463745117,-2574.14233398438,123,45,18,0.146341463414634,18
18321_a,1448.78463745117,-2524.14233398438,116,87,14,0.120689655172414,14
18321_a,1448.78463745117,-2474.14233398438,106,140,15,0.141509433962264,15
18321_a,1448.78463745117,-2424.14233398438,91,187,13,0.142857142857143,13
18321_a,1448.78463745117,-2374.14233398438,63,228,9,0.142857142857143,9
18321_a,1448.78463745117,-2324.14233398438,37,214,7,0.189189189189189,7
18321_a,1448.78463745117,-2224.14233398438,36,127,11,0.305555555555556,11
18321_a,1448.78463745117,-2174.14233398438,38,76,11,0.289473684210526,11
18321_a,1448.78463745117,-2124.14233398438,37,30,9,0.243243243243243,9
18321_a,1448.78463745117,-2074.14233398438,35,11,9,0.257142857142857,9
18321_a,1498.78463745117,-2674.14233398438,97,8,11,0.11340206185567,11
18321_a,1498.78463745117,-2624.14233398438,125,10,15,0.12,15
18321_a,1498.78463745117,-2574.14233398438,143,22,18,0.125874125874126,18
18321_a,1498.78463745117,-2524.14233398438,144,41,19,0.131944444444444,19
18321_a,1498.78463745117,-2474.14233398438,145,72,12,0.0827586206896552,12
18321_a,1498.78463745117,-2424.14233398438,125,94,11,0.088,11
18321_a,1498.78463745117,-2374.14233398438,87,126,9,0.103448275862069,9
18321_a,1498.78463745117,-2324.14233398438,61,133,6,0.0983606557377049,6
18321_a,1498.78463745117,-2274.14233398438,51,123,6,0.117647058823529,6
18321_a,1498.78463745117,-2224.14233398438,60,90,10,0.166666666666667,10
18321_a,1498.78463745117,-2174.14233398438,68,64,10,0.147058823529412,10
18321_a,1498.78463745117,-2124.14233398438,67,30,9,0.134328358208955,9
18321_a,1498.78463745117,-2074.14233398438,59,11,9,0.152542372881356,9
18321_a,1548.78463745117,-2574.14233398438,167,6,15,0.0898203592814371,15
18321_a,1548.78463745117,-2524.14233398438,176,7,16,0.0909090909090909,16
18321_a,1548.78463745117,-2474.14233398438,180,18,11,0.0611111111111111,11
18321_a,1548.78463745117,-2424.14233398438,163,28,11,0.0674846625766871,11
18321_a,1548.78463745117,-2374.14233398438,129,46,12,0.0930232558139535,12
18321_a,1548.78463745117,-2324.14233398438,100,59,9,0.09,9
18321_a,1548.78463745117,-2274.14233398438,95,66,9,0.0947368421052632,9
18321_a,1548.78463745117,-2224.14233398438,99,55,13,0.131313131313131,13
18321_a,1548.78463745117,-2174.14233398438,105,45,13,0.123809523809524,13
18321_a,1548.78463745117,-2124.14233398438,101,26,9,0.0891089108910891,9
18321_a,1548.78463745117,-2074.14233398438,86,10,9,0.104651162790698,9
18321_a,1598.78463745117,-2374.14233398438,169,17,8,0.0473372781065089,8
18321_a,1598.78463745117,-2324.14233398438,143,29,8,0.0559440559440559,8
18321_a,1598.78463745117,-2274.14233398438,128,33,8,0.0625,8
18321_a,1598.78463745117,-2224.14233398438,127,33,12,0.0944881889763779,12
18321_a,1598.78463745117,-2174.14233398438,137,32,12,0.0875912408759124,12
18321_a,1598.78463745117,-2124.14233398438,131,18,8,0.0610687022900763,8
18321_a,1598.78463745117,-2074.14233398438,109,6,8,0.073394495412844,8
18321_a,1648.78463745117,-2374.14233398438,188,8,3,0.0159574468085106,3
18321_a,1648.78463745117,-2324.14233398438,175,12,3,0.0171428571428571,3
18321_a,1648.78463745117,-2274.14233398438,163,13,3,0.0184049079754601,3
18321_a,1648.78463745117,-2224.14233398438,161,14,10,0.062111801242236,10
18321_a,1648.78463745117,-2174.14233398438,170,14,10,0.0588235294117647,10
18321_a,1648.78463745117,-2124.14233398438,165,6,7,0.0424242424242424,7
18321_a,1948.78463745117,-2274.14233398438,158,6,13,0.0822784810126582,13
18321_a,1948.78463745117,-2224.14233398438,150,6,17,0.113333333333333,17
18321_a,1948.78463745117,-2174.14233398438,155,5,13,0.0838709677419355,13
18321_a,1998.78463745117,-2274.14233398438,140,6,10,0.0714285714285714,10
18321_a,1998.78463745117,-2224.14233398438,131,6,14,0.106870229007634,14
18321_a,1998.78463745117,-2174.14233398438,133,5,10,0.075187969924812,10
18321_a,2048.78463745117,-2374.14233398438,168,5,7,0.0416666666666667,7
18321_a,2048.78463745117,-2324.14233398438,162,6,8,0.0493827160493827,8
18321_a,2048.78463745117,-2274.14233398438,144,7,9,0.0625,9
18321_a,2048.78463745117,-2224.14233398438,138,7,9,0.0652173913043478,9
18321_a,2048.78463745117,-2174.14233398438,137,6,4,0.0291970802919708,4
18321_a,2098.78463745117,-2374.14233398438,152,18,11,0.0723684210526316,11
18321_a,2098.78463745117,-2324.14233398438,158,20,15,0.0949367088607595,15
18321_a,2098.78463745117,-2274.14233398438,149,22,22,0.147651006711409,22
18321_a,2098.78463745117,-2224.14233398438,139,22,22,0.158273381294964,22
18321_a,2098.78463745117,-2174.14233398438,145,18,13,0.0896551724137931,13
18321_a,2148.78463745117,-2424.14233398438,131,5,5,0.0381679389312977,5
18321_a,2148.78463745117,-2374.14233398438,139,28,10,0.0719424460431655,10
18321_a,2148.78463745117,-2324.14233398438,162,29,13,0.0802469135802469,13
18321_a,2148.78463745117,-2274.14233398438,163,31,19,0.116564417177914,19
18321_a,2148.78463745117,-2224.14233398438,156,31,19,0.121794871794872,19
18321_a,2148.78463745117,-2174.14233398438,156,26,11,0.0705128205128205,11
18321_a,2198.78463745117,-2424.14233398438,108,7,5,0.0462962962962963,5
18321_a,2198.78463745117,-2374.14233398438,116,45,10,0.0862068965517242,10
18321_a,2198.78463745117,-2324.14233398438,148,54,20,0.135135135135135,20
18321_a,2198.78463745117,-2274.14233398438,158,55,26,0.164556962025316,26
18321_a,2198.78463745117,-2224.14233398438,163,55,26,0.159509202453988,26
18321_a,2198.78463745117,-2174.14233398438,166,48,18,0.108433734939759,18
18321_a,2198.78463745117,-2124.14233398438,184,10,16,0.0869565217391304,16
18321_a,2248.78463745117,-2424.14233398438,74,13,10,0.135135135135135,10
18321_a,2248.78463745117,-2374.14233398438,79,59,15,0.189873417721519,15
18321_a,2248.78463745117,-2324.14233398438,111,79,25,0.225225225225225,25
18321_a,2248.78463745117,-2274.14233398438,135,81,32,0.237037037037037,32
18321_a,2248.78463745117,-2224.14233398438,154,81,32,0.207792207792208,32
18321_a,2248.78463745117,-2174.14233398438,157,68,19,0.121019108280255,19
18321_a,2248.78463745117,-2124.14233398438,180,22,17,0.0944444444444444,17
18321_a,2298.78463745117,-2424.14233398438,46,14,10,0.217391304347826,10
18321_a,2298.78463745117,-2374.14233398438,50,60,14,0.28,14
18321_a,2298.78463745117,-2324.14233398438,76,85,25,0.328947368421053,25
18321_a,2298.78463745117,-2274.14233398438,102,100,32,0.313725490196078,32
18321_a,2298.78463745117,-2224.14233398438,119,109,35,0.294117647058824,35
18321_a,2298.78463745117,-2174.14233398438,136,95,23,0.169117647058824,23
18321_a,2298.78463745117,-2124.14233398438,164,49,21,0.128048780487805,21
18321_a,2298.78463745117,-2074.14233398438,180,24,10,0.0555555555555556,10
18321_a,2298.78463745117,-2024.14233398438,194,9,3,0.0154639175257732,3
18321_a,2348.78463745117,-2424.14233398438,30,11,8,0.266666666666667,8
18321_a,2348.78463745117,-2374.14233398438,42,47,10,0.238095238095238,10
18321_a,2348.78463745117,-2324.14233398438,64,71,18,0.28125,18
18321_a,2348.78463745117,-2274.14233398438,85,95,20,0.235294117647059,20
18321_a,2348.78463745117,-2224.14233398438,107,120,23,0.214953271028037,23
18321_a,2348.78463745117,-2174.14233398438,127,112,19,0.149606299212598,19
18321_a,2348.78463745117,-2124.14233398438,149,76,18,0.120805369127517,18
18321_a,2348.78463745117,-2074.14233398438,169,52,9,0.0532544378698225,9
18321_a,2348.78463745117,-2024.14233398438,193,28,8,0.0414507772020725,8
18321_a,2398.78463745117,-2374.14233398438,35,36,7,0.2,7
18321_a,2398.78463745117,-2324.14233398438,55,60,14,0.254545454545455,14
18321_a,2398.78463745117,-2274.14233398438,74,85,17,0.22972972972973,17
18321_a,2398.78463745117,-2224.14233398438,97,113,20,0.206185567010309,20
18321_a,2398.78463745117,-2174.14233398438,118,107,19,0.161016949152542,19
18321_a,2398.78463745117,-2124.14233398438,128,81,19,0.1484375,19
18321_a,2398.78463745117,-2074.14233398438,150,59,11,0.0733333333333333,11
18321_a,2398.78463745117,-2024.14233398438,171,35,11,0.064327485380117,11
18321_a,2398.78463745117,-1974.14233398438,186,7,6,0.032258064516129,6
18321_a,2398.78463745117,-1924.14233398438,193,5,8,0.0414507772020725,8
18321_a,2448.78463745117,-2374.14233398438,33,17,6,0.181818181818182,6
18321_a,2448.78463745117,-2324.14233398438,53,33,7,0.132075471698113,7
18321_a,2448.78463745117,-2274.14233398438,68,58,10,0.147058823529412,10
18321_a,2448.78463745117,-2224.14233398438,85,88,15,0.176470588235294,15
18321_a,2448.78463745117,-2174.14233398438,108,86,19,0.175925925925926,19
18321_a,2448.78463745117,-2124.14233398438,113,77,21,0.185840707964602,21
18321_a,2448.78463745117,-2074.14233398438,130,64,21,0.161538461538462,21
18321_a,2448.78463745117,-2024.14233398438,148,40,21,0.141891891891892,21
18321_a,2448.78463745117,-1974.14233398438,166,11,14,0.0843373493975904,14
18321_a,2448.78463745117,-1924.14233398438,168,7,11,0.0654761904761905,11
18321_a,2448.78463745117,-1874.14233398438,174,6,12,0.0689655172413793,12
18321_a,2498.78463745117,-2324.14233398438,53,8,3,0.0566037735849057,3
18321_a,2498.78463745117,-2274.14233398438,71,32,5,0.0704225352112676,5
18321_a,2498.78463745117,-2224.14233398438,83,62,9,0.108433734939759,9
18321_a,2498.78463745117,-2174.14233398438,109,66,17,0.155963302752294,17
18321_a,2498.78463745117,-2124.14233398438,111,65,19,0.171171171171171,19
18321_a,2498.78463745117,-2074.14233398438,121,63,19,0.15702479338843,19
18321_a,2498.78463745117,-2024.14233398438,127,41,20,0.15748031496063,20
18321_a,2498.78463745117,-1974.14233398438,141,12,14,0.099290780141844,14
18321_a,2498.78463745117,-1924.14233398438,140,8,11,0.0785714285714286,11
18321_a,2498.78463745117,-1874.14233398438,150,7,12,0.08,12
18321_a,2548.78463745117,-2274.14233398438,90,11,2,0.0222222222222222,2
18321_a,2548.78463745117,-2224.14233398438,104,32,4,0.0384615384615385,4
18321_a,2548.78463745117,-2174.14233398438,123,37,12,0.0975609756097561,12
18321_a,2548.78463745117,-2124.14233398438,123,38,16,0.130081300813008,16
18321_a,2548.78463745117,-2074.14233398438,124,41,17,0.137096774193548,17
18321_a,2548.78463745117,-2024.14233398438,106,33,19,0.179245283018868,19
18321_a,2548.78463745117,-1974.14233398438,108,14,15,0.138888888888889,15
18321_a,2548.78463745117,-1924.14233398438,111,10,12,0.108108108108108,12
18321_a,2548.78463745117,-1874.14233398438,125,9,13,0.104,13
18321_a,2548.78463745117,-1824.14233398438,122,6,10,0.0819672131147541,10
18321_a,2598.78463745117,-2224.14233398438,103,6,3,0.029126213592233,3
18321_a,2598.78463745117,-2174.14233398438,123,8,7,0.0569105691056911,7
18321_a,2598.78463745117,-2124.14233398438,133,9,9,0.0676691729323308,9
18321_a,2598.78463745117,-2074.14233398438,131,12,11,0.083969465648855,11
18321_a,2598.78463745117,-2024.14233398438,100,17,15,0.15,15
18321_a,2598.78463745117,-1974.14233398438,90,14,14,0.155555555555556,14
18321_a,2598.78463745117,-1924.14233398438,97,13,13,0.134020618556701,13
18321_a,2598.78463745117,-1874.14233398438,104,12,14,0.134615384615385,14
18321_a,2598.78463745117,-1824.14233398438,107,9,11,0.102803738317757,11
18321_a,2648.78463745117,-2074.14233398438,141,5,10,0.0709219858156028,10
18321_a,2648.78463745117,-2024.14233398438,115,10,13,0.11304347826087,13
18321_a,2648.78463745117,-1974.14233398438,106,10,12,0.113207547169811,12
18321_a,2648.78463745117,-1924.14233398438,107,8,7,0.0654205607476636,7
18321_a,2648.78463745117,-1874.14233398438,117,8,7,0.0598290598290598,7
18321_a,2648.78463745117,-1824.14233398438,116,7,5,0.0431034482758621,5
18321_a,2698.78463745117,-2024.14233398438,132,6,7,0.053030303030303,7
18321_a,2698.78463745117,-1974.14233398438,129,7,8,0.062015503875969,8
18321_a,2698.78463745117,-1924.14233398438,129,7,8,0.062015503875969,8
18321_a,2698.78463745117,-1874.14233398438,134,7,8,0.0597014925373134,8
18321_a,2698.78463745117,-1824.14233398438,125,7,8,0.064,8
18321_a,2748.78463745117,-2024.14233398438,141,5,7,0.049645390070922,7
18321_a,2748.78463745117,-1974.14233398438,138,6,8,0.0579710144927536,8
18321_a,2748.78463745117,-1924.14233398438,140,6,8,0.0571428571428571,8
18321_a,2748.78463745117,-1874.14233398438,139,6,8,0.0575539568345324,8
18321_a,2748.78463745117,-1824.14233398438,141,6,8,0.0567375886524823,8
18321_a,3348.78463745117,-1824.14233398438,185,5,8,0.0432432432432432,8
18321_a,3348.78463745117,-1774.14233398438,188,5,8,0.0425531914893617,8
18321_a,3398.78463745117,-1974.14233398438,73,6,4,0.0547945205479452,4
18321_a,3398.78463745117,-1924.14233398438,99,8,4,0.0404040404040404,4
18321_a,3398.78463745117,-1874.14233398438,129,10,5,0.0387596899224806,5
18321_a,3398.78463745117,-1824.14233398438,141,14,6,0.0425531914893617,6
18321_a,3398.78463745117,-1774.14233398438,155,13,7,0.0451612903225806,7
18321_a,3398.78463745117,-1724.14233398438,168,9,6,0.0357142857142857,6
18321_a,3398.78463745117,-1674.14233398438,185,7,6,0.0324324324324324,6
18321_a,3398.78463745117,-1624.14233398438,194,5,5,0.0257731958762887,5
18321_a,3448.78463745117,-1974.14233398438,59,8,4,0.0677966101694915,4
18321_a,3448.78463745117,-1924.14233398438,74,11,4,0.0540540540540541,4
18321_a,3448.78463745117,-1874.14233398438,90,14,5,0.0555555555555556,5
18321_a,3448.78463745117,-1824.14233398438,100,18,6,0.06,6
18321_a,3448.78463745117,-1774.14233398438,117,16,7,0.0598290598290598,7
18321_a,3448.78463745117,-1724.14233398438,130,11,6,0.0461538461538462,6
18321_a,3448.78463745117,-1674.14233398438,152,8,6,0.0394736842105263,6
18321_a,3448.78463745117,-1624.14233398438,174,5,5,0.028735632183908,5
18321_a,3498.78463745117,-1974.14233398438,32,8,4,0.125,4
18321_a,3498.78463745117,-1924.14233398438,42,12,6,0.142857142857143,6
18321_a,3498.78463745117,-1874.14233398438,55,15,8,0.145454545454545,8
18321_a,3498.78463745117,-1824.14233398438,74,19,9,0.121621621621622,9
18321_a,3498.78463745117,-1774.14233398438,97,17,10,0.103092783505155,10
18321_a,3498.78463745117,-1724.14233398438,120,13,14,0.116666666666667,14
18321_a,3498.78463745117,-1674.14233398438,146,9,11,0.0753424657534247,11
18321_a,3498.78463745117,-1624.14233398438,173,6,10,0.0578034682080925,10
18321_a,3548.78463745117,-1874.14233398438,40,15,7,0.175,7
18321_a,3548.78463745117,-1824.14233398438,61,19,7,0.114754098360656,7
18321_a,3548.78463745117,-1774.14233398438,93,17,8,0.0860215053763441,8
18321_a,3548.78463745117,-1724.14233398438,120,13,12,0.1,12
18321_a,3548.78463745117,-1674.14233398438,147,9,9,0.0612244897959184,9
18321_a,3548.78463745117,-1624.14233398438,173,6,9,0.0520231213872832,9
18321_a,3598.78463745117,-1874.14233398438,44,12,3,0.0681818181818182,3
18321_a,3598.78463745117,-1824.14233398438,73,15,3,0.0410958904109589,3
18321_a,3598.78463745117,-1774.14233398438,118,13,4,0.0338983050847458,4
18321_a,3598.78463745117,-1724.14233398438,143,10,9,0.0629370629370629,9
18321_a,3598.78463745117,-1674.14233398438,165,6,6,0.0363636363636364,6
18321_a,3648.78463745117,-1874.14233398438,54,5,3,0.0555555555555556,3
18321_a,3648.78463745117,-1824.14233398438,89,5,3,0.0337078651685393,3
18321_a,3798.78463745117,-1374.14233398438,141,7,8,0.0567375886524823,8
18321_a,3798.78463745117,-1324.14233398438,110,9,8,0.0727272727272727,8
18321_a,3798.78463745117,-1274.14233398438,80,8,3,0.0375,3
18321_a,3798.78463745117,-1224.14233398438,44,6,0,0,0
18321_a,3848.78463745117,-1374.14233398438,149,9,12,0.0805369127516778,12
18321_a,3848.78463745117,-1324.14233398438,113,14,12,0.106194690265487,12
18321_a,3848.78463745117,-1274.14233398438,81,13,7,0.0864197530864198,7
18321_a,3848.78463745117,-1224.14233398438,38,12,4,0.105263157894737,4
18321_a,3898.78463745117,-1374.14233398438,177,8,13,0.0734463276836158,13
18321_a,3898.78463745117,-1324.14233398438,135,14,13,0.0962962962962963,13
18321_a,3898.78463745117,-1274.14233398438,100,13,8,0.08,8
18321_a,3898.78463745117,-1224.14233398438,51,13,8,0.156862745098039,8
18321_a,3948.78463745117,-1374.14233398438,196,8,11,0.0561224489795918,11
18321_a,3948.78463745117,-1324.14233398438,162,14,11,0.0679012345679012,11
18321_a,3948.78463745117,-1274.14233398438,126,13,8,0.0634920634920635,8
18321_a,3948.78463745117,-1224.14233398438,76,13,8,0.105263157894737,8
18321_a,3948.78463745117,-1174.14233398438,33,12,0,0,0
18321_a,3998.78463745117,-1374.14233398438,218,6,8,0.036697247706422,8
18321_a,3998.78463745117,-1324.14233398438,190,12,8,0.0421052631578947,8
18321_a,3998.78463745117,-1274.14233398438,154,12,8,0.051948051948052,8
18321_a,3998.78463745117,-1224.14233398438,104,12,8,0.0769230769230769,8
18321_a,3998.78463745117,-1174.14233398438,59,11,0,0,0
18321_a,4048.78463745117,-1324.14233398438,198,7,8,0.0404040404040404,8
18321_a,4048.78463745117,-1274.14233398438,168,7,8,0.0476190476190476,8
18321_a,4048.78463745117,-1224.14233398438,121,7,8,0.0661157024793388,8
18321_a,4048.78463745117,-1174.14233398438,79,6,0,0,0
18321_a,5548.78463745117,-1274.14233398438,134,12,10,0.0746268656716418,10
18321_a,5548.78463745117,-1224.14233398438,145,13,11,0.0758620689655172,11
18321_a,5548.78463745117,-1174.14233398438,155,13,11,0.0709677419354839,11
18321_a,5548.78463745117,-1124.14233398438,151,13,10,0.0662251655629139,10
18321_a,5548.78463745117,-1074.14233398438,142,12,4,0.028169014084507,4
18321_a,5598.78463745117,-1274.14233398438,147,12,10,0.0680272108843538,10
18321_a,5598.78463745117,-1224.14233398438,159,13,11,0.0691823899371069,11
18321_a,5598.78463745117,-1174.14233398438,168,13,11,0.0654761904761905,11
18321_a,5598.78463745117,-1124.14233398438,167,13,10,0.0598802395209581,10
18321_a,5598.78463745117,-1074.14233398438,153,12,4,0.0261437908496732,4
18321_a,5648.78463745117,-1274.14233398438,157,12,9,0.0573248407643312,9
18321_a,5648.78463745117,-1224.14233398438,169,14,14,0.0828402366863906,14
18321_a,5648.78463745117,-1174.14233398438,177,14,17,0.096045197740113,17
18321_a,5648.78463745117,-1124.14233398438,173,14,16,0.092485549132948,16
18321_a,5648.78463745117,-1074.14233398438,158,13,11,0.069620253164557,11
18321_a,5698.78463745117,-1274.14233398438,164,11,5,0.0304878048780488,5
18321_a,5698.78463745117,-1224.14233398438,181,13,10,0.0552486187845304,10
18321_a,5698.78463745117,-1174.14233398438,183,14,16,0.0874316939890711,16
18321_a,5698.78463745117,-1124.14233398438,179,14,16,0.0893854748603352,16
18321_a,5698.78463745117,-1074.14233398438,157,14,14,0.089171974522293,14
18321_a,5748.78463745117,-1274.14233398438,163,9,1,0.00613496932515337,1
18321_a,5748.78463745117,-1224.14233398438,183,11,6,0.0327868852459016,6
18321_a,5748.78463745117,-1174.14233398438,180,13,16,0.0888888888888889,16
18321_a,5748.78463745117,-1124.14233398438,176,13,17,0.0965909090909091,17
18321_a,5748.78463745117,-1074.14233398438,154,13,16,0.103896103896104,16
18321_a,5798.78463745117,-1174.14233398438,182,7,17,0.0934065934065934,17
18321_a,5798.78463745117,-1124.14233398438,174,7,18,0.103448275862069,18
18321_a,5798.78463745117,-1074.14233398438,150,7,18,0.12,18
18321_a,5798.78463745117,-1024.14233398437,152,7,18,0.118421052631579,18
18321_a,5848.78463745117,-1224.14233398438,187,6,17,0.0909090909090909,17
18321_a,5848.78463745117,-1174.14233398438,173,20,27,0.15606936416185,27
18321_a,5848.78463745117,-1124.14233398438,154,19,23,0.149350649350649,23
18321_a,5848.78463745117,-1074.14233398438,130,20,23,0.176923076923077,23
18321_a,5848.78463745117,-1024.14233398437,117,23,22,0.188034188034188,22
18321_a,5898.78463745117,-1224.14233398438,176,6,20,0.113636363636364,20
18321_a,5898.78463745117,-1174.14233398438,158,27,26,0.164556962025316,26
18321_a,5898.78463745117,-1124.14233398438,130,30,20,0.153846153846154,20
18321_a,5898.78463745117,-1074.14233398438,102,31,20,0.196078431372549,20
18321_a,5898.78463745117,-1024.14233398437,90,40,19,0.211111111111111,19
18321_a,5948.78463745117,-1224.14233398438,178,6,20,0.112359550561798,20
18321_a,5948.78463745117,-1174.14233398438,158,28,24,0.151898734177215,24
18321_a,5948.78463745117,-1124.14233398438,123,35,19,0.154471544715447,19
18321_a,5948.78463745117,-1074.14233398438,92,36,19,0.206521739130435,19
18321_a,5948.78463745117,-1024.14233398437,71,47,18,0.253521126760563,18
18321_a,5998.78463745117,-1224.14233398438,169,6,20,0.118343195266272,20
18321_a,5998.78463745117,-1174.14233398438,154,27,21,0.136363636363636,21
18321_a,5998.78463745117,-1124.14233398438,117,34,15,0.128205128205128,15
18321_a,5998.78463745117,-1074.14233398438,82,35,15,0.182926829268293,15
18321_a,5998.78463745117,-1024.14233398437,54,48,14,0.259259259259259,14
18321_a,6048.78463745117,-1224.14233398438,165,5,17,0.103030303030303,17
18321_a,6048.78463745117,-1174.14233398438,167,23,18,0.107784431137725,18
18321_a,6048.78463745117,-1124.14233398438,138,30,12,0.0869565217391304,12
18321_a,6048.78463745117,-1074.14233398438,109,34,15,0.137614678899083,15
18321_a,6048.78463745117,-1024.14233398437,71,49,13,0.183098591549296,13
18321_a,6098.78463745117,-1174.14233398438,188,10,4,0.0212765957446809,4
18321_a,6098.78463745117,-1124.14233398438,168,18,5,0.0297619047619048,5
18321_a,6098.78463745117,-1074.14233398438,140,21,8,0.0571428571428571,8
18321_a,6098.78463745117,-1024.14233398437,104,33,8,0.0769230769230769,8
18321_a,6148.78463745117,-1124.14233398438,201,6,3,0.0149253731343284,3
18321_a,6148.78463745117,-1074.14233398438,181,9,6,0.0331491712707182,6
18321_a,6148.78463745117,-1024.14233398437,145,15,6,0.0413793103448276,6
18321_a,6198.78463745117,-1024.14233398437,160,7,3,0.01875,3
18321_a,6248.78463745117,-1024.14233398437,196,5,3,0.0153061224489796,3
24774_d,12943.8946533203,-1652.76489257813,90,10,3,0.0333333333333333,3
24774_d,12943.8946533203,-1602.76489257813,126,10,3,0.0238095238095238,3
24774_d,12943.8946533203,-1552.76489257813,154,11,7,0.0454545454545455,7
24774_d,12943.8946533203,-1502.76489257813,163,11,7,0.0429447852760736,7
24774_d,12943.8946533203,-1452.76489257813,166,9,5,0.0301204819277108,5
24774_d,12993.8946533203,-1652.76489257813,87,23,3,0.0344827586206897,3
24774_d,12993.8946533203,-1602.76489257813,117,23,5,0.0427350427350427,5
24774_d,12993.8946533203,-1552.76489257813,143,24,9,0.0629370629370629,9
24774_d,12993.8946533203,-1502.76489257813,152,24,9,0.0592105263157895,9
24774_d,12993.8946533203,-1452.76489257813,152,22,7,0.0460526315789474,7
24774_d,13043.8946533203,-1652.76489257813,75,25,9,0.12,9
24774_d,13043.8946533203,-1602.76489257813,100,30,14,0.14,14
24774_d,13043.8946533203,-1552.76489257813,115,33,18,0.156521739130435,18
24774_d,13043.8946533203,-1502.76489257813,126,33,18,0.142857142857143,18
24774_d,13043.8946533203,-1452.76489257813,131,31,13,0.099236641221374,13
24774_d,13043.8946533203,-1402.76489257813,150,8,5,0.0333333333333333,5
24774_d,13093.8946533203,-1652.76489257813,82,25,9,0.109756097560976,9
24774_d,13093.8946533203,-1602.76489257813,104,30,15,0.144230769230769,15
24774_d,13093.8946533203,-1552.76489257813,110,33,19,0.172727272727273,19
24774_d,13093.8946533203,-1502.76489257813,110,33,19,0.172727272727273,19
24774_d,13093.8946533203,-1452.76489257813,111,31,14,0.126126126126126,14
24774_d,13093.8946533203,-1402.76489257813,139,8,6,0.0431654676258993,6
24774_d,13143.8946533203,-1652.76489257813,81,25,9,0.111111111111111,9
24774_d,13143.8946533203,-1602.76489257813,106,30,15,0.141509433962264,15
24774_d,13143.8946533203,-1552.76489257813,108,32,15,0.138888888888889,15
24774_d,13143.8946533203,-1502.76489257813,105,32,15,0.142857142857143,15
24774_d,13143.8946533203,-1452.76489257813,101,30,10,0.099009900990099,10
24774_d,13143.8946533203,-1402.76489257813,131,7,2,0.0152671755725191,2
24774_d,13193.8946533203,-1652.76489257813,92,15,6,0.0652173913043478,6
24774_d,13193.8946533203,-1602.76489257813,118,20,11,0.0932203389830508,11
24774_d,13193.8946533203,-1552.76489257813,120,22,11,0.0916666666666667,11
24774_d,13193.8946533203,-1502.76489257813,122,22,11,0.0901639344262295,11
24774_d,13193.8946533203,-1452.76489257813,114,22,8,0.0701754385964912,8
24774_d,13193.8946533203,-1402.76489257813,127,7,2,0.015748031496063,2
24774_d,13243.8946533203,-1602.76489257813,125,7,7,0.056,7
24774_d,13243.8946533203,-1552.76489257813,130,9,7,0.0538461538461539,7
24774_d,13243.8946533203,-1502.76489257813,129,9,7,0.0542635658914729,7
24774_d,13243.8946533203,-1452.76489257813,122,9,5,0.040983606557377,5
24774_d,13243.8946533203,-1402.76489257813,133,7,2,0.0150375939849624,2
24774_d,13393.8946533203,-1252.76489257813,110,5,0,0,0
24774_d,13393.8946533203,-1202.76489257813,101,5,0,0,0
24774_d,13393.8946533203,-1152.76489257813,97,5,0,0,0
24774_d,13393.8946533203,-1102.76489257813,81,5,0,0,0
24774_d,13443.8946533203,-1252.76489257813,113,5,0,0,0
24774_d,13443.8946533203,-1202.76489257813,101,7,3,0.0297029702970297,3
24774_d,13443.8946533203,-1152.76489257813,90,7,3,0.0333333333333333,3
24774_d,13443.8946533203,-1102.76489257813,72,7,3,0.0416666666666667,3
24774_d,13443.8946533203,-1052.76489257813,51,6,3,0.0588235294117647,3
24774_d,13493.8946533203,-1352.76489257813,140,29,8,0.0571428571428571,8
24774_d,13493.8946533203,-1302.76489257813,122,30,8,0.0655737704918033,8
24774_d,13493.8946533203,-1252.76489257813,109,34,8,0.073394495412844,8
24774_d,13493.8946533203,-1202.76489257813,101,36,11,0.108910891089109,11
24774_d,13493.8946533203,-1152.76489257813,78,34,5,0.0641025641025641,5
24774_d,13493.8946533203,-1102.76489257813,65,7,3,0.0461538461538462,3
24774_d,13493.8946533203,-1052.76489257813,49,6,3,0.0612244897959184,3
24774_d,13543.8946533203,-1352.76489257813,141,31,9,0.0638297872340426,9
24774_d,13543.8946533203,-1302.76489257813,124,32,9,0.0725806451612903,9
24774_d,13543.8946533203,-1252.76489257813,112,36,9,0.0803571428571429,9
24774_d,13543.8946533203,-1202.76489257813,102,38,12,0.117647058823529,12
24774_d,13543.8946533203,-1152.76489257813,77,36,5,0.0649350649350649,5
24774_d,13543.8946533203,-1102.76489257813,66,7,3,0.0454545454545455,3
24774_d,13543.8946533203,-1052.76489257813,47,6,3,0.0638297872340426,3
24774_d,13593.8946533203,-1352.76489257813,143,31,9,0.0629370629370629,9
24774_d,13593.8946533203,-1302.76489257813,119,32,9,0.0756302521008403,9
24774_d,13593.8946533203,-1252.76489257813,114,36,9,0.0789473684210526,9
24774_d,13593.8946533203,-1202.76489257813,99,38,12,0.121212121212121,12
24774_d,13593.8946533203,-1152.76489257813,69,36,5,0.072463768115942,5
24774_d,13593.8946533203,-1102.76489257813,57,7,3,0.0526315789473684,3
24774_d,13593.8946533203,-1052.76489257813,42,6,3,0.0714285714285714,3
24774_d,13643.8946533203,-1352.76489257813,140,31,9,0.0642857142857143,9
24774_d,13643.8946533203,-1302.76489257813,123,31,9,0.0731707317073171,9
24774_d,13643.8946533203,-1252.76489257813,126,31,9,0.0714285714285714,9
24774_d,13643.8946533203,-1202.76489257813,124,33,12,0.0967741935483871,12
24774_d,13643.8946533203,-1152.76489257813,94,31,5,0.0531914893617021,5
24774_d,13693.8946533203,-1352.76489257813,147,31,8,0.054421768707483,8
24774_d,13693.8946533203,-1302.76489257813,128,31,8,0.0625,8
24774_d,13693.8946533203,-1252.76489257813,131,31,8,0.0610687022900763,8
24774_d,13693.8946533203,-1202.76489257813,133,31,8,0.0601503759398496,8
24774_d,13693.8946533203,-1152.76489257813,103,29,1,0.00970873786407767,1
24774_d,13743.8946533203,-1702.76489257813,62,5,5,0.0806451612903226,5
24774_d,13743.8946533203,-1652.76489257813,78,9,6,0.0769230769230769,6
24774_d,13743.8946533203,-1602.76489257813,103,10,7,0.0679611650485437,7
24774_d,13743.8946533203,-1552.76489257813,108,10,7,0.0648148148148148,7
24774_d,13743.8946533203,-1502.76489257813,122,9,6,0.0491803278688525,6
24774_d,13743.8946533203,-1452.76489257813,136,5,2,0.0147058823529412,2
24774_d,13793.8946533203,-1702.76489257813,62,9,7,0.112903225806452,7
24774_d,13793.8946533203,-1652.76489257813,75,20,11,0.146666666666667,11
24774_d,13793.8946533203,-1602.76489257813,94,21,12,0.127659574468085,12
24774_d,13793.8946533203,-1552.76489257813,103,21,12,0.116504854368932,12
24774_d,13793.8946533203,-1502.76489257813,116,20,11,0.0948275862068965,11
24774_d,13793.8946533203,-1452.76489257813,127,12,5,0.0393700787401575,5
24774_d,13843.8946533203,-1702.76489257813,62,9,7,0.112903225806452,7
24774_d,13843.8946533203,-1652.76489257813,77,20,13,0.168831168831169,13
24774_d,13843.8946533203,-1602.76489257813,91,21,14,0.153846153846154,14
24774_d,13843.8946533203,-1552.76489257813,102,21,14,0.137254901960784,14
24774_d,13843.8946533203,-1502.76489257813,116,20,13,0.112068965517241,13
24774_d,13843.8946533203,-1452.76489257813,125,12,7,0.056,7
24774_d,13893.8946533203,-1702.76489257813,68,9,7,0.102941176470588,7
24774_d,13893.8946533203,-1652.76489257813,88,20,13,0.147727272727273,13
24774_d,13893.8946533203,-1602.76489257813,103,20,13,0.12621359223301,13
24774_d,13893.8946533203,-1552.76489257813,112,20,13,0.116071428571429,13
24774_d,13893.8946533203,-1502.76489257813,120,19,12,0.1,12
24774_d,13893.8946533203,-1452.76489257813,131,11,6,0.0458015267175573,6
24774_d,13943.8946533203,-1702.76489257813,68,8,5,0.0735294117647059,5
24774_d,13943.8946533203,-1652.76489257813,95,18,10,0.105263157894737,10
24774_d,13943.8946533203,-1602.76489257813,109,18,10,0.091743119266055,10
24774_d,13943.8946533203,-1552.76489257813,113,18,10,0.0884955752212389,10
24774_d,13943.8946533203,-1502.76489257813,117,17,9,0.0769230769230769,9
24774_d,13943.8946533203,-1452.76489257813,131,10,5,0.0381679389312977,5
24774_d,13993.8946533203,-1652.76489257813,110,11,7,0.0636363636363636,7
24774_d,13993.8946533203,-1602.76489257813,116,11,7,0.0603448275862069,7
24774_d,13993.8946533203,-1552.76489257813,120,11,7,0.0583333333333333,7
24774_d,13993.8946533203,-1502.76489257813,118,11,7,0.0593220338983051,7
24774_d,13993.8946533203,-1452.76489257813,131,7,5,0.0381679389312977,5
24774_d,14043.8946533203,-2102.76489257812,36,5,3,0.0833333333333333,3
24774_d,14043.8946533203,-2052.76489257813,66,5,3,0.0454545454545455,3
24774_d,14043.8946533203,-2002.76489257813,92,5,3,0.0326086956521739,3
24774_d,14043.8946533203,-1952.76489257813,117,5,3,0.0256410256410256,3
24774_d,14093.8946533203,-2102.76489257812,54,9,10,0.185185185185185,10
24774_d,14093.8946533203,-2052.76489257813,82,9,10,0.121951219512195,10
24774_d,14093.8946533203,-2002.76489257813,103,9,10,0.0970873786407767,10
24774_d,14093.8946533203,-1952.76489257813,118,5,3,0.0254237288135593,3
24774_d,14143.8946533203,-2202.76489257813,59,8,10,0.169491525423729,10
24774_d,14143.8946533203,-2152.76489257813,55,9,10,0.181818181818182,10
24774_d,14143.8946533203,-2102.76489257812,71,9,10,0.140845070422535,10
24774_d,14143.8946533203,-2052.76489257813,97,9,10,0.103092783505155,10
24774_d,14143.8946533203,-2002.76489257813,117,9,10,0.0854700854700855,10
24774_d,14143.8946533203,-1952.76489257813,127,5,3,0.0236220472440945,3
24774_d,14193.8946533203,-2202.76489257813,87,8,10,0.114942528735632,10
24774_d,14193.8946533203,-2152.76489257813,80,8,10,0.125,10
24774_d,14193.8946533203,-2102.76489257812,89,8,10,0.112359550561798,10
24774_d,14193.8946533203,-2052.76489257813,106,8,10,0.0943396226415094,10
24774_d,14193.8946533203,-2002.76489257813,123,8,10,0.0813008130081301,10
24774_d,14243.8946533203,-2202.76489257813,111,6,8,0.0720720720720721,8
24774_d,14243.8946533203,-2152.76489257813,101,5,8,0.0792079207920792,8
24774_d,14243.8946533203,-2102.76489257812,106,5,8,0.0754716981132076,8
24774_d,14243.8946533203,-2052.76489257813,121,5,8,0.0661157024793388,8
24774_d,14243.8946533203,-2002.76489257813,130,5,8,0.0615384615384615,8
24774_d,14993.8946533203,-1402.76489257813,158,12,6,0.0379746835443038,6
24774_d,14993.8946533203,-1352.76489257813,163,17,10,0.0613496932515337,10
24774_d,14993.8946533203,-1302.76489257813,155,17,10,0.0645161290322581,10
24774_d,14993.8946533203,-1252.76489257813,140,17,9,0.0642857142857143,9
24774_d,14993.8946533203,-1202.76489257813,138,14,4,0.0289855072463768,4
24774_d,14993.8946533203,-1152.76489257813,150,5,4,0.0266666666666667,4
24774_d,15043.8946533203,-2352.76489257813,87,6,1,0.0114942528735632,1
24774_d,15043.8946533203,-2302.76489257813,106,7,1,0.00943396226415094,1
24774_d,15043.8946533203,-2252.76489257813,126,7,1,0.00793650793650794,1
24774_d,15043.8946533203,-2202.76489257813,122,7,1,0.00819672131147541,1
24774_d,15043.8946533203,-2152.76489257813,109,7,1,0.0091743119266055,1
24774_d,15043.8946533203,-1552.76489257813,124,17,3,0.0241935483870968,3
24774_d,15043.8946533203,-1502.76489257813,129,26,2,0.0155038759689922,2
24774_d,15043.8946533203,-1452.76489257813,134,48,7,0.0522388059701493,7
24774_d,15043.8946533203,-1402.76489257813,126,103,8,0.0634920634920635,8
24774_d,15043.8946533203,-1352.76489257813,128,132,13,0.1015625,13
24774_d,15043.8946533203,-1302.76489257813,128,118,12,0.09375,12
24774_d,15043.8946533203,-1252.76489257813,126,109,11,0.0873015873015873,11
24774_d,15043.8946533203,-1202.76489257813,136,85,6,0.0441176470588235,6
24774_d,15043.8946533203,-1152.76489257813,150,30,6,0.04,6
24774_d,15093.8946533203,-2352.76489257813,65,9,3,0.0461538461538462,3
24774_d,15093.8946533203,-2302.76489257813,77,10,3,0.038961038961039,3
24774_d,15093.8946533203,-2252.76489257813,102,10,3,0.0294117647058824,3
24774_d,15093.8946533203,-2202.76489257813,107,10,3,0.0280373831775701,3
24774_d,15093.8946533203,-2152.76489257813,102,9,1,0.00980392156862745,1
24774_d,15093.8946533203,-1552.76489257813,122,40,7,0.0573770491803279,7
24774_d,15093.8946533203,-1502.76489257813,114,80,6,0.0526315789473684,6
24774_d,15093.8946533203,-1452.76489257813,108,131,11,0.101851851851852,11
24774_d,15093.8946533203,-1402.76489257813,92,198,12,0.130434782608696,12
24774_d,15093.8946533203,-1352.76489257813,93,267,17,0.182795698924731,17
24774_d,15093.8946533203,-1302.76489257813,96,243,14,0.145833333333333,14
24774_d,15093.8946533203,-1252.76489257813,111,203,13,0.117117117117117,13
24774_d,15093.8946533203,-1202.76489257813,123,150,8,0.0650406504065041,8
24774_d,15093.8946533203,-1152.76489257813,145,85,12,0.0827586206896552,12
24774_d,15093.8946533203,-1102.76489257813,154,16,12,0.0779220779220779,12
24774_d,15143.8946533203,-2352.76489257813,49,9,3,0.0612244897959184,3
24774_d,15143.8946533203,-2302.76489257813,51,10,3,0.0588235294117647,3
24774_d,15143.8946533203,-2252.76489257813,71,10,3,0.0422535211267606,3
24774_d,15143.8946533203,-2202.76489257813,82,10,3,0.0365853658536585,3
24774_d,15143.8946533203,-2152.76489257813,79,9,1,0.0126582278481013,1
24774_d,15143.8946533203,-1552.76489257813,120,45,10,0.0833333333333333,10
24774_d,15143.8946533203,-1502.76489257813,106,100,12,0.113207547169811,12
24774_d,15143.8946533203,-1452.76489257813,90,162,17,0.188888888888889,17
24774_d,15143.8946533203,-1402.76489257813,70,258,18,0.257142857142857,18
24774_d,15143.8946533203,-1352.76489257813,62,343,20,0.32258064516129,20
24774_d,15143.8946533203,-1302.76489257813,73,332,23,0.315068493150685,23
24774_d,15143.8946533203,-1252.76489257813,97,277,19,0.195876288659794,19
24774_d,15143.8946533203,-1202.76489257813,117,213,14,0.11965811965812,14
24774_d,15143.8946533203,-1152.76489257813,141,119,19,0.134751773049645,19
24774_d,15143.8946533203,-1102.76489257813,159,33,19,0.119496855345912,19
24774_d,15193.8946533203,-2352.76489257813,39,9,3,0.0769230769230769,3
24774_d,15193.8946533203,-2302.76489257813,43,10,3,0.0697674418604651,3
24774_d,15193.8946533203,-2252.76489257813,61,10,3,0.0491803278688525,3
24774_d,15193.8946533203,-2202.76489257813,83,10,3,0.036144578313253,3
24774_d,15193.8946533203,-2152.76489257813,80,9,1,0.0125,1
24774_d,15193.8946533203,-1552.76489257813,120,45,10,0.0833333333333333,10
24774_d,15193.8946533203,-1502.76489257813,104,100,13,0.125,13
24774_d,15193.8946533203,-1452.76489257813,82,176,18,0.219512195121951,18
24774_d,15193.8946533203,-1402.76489257813,53,286,19,0.358490566037736,19
24774_d,15193.8946533203,-1352.76489257813,39,392,21,0.538461538461538,21
24774_d,15193.8946533203,-1302.76489257813,42,404,24,0.571428571428571,24
24774_d,15193.8946533203,-1252.76489257813,73,351,22,0.301369863013699,22
24774_d,15193.8946533203,-1202.76489257813,94,273,17,0.180851063829787,17
24774_d,15193.8946533203,-1152.76489257813,117,165,22,0.188034188034188,22
24774_d,15193.8946533203,-1102.76489257813,137,58,22,0.160583941605839,22
24774_d,15193.8946533203,-1052.76489257813,142,5,14,0.0985915492957746,14
24774_d,15243.8946533203,-2352.76489257813,36,8,3,0.0833333333333333,3
24774_d,15243.8946533203,-2302.76489257813,46,8,3,0.0652173913043478,3
24774_d,15243.8946533203,-2252.76489257813,65,8,3,0.0461538461538462,3
24774_d,15243.8946533203,-2202.76489257813,92,8,3,0.0326086956521739,3
24774_d,15243.8946533203,-2152.76489257813,91,7,1,0.010989010989011,1
24774_d,15243.8946533203,-1552.76489257813,120,43,8,0.0666666666666667,8
24774_d,15243.8946533203,-1502.76489257813,99,99,12,0.121212121212121,12
24774_d,15243.8946533203,-1452.76489257813,66,184,12,0.181818181818182,12
24774_d,15243.8946533203,-1402.76489257813,38,298,12,0.315789473684211,12
24774_d,15243.8946533203,-1252.76489257813,52,365,14,0.269230769230769,14
24774_d,15243.8946533203,-1202.76489257813,77,280,14,0.181818181818182,14
24774_d,15243.8946533203,-1152.76489257813,100,168,19,0.19,19
24774_d,15243.8946533203,-1102.76489257813,121,59,16,0.132231404958678,16
24774_d,15293.8946533203,-1552.76489257813,136,28,7,0.0514705882352941,7
24774_d,15293.8946533203,-1502.76489257813,123,75,12,0.0975609756097561,12
24774_d,15293.8946533203,-1452.76489257813,91,143,14,0.153846153846154,14
24774_d,15293.8946533203,-1402.76489257813,58,217,15,0.258620689655172,15
24774_d,15293.8946533203,-1352.76489257813,37,301,14,0.378378378378378,14
24774_d,15293.8946533203,-1252.76489257813,42,288,15,0.357142857142857,15
24774_d,15293.8946533203,-1202.76489257813,67,220,14,0.208955223880597,14
24774_d,15293.8946533203,-1152.76489257813,87,148,18,0.206896551724138,18
24774_d,15293.8946533203,-1102.76489257813,109,63,16,0.146788990825688,16
24774_d,15293.8946533203,-1052.76489257813,133,5,9,0.0676691729323308,9
24774_d,15343.8946533203,-1552.76489257813,133,5,3,0.0225563909774436,3
24774_d,15343.8946533203,-1502.76489257813,132,21,8,0.0606060606060606,8
24774_d,15343.8946533203,-1452.76489257813,107,60,11,0.102803738317757,11
24774_d,15343.8946533203,-1402.76489257813,82,122,12,0.146341463414634,12
24774_d,15343.8946533203,-1352.76489257813,59,166,12,0.203389830508475,12
24774_d,15343.8946533203,-1302.76489257813,41,210,18,0.439024390243902,18
24774_d,15343.8946533203,-1252.76489257813,44,198,16,0.363636363636364,16
24774_d,15343.8946533203,-1202.76489257813,68,159,14,0.205882352941176,14
24774_d,15343.8946533203,-1152.76489257813,81,97,13,0.160493827160494,13
24774_d,15343.8946533203,-1102.76489257813,100,52,10,0.1,10
24774_d,15393.8946533203,-1452.76489257813,128,30,5,0.0390625,5
24774_d,15393.8946533203,-1402.76489257813,106,63,9,0.0849056603773585,9
24774_d,15393.8946533203,-1352.76489257813,85,91,12,0.141176470588235,12
24774_d,15393.8946533203,-1302.76489257813,59,122,12,0.203389830508475,12
24774_d,15393.8946533203,-1252.76489257813,49,125,13,0.26530612244898,13
24774_d,15393.8946533203,-1202.76489257813,64,96,7,0.109375,7
24774_d,15393.8946533203,-1152.76489257813,74,63,6,0.0810810810810811,6
24774_d,15393.8946533203,-1102.76489257813,90,35,3,0.0333333333333333,3
24774_d,15443.8946533203,-1452.76489257813,136,16,5,0.0367647058823529,5
24774_d,15443.8946533203,-1402.76489257813,124,35,9,0.0725806451612903,9
24774_d,15443.8946533203,-1352.76489257813,108,42,12,0.111111111111111,12
24774_d,15443.8946533203,-1302.76489257813,82,50,12,0.146341463414634,12
24774_d,15443.8946533203,-1252.76489257813,61,55,11,0.180327868852459,11
24774_d,15443.8946533203,-1202.76489257813,64,41,8,0.125,8
24774_d,15443.8946533203,-1152.76489257813,66,22,7,0.106060606060606,7
24774_d,15443.8946533203,-1102.76489257813,77,15,4,0.051948051948052,4
24774_d,15443.8946533203,-1052.76489257813,108,7,4,0.037037037037037,4
24774_d,15493.8946533203,-1452.76489257813,150,5,4,0.0266666666666667,4
24774_d,15493.8946533203,-1402.76489257813,140,11,8,0.0571428571428571,8
24774_d,15493.8946533203,-1352.76489257813,126,12,10,0.0793650793650794,10
24774_d,15493.8946533203,-1302.76489257813,100,18,10,0.1,10
24774_d,15493.8946533203,-1252.76489257813,71,30,10,0.140845070422535,10
24774_d,15493.8946533203,-1202.76489257813,67,26,7,0.104477611940299,7
24774_d,15493.8946533203,-1152.76489257813,66,20,6,0.0909090909090909,6
24774_d,15493.8946533203,-1102.76489257813,74,19,4,0.0540540540540541,4
24774_d,15493.8946533203,-1052.76489257813,106,13,4,0.0377358490566038,4
24774_d,15543.8946533203,-1252.76489257813,85,15,4,0.0470588235294118,4
24774_d,15543.8946533203,-1202.76489257813,72,17,3,0.0416666666666667,3
24774_d,15543.8946533203,-1152.76489257813,66,18,3,0.0454545454545455,3
24774_d,15543.8946533203,-1102.76489257813,70,18,3,0.0428571428571429,3
24774_d,15543.8946533203,-1052.76489257813,92,15,3,0.0326086956521739,3
24774_d,15593.8946533203,-1252.76489257813,85,11,4,0.0470588235294118,4
24774_d,15593.8946533203,-1202.76489257813,65,16,3,0.0461538461538462,3
24774_d,15593.8946533203,-1152.76489257813,63,18,3,0.0476190476190476,3
24774_d,15593.8946533203,-1102.76489257813,64,18,3,0.046875,3
24774_d,15593.8946533203,-1052.76489257813,83,18,3,0.036144578313253,3
24774_d,15593.8946533203,-1002.76489257813,108,8,3,0.0277777777777778,3
24774_d,15643.8946533203,-1252.76489257813,81,15,1,0.0123456790123457,1
24774_d,15643.8946533203,-1202.76489257813,59,22,3,0.0508474576271187,3
24774_d,15643.8946533203,-1152.76489257813,52,27,3,0.0576923076923077,3
24774_d,15643.8946533203,-1102.76489257813,56,27,3,0.0535714285714286,3
24774_d,15643.8946533203,-1052.76489257813,77,26,2,0.025974025974026,2
24774_d,15643.8946533203,-1002.76489257813,107,12,2,0.0186915887850467,2
24774_d,15643.8946533203,-952.764892578125,104,5,0,0,0
24774_d,15693.8946533203,-1252.76489257813,73,15,1,0.0136986301369863,1
24774_d,15693.8946533203,-1202.76489257813,51,26,1,0.0196078431372549,1
24774_d,15693.8946533203,-1152.76489257813,43,34,1,0.0232558139534884,1
24774_d,15693.8946533203,-1102.76489257813,53,34,1,0.0188679245283019,1
24774_d,15693.8946533203,-1052.76489257813,76,32,0,0,0
24774_d,15693.8946533203,-1002.76489257813,108,19,0,0,0
24774_d,15693.8946533203,-952.764892578125,110,8,0,0,0
24774_d,15743.8946533203,-1502.76489257813,97,15,5,0.0515463917525773,5
24774_d,15743.8946533203,-1452.76489257813,92,17,2,0.0217391304347826,2
24774_d,15743.8946533203,-1402.76489257813,102,17,2,0.0196078431372549,2
24774_d,15743.8946533203,-1352.76489257813,100,17,2,0.02,2
24774_d,15743.8946533203,-1302.76489257813,88,17,3,0.0340909090909091,3
24774_d,15743.8946533203,-1252.76489257813,65,16,1,0.0153846153846154,1
24774_d,15743.8946533203,-1202.76489257813,45,28,1,0.0222222222222222,1
24774_d,15743.8946533203,-1152.76489257813,30,39,1,0.0333333333333333,1
24774_d,15743.8946533203,-1102.76489257813,41,41,1,0.024390243902439,1
24774_d,15743.8946533203,-1052.76489257813,62,39,0,0,0
24774_d,15743.8946533203,-1002.76489257813,96,28,0,0,0
24774_d,15743.8946533203,-952.764892578125,98,13,0,0,0
24774_d,15793.8946533203,-1502.76489257813,93,32,3,0.032258064516129,3
24774_d,15793.8946533203,-1452.76489257813,81,37,3,0.037037037037037,3
24774_d,15793.8946533203,-1402.76489257813,84,37,3,0.0357142857142857,3
24774_d,15793.8946533203,-1352.76489257813,79,37,3,0.0379746835443038,3
24774_d,15793.8946533203,-1302.76489257813,64,36,3,0.046875,3
24774_d,15793.8946533203,-1252.76489257813,45,20,1,0.0222222222222222,1
24774_d,15793.8946533203,-1052.76489257813,51,45,0,0,0
24774_d,15793.8946533203,-1002.76489257813,80,33,0,0,0
24774_d,15793.8946533203,-952.764892578125,82,20,0,0,0
24774_d,15843.8946533203,-1502.76489257813,101,32,3,0.0297029702970297,3
24774_d,15843.8946533203,-1452.76489257813,83,37,3,0.036144578313253,3
24774_d,15843.8946533203,-1402.76489257813,76,37,3,0.0394736842105263,3
24774_d,15843.8946533203,-1352.76489257813,65,37,3,0.0461538461538462,3
24774_d,15843.8946533203,-1302.76489257813,50,36,3,0.06,3
24774_d,15843.8946533203,-1252.76489257813,34,20,1,0.0294117647058824,1
24774_d,15843.8946533203,-1052.76489257813,37,76,0,0,0
24774_d,15843.8946533203,-1002.76489257813,63,65,1,0.0158730158730159,1
24774_d,15843.8946533203,-952.764892578125,64,51,1,0.015625,1
24774_d,15893.8946533203,-1502.76489257813,103,32,3,0.029126213592233,3
24774_d,15893.8946533203,-1452.76489257813,78,37,3,0.0384615384615385,3
24774_d,15893.8946533203,-1402.76489257813,64,37,3,0.046875,3
24774_d,15893.8946533203,-1352.76489257813,46,37,3,0.0652173913043478,3
24774_d,15893.8946533203,-1302.76489257813,35,35,2,0.0571428571428571,2
24774_d,15893.8946533203,-1052.76489257813,32,142,1,0.03125,1
24774_d,15893.8946533203,-1002.76489257813,48,144,4,0.0833333333333333,4
24774_d,15893.8946533203,-952.764892578125,45,130,4,0.0888888888888889,4
24774_d,15943.8946533203,-1502.76489257813,92,32,3,0.0326086956521739,3
24774_d,15943.8946533203,-1452.76489257813,69,37,3,0.0434782608695652,3
24774_d,15943.8946533203,-1402.76489257813,57,38,7,0.12280701754386,7
24774_d,15943.8946533203,-1352.76489257813,36,38,7,0.194444444444444,7
24774_d,15943.8946533203,-1252.76489257813,31,12,4,0.129032258064516,4
24774_d,15943.8946533203,-1202.76489257813,36,16,4,0.111111111111111,4
24774_d,15943.8946533203,-1052.76489257813,31,178,2,0.0645161290322581,2
24774_d,15943.8946533203,-1002.76489257813,36,202,5,0.138888888888889,5
24774_d,15993.8946533203,-1502.76489257813,98,18,1,0.0102040816326531,1
24774_d,15993.8946533203,-1452.76489257813,73,20,1,0.0136986301369863,1
24774_d,15993.8946533203,-1402.76489257813,58,21,5,0.0862068965517242,5
24774_d,15993.8946533203,-1352.76489257813,41,21,5,0.121951219512195,5
24774_d,15993.8946533203,-1302.76489257813,38,20,4,0.105263157894737,4
24774_d,15993.8946533203,-1252.76489257813,49,5,4,0.0816326530612245,4
24774_d,15993.8946533203,-1202.76489257813,60,8,4,0.0666666666666667,4
24774_d,15993.8946533203,-1152.76489257813,54,51,1,0.0185185185185185,1
24774_d,15993.8946533203,-1102.76489257813,54,114,3,0.0555555555555556,3
24774_d,15993.8946533203,-1052.76489257813,44,181,3,0.0681818181818182,3
24774_d,15993.8946533203,-1002.76489257813,33,224,6,0.181818181818182,6
24774_d,16043.8946533203,-1202.76489257813,77,6,4,0.051948051948052,4
24774_d,16043.8946533203,-1152.76489257813,77,44,1,0.012987012987013,1
24774_d,16043.8946533203,-1102.76489257813,81,104,3,0.037037037037037,3
24774_d,16043.8946533203,-1052.76489257813,72,175,6,0.0833333333333333,6
24774_d,16043.8946533203,-1002.76489257813,57,221,8,0.140350877192982,8
24774_d,16043.8946533203,-952.764892578125,35,224,10,0.285714285714286,10
24774_d,16093.8946533203,-1152.76489257813,83,32,1,0.0120481927710843,1
24774_d,16093.8946533203,-1102.76489257813,91,79,3,0.032967032967033,3
24774_d,16093.8946533203,-1052.76489257813,87,140,6,0.0689655172413793,6
24774_d,16093.8946533203,-1002.76489257813,73,187,10,0.136986301369863,10
24774_d,16093.8946533203,-952.764892578125,54,198,14,0.259259259259259,14
24774_d,16143.8946533203,-1102.76489257813,81,14,2,0.0246913580246914,2
24774_d,16143.8946533203,-1052.76489257813,80,66,5,0.0625,5
24774_d,16143.8946533203,-1002.76489257813,74,104,7,0.0945945945945946,7
24774_d,16143.8946533203,-952.764892578125,59,118,12,0.203389830508475,12
24774_d,16193.8946533203,-1052.76489257813,67,19,4,0.0597014925373134,4
24774_d,16193.8946533203,-1002.76489257813,68,39,8,0.117647058823529,8
24774_d,16193.8946533203,-952.764892578125,67,51,13,0.194029850746269,13
24774_d,16243.8946533203,-1002.76489257813,55,8,7,0.127272727272727,7
24774_d,16243.8946533203,-952.764892578125,59,14,10,0.169491525423729,10
24774_d,16293.8946533203,-952.764892578125,38,9,7,0.184210526315789,7
