sample,x0,y0,n_hep,n_cd4,hep_with_cd4,cd4_with_hep,cd4_at_interface_frac,contact_frac,intersperse_score
54023_b,893.953109741211,-11033.6330566406,73,53,14,10,0.188679245283019,0.191780821917808,10
54023_b,893.953109741211,-10983.6330566406,74,54,9,10,0.185185185185185,0.121621621621622,10
54023_b,1993.95310974121,-9933.63305664063,64,66,11,8,0.121212121212121,0.171875,8
54023_b,1993.95310974121,-9883.63305664063,69,58,12,7,0.120689655172414,0.173913043478261,7
54023_b,1993.95310974121,-9833.63305664063,66,52,9,6,0.115384615384615,0.136363636363636,6
54023_b,2343.95310974121,-10333.6330566406,60,56,32,20,0.357142857142857,0.533333333333333,20
54023_b,2343.95310974121,-10283.6330566406,66,67,30,21,0.313432835820896,0.454545454545455,21
54023_b,2893.95310974121,-10033.6330566406,62,58,21,22,0.379310344827586,0.338709677419355,22
54023_b,3043.95310974121,-10083.6330566406,75,59,34,31,0.525423728813559,0.453333333333333,31
54023_b,5293.95310974121,-9183.63305664063,84,64,5,17,0.265625,0.0595238095238095,17
54023_b,5293.95310974121,-9133.63305664062,72,85,6,15,0.176470588235294,0.0833333333333333,15
54023_b,5293.95310974121,-9083.63305664063,68,88,5,11,0.125,0.0735294117647059,11
54023_b,5343.95310974121,-9233.63305664063,67,81,6,17,0.209876543209877,0.0895522388059701,17
54023_b,5393.95310974121,-9283.63305664062,82,58,14,19,0.327586206896552,0.170731707317073,19
54023_b,5393.95310974121,-9233.63305664063,61,117,9,24,0.205128205128205,0.147540983606557,24
54023_b,5443.95310974121,-9283.63305664062,62,68,14,20,0.294117647058824,0.225806451612903,20
54023_b,5493.95310974121,-9283.63305664062,64,68,13,19,0.279411764705882,0.203125,19
54023_b,5593.95310974121,-9233.63305664063,68,98,6,10,0.102040816326531,0.0882352941176471,10
54023_b,5643.95310974121,-9233.63305664063,82,63,4,2,0.0317460317460317,0.0487804878048781,2
54023_b,5693.95310974121,-9183.63305664063,79,69,7,15,0.217391304347826,0.0886075949367089,15
54023_b,5743.95310974121,-9133.63305664062,62,70,8,16,0.228571428571429,0.129032258064516,16
56784_c,13400.40965271,-9430.37451171875,67,53,30,21,0.39622641509434,0.447761194029851,21
56784_c,13450.40965271,-9980.37451171875,82,67,5,7,0.104477611940299,0.0609756097560976,7
56784_c,13450.40965271,-9930.37451171875,92,79,9,9,0.113924050632911,0.0978260869565217,9
56784_c,13450.40965271,-9880.37451171875,100,87,8,8,0.0919540229885057,0.08,8
56784_c,13450.40965271,-9830.37451171875,103,85,10,5,0.0588235294117647,0.0970873786407767,5
56784_c,13450.40965271,-9780.37451171875,112,78,11,6,0.0769230769230769,0.0982142857142857,6
56784_c,13450.40965271,-9730.37451171875,102,62,11,6,0.0967741935483871,0.107843137254902,6
56784_c,13450.40965271,-9680.37451171875,100,52,7,6,0.115384615384615,0.07,6
56784_c,13450.40965271,-9380.37451171875,65,58,36,18,0.310344827586207,0.553846153846154,18
56784_c,13500.40965271,-10080.3745117188,70,58,12,11,0.189655172413793,0.171428571428571,11
56784_c,13500.40965271,-9780.37451171875,60,128,8,5,0.0390625,0.133333333333333,5
56784_c,13500.40965271,-9680.37451171875,65,69,11,6,0.0869565217391304,0.169230769230769,6
56784_c,13500.40965271,-9330.37451171875,81,82,39,16,0.195121951219512,0.481481481481482,16
56784_c,13500.40965271,-9030.37451171875,65,124,18,7,0.0564516129032258,0.276923076923077,7
56784_c,13550.40965271,-9630.37451171875,65,59,15,8,0.135593220338983,0.230769230769231,8
56784_c,13550.40965271,-9330.37451171875,112,69,49,19,0.27536231884058,0.4375,19
56784_c,13550.40965271,-9280.37451171875,82,118,37,15,0.127118644067797,0.451219512195122,15
56784_c,13550.40965271,-9080.37451171875,69,177,23,10,0.0564971751412429,0.333333333333333,10
56784_c,13550.40965271,-9030.37451171875,101,123,23,10,0.0813008130081301,0.227722772277228,10
56784_c,13600.40965271,-9280.37451171875,98,82,48,17,0.207317073170732,0.489795918367347,17
56784_c,13600.40965271,-9230.37451171875,71,119,32,15,0.126050420168067,0.450704225352113,15
56784_c,13600.40965271,-9130.37451171875,64,133,11,10,0.075187969924812,0.171875,10
56784_c,13600.40965271,-9080.37451171875,99,108,24,11,0.101851851851852,0.242424242424242,11
56784_c,13600.40965271,-9030.37451171875,138,72,24,11,0.152777777777778,0.173913043478261,11
56784_c,13650.40965271,-9680.37451171875,80,66,25,8,0.121212121212121,0.3125,8
56784_c,13650.40965271,-9280.37451171875,105,64,60,22,0.34375,0.571428571428571,22
56784_c,13650.40965271,-9230.37451171875,88,78,39,18,0.230769230769231,0.443181818181818,18
56784_c,13650.40965271,-9180.37451171875,79,80,26,16,0.2,0.329113924050633,16
56784_c,13650.40965271,-9130.37451171875,83,75,8,9,0.12,0.0963855421686747,9
56784_c,13650.40965271,-9080.37451171875,123,55,19,7,0.127272727272727,0.154471544715447,7
56784_c,13700.40965271,-9730.37451171875,63,69,10,4,0.0579710144927536,0.158730158730159,4
56784_c,14050.40965271,-8780.37451171875,114,51,26,25,0.490196078431373,0.228070175438597,25
56784_c,14050.40965271,-8730.37451171875,86,54,26,25,0.462962962962963,0.302325581395349,25
56784_c,14100.40965271,-8780.37451171875,99,61,25,25,0.409836065573771,0.252525252525253,25
56784_c,14100.40965271,-8730.37451171875,71,64,25,25,0.390625,0.352112676056338,25
56784_c,14150.40965271,-8830.37451171875,126,50,15,16,0.32,0.119047619047619,16
56784_c,14150.40965271,-8780.37451171875,89,65,17,21,0.323076923076923,0.191011235955056,21
56784_c,14150.40965271,-8730.37451171875,62,68,17,21,0.308823529411765,0.274193548387097,21
56784_c,14200.40965271,-8830.37451171875,122,51,12,15,0.294117647058824,0.0983606557377049,15
56784_c,14200.40965271,-8780.37451171875,96,59,12,17,0.288135593220339,0.125,17
56784_c,14200.40965271,-8730.37451171875,69,59,12,17,0.288135593220339,0.173913043478261,17
56784_c,14350.40965271,-8730.37451171875,116,50,25,20,0.4,0.21551724137931,20
56784_c,14350.40965271,-8680.37451171875,76,52,24,21,0.403846153846154,0.315789473684211,21
56784_c,15800.40965271,-8930.37451171875,67,74,28,13,0.175675675675676,0.417910447761194,13
56784_c,15800.40965271,-8880.37451171875,109,65,50,16,0.246153846153846,0.458715596330275,16
56784_c,15800.40965271,-8830.37451171875,152,51,57,15,0.294117647058824,0.375,15
56784_c,15850.40965271,-8880.37451171875,92,73,32,14,0.191780821917808,0.347826086956522,14
56784_c,15850.40965271,-8830.37451171875,140,56,42,14,0.25,0.3,14
56784_c,15900.40965271,-8880.37451171875,93,78,29,12,0.153846153846154,0.311827956989247,12
56784_c,15900.40965271,-8830.37451171875,140,62,48,15,0.241935483870968,0.342857142857143,15
56784_c,15950.40965271,-9080.37451171875,74,52,24,17,0.326923076923077,0.324324324324324,17
56784_c,15950.40965271,-8880.37451171875,91,77,23,9,0.116883116883117,0.252747252747253,9
56784_c,15950.40965271,-8830.37451171875,144,65,46,13,0.2,0.319444444444444,13
56784_c,16000.40965271,-9080.37451171875,94,50,29,19,0.38,0.308510638297872,19
56784_c,16000.40965271,-9030.37451171875,63,85,24,18,0.211764705882353,0.380952380952381,18
56784_c,16000.40965271,-8880.37451171875,91,85,23,9,0.105882352941176,0.252747252747253,9
56784_c,16000.40965271,-8830.37451171875,146,69,44,12,0.173913043478261,0.301369863013699,12
56784_c,16050.40965271,-9030.37451171875,79,74,25,17,0.22972972972973,0.316455696202532,17
56784_c,16050.40965271,-8930.37451171875,60,86,27,21,0.244186046511628,0.45,21
56784_c,16050.40965271,-8880.37451171875,92,69,18,9,0.130434782608696,0.195652173913043,9
56784_c,16050.40965271,-8830.37451171875,148,51,33,11,0.215686274509804,0.222972972972973,11
56784_c,16100.40965271,-9030.37451171875,79,65,26,16,0.246153846153846,0.329113924050633,16
56784_c,16100.40965271,-8930.37451171875,65,75,31,22,0.293333333333333,0.476923076923077,22
56784_c,16100.40965271,-8880.37451171875,92,59,18,9,0.152542372881356,0.195652173913043,9
56784_c,16100.40965271,-8480.37451171875,137,51,51,35,0.686274509803922,0.372262773722628,35
56784_c,16150.40965271,-9030.37451171875,85,56,30,15,0.267857142857143,0.352941176470588,15
56784_c,16150.40965271,-8930.37451171875,66,67,37,22,0.328358208955224,0.560606060606061,22
56784_c,16150.40965271,-8880.37451171875,96,55,23,13,0.236363636363636,0.239583333333333,13
56784_c,16150.40965271,-8530.37451171875,80,50,27,28,0.56,0.3375,28
56784_c,16150.40965271,-8480.37451171875,122,55,42,34,0.618181818181818,0.344262295081967,34
56784_c,16200.40965271,-8980.37451171875,65,50,26,15,0.3,0.4,15
56784_c,16200.40965271,-8930.37451171875,74,53,33,18,0.339622641509434,0.445945945945946,18
56784_c,16200.40965271,-8530.37451171875,62,52,22,27,0.519230769230769,0.354838709677419,27
56784_c,16200.40965271,-8480.37451171875,105,56,34,32,0.571428571428571,0.323809523809524,32
56784_c,16250.40965271,-8930.37451171875,83,52,49,32,0.615384615384615,0.590361445783133,32
56784_c,16250.40965271,-8630.37451171875,85,56,25,20,0.357142857142857,0.294117647058824,20
56784_c,16250.40965271,-8530.37451171875,70,57,18,17,0.298245614035088,0.257142857142857,17
56784_c,16300.40965271,-8680.37451171875,125,52,29,23,0.442307692307692,0.232,23
56784_c,16300.40965271,-8630.37451171875,96,58,24,25,0.431034482758621,0.25,25
56784_c,16300.40965271,-8580.37451171875,80,58,25,25,0.431034482758621,0.3125,25
56784_c,16300.40965271,-8530.37451171875,91,51,24,19,0.372549019607843,0.263736263736264,19
56784_c,16350.40965271,-8680.37451171875,149,51,40,24,0.470588235294118,0.268456375838926,24
56784_c,16350.40965271,-8630.37451171875,127,55,35,26,0.472727272727273,0.275590551181102,26
56784_c,16350.40965271,-8580.37451171875,115,55,36,26,0.472727272727273,0.31304347826087,26
56784_c,16400.40965271,-8680.37451171875,161,51,48,27,0.529411764705882,0.298136645962733,27
56784_c,16400.40965271,-8630.37451171875,149,52,43,29,0.557692307692308,0.288590604026846,29
56784_c,16900.40965271,-9230.37451171875,81,73,29,11,0.150684931506849,0.358024691358025,11
56784_c,16900.40965271,-9180.37451171875,93,51,30,10,0.196078431372549,0.32258064516129,10
56784_c,16950.40965271,-9230.37451171875,66,117,29,12,0.102564102564103,0.439393939393939,12
56784_c,16950.40965271,-9180.37451171875,80,71,31,11,0.154929577464789,0.3875,11
56784_c,17000.40965271,-9180.37451171875,81,77,18,8,0.103896103896104,0.222222222222222,8
56784_c,17050.40965271,-9180.37451171875,73,74,13,6,0.0810810810810811,0.178082191780822,6
56784_c,17100.40965271,-9180.37451171875,70,62,9,5,0.0806451612903226,0.128571428571429,5
56784_c,17150.40965271,-9230.37451171875,74,76,16,11,0.144736842105263,0.216216216216216,11
56784_c,17150.40965271,-9180.37451171875,79,51,11,5,0.0980392156862745,0.139240506329114,5
56784_c,17150.40965271,-8630.37451171875,111,50,13,12,0.24,0.117117117117117,12
56784_c,17200.40965271,-8680.37451171875,103,54,24,15,0.277777777777778,0.233009708737864,15
56784_c,17200.40965271,-8630.37451171875,85,60,17,15,0.25,0.2,15
56784_c,17200.40965271,-8580.37451171875,101,50,15,14,0.28,0.148514851485149,14
56784_c,17250.40965271,-8680.37451171875,107,54,31,15,0.277777777777778,0.289719626168224,15
56784_c,17250.40965271,-8630.37451171875,86,62,25,16,0.258064516129032,0.290697674418605,16
56784_c,17250.40965271,-8580.37451171875,89,52,26,15,0.288461538461538,0.292134831460674,15
56784_c,17300.40965271,-8630.37451171875,101,55,32,14,0.254545454545455,0.316831683168317,14
56784_c,18250.40965271,-8630.37451171875,100,52,28,17,0.326923076923077,0.28,17
56784_c,18250.40965271,-8580.37451171875,78,76,28,25,0.328947368421053,0.358974358974359,25
56784_c,18300.40965271,-8630.37451171875,73,66,28,17,0.257575757575758,0.383561643835616,17
56784_c,18400.40965271,-9180.37451171875,73,64,10,13,0.203125,0.136986301369863,13
56784_c,18400.40965271,-9080.37451171875,70,56,6,6,0.107142857142857,0.0857142857142857,6
56784_c,18450.40965271,-9230.37451171875,83,66,12,14,0.212121212121212,0.144578313253012,14
56784_c,18450.40965271,-9080.37451171875,63,61,3,2,0.0327868852459016,0.0476190476190476,2
56784_c,18500.40965271,-9330.37451171875,80,64,8,12,0.1875,0.1,12
56784_c,18500.40965271,-9280.37451171875,85,82,10,13,0.158536585365854,0.117647058823529,13
56784_c,18550.40965271,-9080.37451171875,61,63,14,8,0.126984126984127,0.229508196721311,8
56784_c,18600.40965271,-9080.37451171875,78,54,16,11,0.203703703703704,0.205128205128205,11
56784_c,18650.40965271,-9230.37451171875,73,93,29,15,0.161290322580645,0.397260273972603,15
56784_c,18650.40965271,-9180.37451171875,81,90,36,15,0.166666666666667,0.444444444444444,15
56784_c,18650.40965271,-9130.37451171875,88,64,35,18,0.28125,0.397727272727273,18
56784_c,18700.40965271,-9330.37451171875,61,59,22,11,0.186440677966102,0.360655737704918,11
56784_c,18700.40965271,-9280.37451171875,81,61,26,13,0.213114754098361,0.320987654320988,13
56784_c,18700.40965271,-9230.37451171875,113,67,34,16,0.238805970149254,0.300884955752212,16
56784_c,18700.40965271,-9180.37451171875,122,67,42,17,0.253731343283582,0.344262295081967,17
