sample,x0,y0,n_hep,n_cd4,n_chol,score
18321_a,448.784637451172,-3024.14233398438,150,5,13,27.3861278752583
18321_a,448.784637451172,-2974.14233398438,144,5,13,26.8328157299975
18321_a,448.784637451172,-2924.14233398438,144,5,12,26.8328157299975
18321_a,448.784637451172,-2874.14233398438,151,5,12,27.4772633280682
18321_a,498.784637451172,-3024.14233398438,160,6,13,30.9838667696593
18321_a,498.784637451172,-2974.14233398438,145,6,19,29.4957624075053
18321_a,498.784637451172,-2924.14233398438,147,6,18,29.698484809835
18321_a,498.784637451172,-2874.14233398438,147,6,18,29.698484809835
18321_a,548.784637451172,-3024.14233398438,167,6,14,31.6543835826888
18321_a,548.784637451172,-2974.14233398438,160,6,20,30.9838667696593
18321_a,548.784637451172,-2924.14233398438,166,6,19,31.559467676119
18321_a,548.784637451172,-2874.14233398438,164,6,19,31.3687742827162
18321_a,598.784637451172,-3024.14233398438,174,6,16,32.310988842807
18321_a,598.784637451172,-2974.14233398438,158,16,22,50.2792203599061
18321_a,598.784637451172,-2924.14233398438,160,19,21,55.1361950083609
18321_a,598.784637451172,-2874.14233398438,157,19,21,54.6168472176855
18321_a,598.784637451172,-2824.14233398438,146,17,15,49.8196748283246
18321_a,598.784637451172,-2774.14233398438,156,13,10,45.0333209967908
18321_a,648.784637451172,-3024.14233398438,189,5,16,30.7408522978788
18321_a,648.784637451172,-2974.14233398438,162,34,22,74.2159012611179
18321_a,648.784637451172,-2924.14233398438,155,43,28,81.6394512475433
18321_a,648.784637451172,-2874.14233398438,142,43,28,78.1408983823452
18321_a,648.784637451172,-2824.14233398438,125,42,27,72.4568837309472
18321_a,648.784637451172,-2774.14233398438,142,38,16,73.4574706888278
18321_a,648.784637451172,-2724.14233398438,157,9,8,37.589892258425
18321_a,698.784637451172,-3024.14233398438,190,6,10,33.7638860322683
18321_a,698.784637451172,-2974.14233398438,165,44,22,85.2056336165632
18321_a,698.784637451172,-2924.14233398438,146,63,29,95.9062041788747
18321_a,698.784637451172,-2874.14233398438,136,63,29,92.5634917232491
18321_a,698.784637451172,-2824.14233398438,118,63,31,86.2206471791995
18321_a,698.784637451172,-2774.14233398438,135,57,22,87.7211491032807
18321_a,698.784637451172,-2724.14233398438,157,19,9,54.6168472176855
18321_a,748.784637451172,-3024.14233398438,178,5,10,29.8328677803526
18321_a,748.784637451172,-2974.14233398438,168,43,17,84.9941174435031
18321_a,748.784637451172,-2924.14233398438,135,63,25,92.2225568936364
18321_a,748.784637451172,-2874.14233398438,131,63,25,90.8460235783603
18321_a,748.784637451172,-2824.14233398438,121,63,27,87.3097932651315
18321_a,748.784637451172,-2774.14233398438,139,58,18,89.7886407069402
18321_a,748.784637451172,-2724.14233398438,166,20,10,57.6194411635517
18321_a,798.784637451172,-3024.14233398438,161,5,9,28.3725219182222
18321_a,798.784637451172,-2974.14233398438,152,43,26,80.845531725631
18321_a,798.784637451172,-2924.14233398438,121,63,34,87.3097932651315
18321_a,798.784637451172,-2874.14233398438,122,63,34,87.6698351772148
18321_a,798.784637451172,-2824.14233398438,118,63,35,86.2206471791995
18321_a,798.784637451172,-2774.14233398438,136,58,26,88.8144132446981
18321_a,798.784637451172,-2724.14233398438,176,20,9,59.3295878967653
18321_a,848.784637451172,-3024.14233398438,137,5,7,26.1725046566048
18321_a,848.784637451172,-2974.14233398438,138,33,24,67.483331275212
18321_a,848.784637451172,-2924.14233398438,118,50,32,76.8114574786861
18321_a,848.784637451172,-2874.14233398438,124,50,32,78.7400787401181
18321_a,848.784637451172,-2824.14233398438,131,50,33,80.9320702811932
18321_a,848.784637451172,-2774.14233398438,145,45,26,80.7774721070176
18321_a,848.784637451172,-2724.14233398438,179,17,9,55.1633936592012
18321_a,898.784637451172,-2974.14233398438,132,13,24,41.424630354416
18321_a,898.784637451172,-2924.14233398438,136,24,26,57.1314274283428
18321_a,898.784637451172,-2874.14233398438,156,24,26,61.1882341631134
18321_a,898.784637451172,-2824.14233398438,163,24,27,62.5459830844476
18321_a,898.784637451172,-2774.14233398438,169,20,26,58.1377674149945
18321_a,898.784637451172,-2724.14233398438,194,11,3,46.1952378498044
18321_a,1148.78463745117,-2524.14233398438,208,5,24,32.2490309931942
18321_a,1148.78463745117,-2474.14233398438,200,8,19,40
18321_a,1148.78463745117,-2424.14233398438,182,8,18,38.1575680566778
18321_a,1148.78463745117,-2374.14233398438,151,8,15,34.7562943939655
18321_a,1148.78463745117,-2324.14233398438,117,5,12,24.1867732448956
18321_a,1198.78463745117,-2574.14233398438,210,18,21,61.4817045957576
18321_a,1198.78463745117,-2524.14233398438,199,41,35,90.3271830624646
18321_a,1198.78463745117,-2474.14233398438,189,65,27,110.837719211467
18321_a,1198.78463745117,-2424.14233398438,172,69,27,108.940350651171
18321_a,1198.78463745117,-2374.14233398438,144,70,23,100.399203184089
18321_a,1198.78463745117,-2324.14233398438,118,52,16,78.3326241102646
18321_a,1198.78463745117,-2274.14233398438,86,29,2,49.9399639567351
18321_a,1198.78463745117,-2224.14233398438,55,5,2,16.583123951777
18321_a,1248.78463745117,-2574.14233398438,191,43,21,90.6256034462668
18321_a,1248.78463745117,-2524.14233398438,176,89,35,125.155902777296
18321_a,1248.78463745117,-2474.14233398438,157,133,31,144.502595132406
18321_a,1248.78463745117,-2424.14233398438,136,162,31,148.431802522236
18321_a,1248.78463745117,-2374.14233398438,113,173,27,139.817738502666
18321_a,1248.78463745117,-2324.14233398438,97,134,27,114.008771592365
18321_a,1248.78463745117,-2274.14233398438,76,87,13,81.3142054010245
18321_a,1248.78463745117,-2224.14233398438,52,43,9,47.2863616701476
18321_a,1248.78463745117,-2174.14233398438,32,14,7,21.1660104885167
18321_a,1298.78463745117,-2674.14233398438,196,7,13,37.0405183549043
18321_a,1298.78463745117,-2624.14233398438,191,11,17,45.8366665454634
18321_a,1298.78463745117,-2574.14233398438,161,59,25,97.462813421325
18321_a,1298.78463745117,-2524.14233398438,144,123,41,133.086438076913
18321_a,1298.78463745117,-2474.14233398438,123,187,37,151.660805747563
18321_a,1298.78463745117,-2424.14233398438,101,228,36,151.749794069053
18321_a,1298.78463745117,-2374.14233398438,81,254,33,143.436397054583
18321_a,1298.78463745117,-2324.14233398438,73,209,33,123.519229272207
18321_a,1298.78463745117,-2274.14233398438,62,145,16,94.8156105290685
18321_a,1298.78463745117,-2224.14233398438,45,79,12,59.6238207430554
18321_a,1298.78463745117,-2174.14233398438,30,34,10,31.9374388453426
18321_a,1348.78463745117,-2674.14233398438,156,7,17,33.0454232837166
18321_a,1348.78463745117,-2624.14233398438,153,12,21,42.8485705712571
18321_a,1348.78463745117,-2574.14233398438,124,62,30,87.6812408671319
18321_a,1348.78463745117,-2524.14233398438,108,127,59,117.115327775659
18321_a,1348.78463745117,-2474.14233398438,85,202,55,131.034346642398
18321_a,1348.78463745117,-2424.14233398438,67,252,54,129.938446966246
18321_a,1348.78463745117,-2374.14233398438,44,282,64,111.391202525155
18321_a,1348.78463745117,-2324.14233398438,41,239,63,98.9898984745413
18321_a,1348.78463745117,-2274.14233398438,41,178,33,85.4283325366942
18321_a,1348.78463745117,-2224.14233398438,40,101,27,63.5609943282828
18321_a,1348.78463745117,-2174.14233398438,30,47,25,37.5499667110372
18321_a,1398.78463745117,-2674.14233398438,136,7,14,30.854497241083
18321_a,1398.78463745117,-2624.14233398438,135,12,15,40.2492235949962
18321_a,1398.78463745117,-2574.14233398438,118,60,21,84.1427358718505
18321_a,1398.78463745117,-2524.14233398438,101,123,38,111.458512460915
18321_a,1398.78463745117,-2474.14233398438,79,197,41,124.75175349469
18321_a,1398.78463745117,-2424.14233398438,59,248,41,120.9628042003
18321_a,1398.78463745117,-2374.14233398438,38,284,62,103.884551305764
18321_a,1398.78463745117,-2224.14233398438,35,120,37,64.8074069840786
18321_a,1398.78463745117,-2174.14233398438,34,65,35,47.0106370941726
18321_a,1448.78463745117,-2674.14233398438,110,7,10,27.7488738510232
18321_a,1448.78463745117,-2624.14233398438,120,12,10,37.9473319220206
18321_a,1448.78463745117,-2574.14233398438,123,45,12,74.3975806058235
18321_a,1448.78463745117,-2524.14233398438,116,87,27,100.458946838995
18321_a,1448.78463745117,-2474.14233398438,106,140,34,121.819538662729
18321_a,1448.78463745117,-2424.14233398438,91,187,39,130.449223838243
18321_a,1448.78463745117,-2374.14233398438,63,228,62,119.849906132629
18321_a,1448.78463745117,-2324.14233398438,37,214,71,88.9831444712986
18321_a,1448.78463745117,-2224.14233398438,36,127,57,67.6165660175079
18321_a,1448.78463745117,-2174.14233398438,38,76,51,53.7401153701776
18321_a,1448.78463745117,-2124.14233398438,37,30,28,33.3166624979154
18321_a,1448.78463745117,-2074.14233398438,35,11,16,19.6214168703486
18321_a,1498.78463745117,-2674.14233398438,97,8,11,27.8567765543682
18321_a,1498.78463745117,-2624.14233398438,125,10,11,35.3553390593274
18321_a,1498.78463745117,-2574.14233398438,143,22,13,56.0892146495206
18321_a,1498.78463745117,-2524.14233398438,144,41,27,76.8374908491942
18321_a,1498.78463745117,-2474.14233398438,145,72,30,102.176318195558
18321_a,1498.78463745117,-2424.14233398438,125,94,35,108.397416943394
18321_a,1498.78463745117,-2374.14233398438,87,126,62,104.699570199691
18321_a,1498.78463745117,-2324.14233398438,61,133,67,90.0721932674008
18321_a,1498.78463745117,-2274.14233398438,51,123,65,79.2022726946645
18321_a,1498.78463745117,-2224.14233398438,60,90,57,73.4846922834954
18321_a,1498.78463745117,-2174.14233398438,68,64,51,65.9696900098826
18321_a,1498.78463745117,-2124.14233398438,67,30,24,44.8330235429198
18321_a,1498.78463745117,-2074.14233398438,59,11,16,25.475478405714
18321_a,1548.78463745117,-2574.14233398438,167,6,9,31.6543835826888
18321_a,1548.78463745117,-2524.14233398438,176,7,21,35.0998575495685
18321_a,1548.78463745117,-2474.14233398438,180,18,24,56.9209978830308
18321_a,1548.78463745117,-2424.14233398438,163,28,30,67.5573830162182
18321_a,1548.78463745117,-2374.14233398438,129,46,56,77.032460690283
18321_a,1548.78463745117,-2324.14233398438,100,59,61,76.8114574786861
18321_a,1548.78463745117,-2274.14233398438,95,66,62,79.1833315793166
18321_a,1548.78463745117,-2224.14233398438,99,55,54,73.7902432574931
18321_a,1548.78463745117,-2174.14233398438,105,45,48,68.7386354243376
18321_a,1548.78463745117,-2124.14233398438,101,26,22,51.2445119012758
18321_a,1548.78463745117,-2074.14233398438,86,10,16,29.3257565972304
18321_a,1598.78463745117,-2374.14233398438,169,17,25,53.6003731330296
18321_a,1598.78463745117,-2324.14233398438,143,29,31,64.3972049082878
18321_a,1598.78463745117,-2274.14233398438,128,33,45,64.9923072370877
18321_a,1598.78463745117,-2224.14233398438,127,33,39,64.7379332385581
18321_a,1598.78463745117,-2174.14233398438,137,32,33,66.2117814289874
18321_a,1598.78463745117,-2124.14233398438,131,18,20,48.5592421687159
18321_a,1598.78463745117,-2074.14233398438,109,6,14,25.5734237050888
18321_a,1648.78463745117,-2374.14233398438,188,8,16,38.7814388593306
18321_a,1648.78463745117,-2324.14233398438,175,12,20,45.8257569495584
18321_a,1648.78463745117,-2274.14233398438,163,13,34,46.0325971459356
18321_a,1648.78463745117,-2224.14233398438,161,14,33,47.4763098818769
18321_a,1648.78463745117,-2174.14233398438,170,14,27,48.7852436706019
18321_a,1648.78463745117,-2124.14233398438,165,6,18,31.4642654451046
18321_a,1948.78463745117,-2274.14233398438,158,6,9,30.7896086366813
18321_a,1948.78463745117,-2224.14233398438,150,6,9,30
18321_a,1948.78463745117,-2174.14233398438,155,5,6,27.8388218141501
18321_a,1998.78463745117,-2274.14233398438,140,6,9,28.9827534923789
18321_a,1998.78463745117,-2224.14233398438,131,6,9,28.0356915377524
18321_a,1998.78463745117,-2174.14233398438,133,5,6,25.7875939164553
18321_a,2048.78463745117,-2374.14233398438,168,5,7,28.9827534923789
18321_a,2048.78463745117,-2324.14233398438,162,6,10,31.1769145362398
18321_a,2048.78463745117,-2274.14233398438,144,7,10,31.7490157327751
18321_a,2048.78463745117,-2224.14233398438,138,7,10,31.0805405358401
18321_a,2048.78463745117,-2174.14233398438,137,6,7,28.6705423736629
18321_a,2098.78463745117,-2374.14233398438,152,18,7,52.3067873224881
18321_a,2098.78463745117,-2324.14233398438,158,20,13,56.2138772902208
18321_a,2098.78463745117,-2274.14233398438,149,22,13,57.2538208331986
18321_a,2098.78463745117,-2224.14233398438,139,22,13,55.299186250794
18321_a,2098.78463745117,-2174.14233398438,145,18,10,51.0881590977792
18321_a,2148.78463745117,-2424.14233398438,131,5,0,25.5929677841395
18321_a,2148.78463745117,-2374.14233398438,139,28,3,62.3858958419289
18321_a,2148.78463745117,-2324.14233398438,162,29,10,68.5419579527752
18321_a,2148.78463745117,-2274.14233398438,163,31,10,71.0844568101916
18321_a,2148.78463745117,-2224.14233398438,156,31,10,69.5413546028548
18321_a,2148.78463745117,-2174.14233398438,156,26,10,63.6867333123626
18321_a,2198.78463745117,-2424.14233398438,108,7,0,27.495454169735
18321_a,2198.78463745117,-2374.14233398438,116,45,0,72.2495674727538
18321_a,2198.78463745117,-2324.14233398438,148,54,7,89.397986554508
18321_a,2198.78463745117,-2274.14233398438,158,55,8,93.2201694913713
18321_a,2198.78463745117,-2224.14233398438,163,55,8,94.6836839165017
18321_a,2198.78463745117,-2174.14233398438,166,48,8,89.2636544176856
18321_a,2198.78463745117,-2124.14233398438,184,10,8,42.8952211790544
18321_a,2248.78463745117,-2424.14233398438,74,13,0,31.0161248385417
18321_a,2248.78463745117,-2374.14233398438,79,59,0,68.2715167547931
18321_a,2248.78463745117,-2324.14233398438,111,79,7,93.6429388688757
18321_a,2248.78463745117,-2274.14233398438,135,81,13,104.5705503476
18321_a,2248.78463745117,-2224.14233398438,154,81,13,111.687062813918
18321_a,2248.78463745117,-2174.14233398438,157,68,13,103.324730824716
18321_a,2248.78463745117,-2124.14233398438,180,22,13,62.9285308902091
18321_a,2298.78463745117,-2424.14233398438,46,14,1,25.377155080899
18321_a,2298.78463745117,-2374.14233398438,50,60,1,54.7722557505166
18321_a,2298.78463745117,-2324.14233398438,76,85,14,80.3741251896405
18321_a,2298.78463745117,-2274.14233398438,102,100,20,100.995049383621
18321_a,2298.78463745117,-2224.14233398438,119,109,23,113.890298094263
18321_a,2298.78463745117,-2174.14233398438,136,95,22,113.666177907063
18321_a,2298.78463745117,-2124.14233398438,164,49,22,89.6437393240599
18321_a,2298.78463745117,-2074.14233398438,180,24,9,65.7267069006199
18321_a,2298.78463745117,-2024.14233398438,194,9,3,41.7851648315524
18321_a,2348.78463745117,-2424.14233398438,30,11,1,18.165902124585
18321_a,2348.78463745117,-2374.14233398438,42,47,1,44.4297197830461
18321_a,2348.78463745117,-2324.14233398438,64,71,10,67.4091981854109
18321_a,2348.78463745117,-2274.14233398438,85,95,16,89.8610037780571
18321_a,2348.78463745117,-2224.14233398438,107,120,19,113.313723793722
18321_a,2348.78463745117,-2174.14233398438,127,112,18,119.264412127005
18321_a,2348.78463745117,-2124.14233398438,149,76,18,106.414284755384
18321_a,2348.78463745117,-2074.14233398438,169,52,9,93.7443331620637
18321_a,2348.78463745117,-2024.14233398438,193,28,3,73.5119037979564
18321_a,2398.78463745117,-2374.14233398438,35,36,1,35.4964786985977
18321_a,2398.78463745117,-2324.14233398438,55,60,9,57.4456264653803
18321_a,2398.78463745117,-2274.14233398438,74,85,15,79.3095202355934
18321_a,2398.78463745117,-2224.14233398438,97,113,20,104.694794521982
18321_a,2398.78463745117,-2174.14233398438,118,107,21,112.365475124702
18321_a,2398.78463745117,-2124.14233398438,128,81,21,101.823376490863
18321_a,2398.78463745117,-2074.14233398438,150,59,15,94.0744386111339
18321_a,2398.78463745117,-2024.14233398438,171,35,11,77.3627817493658
18321_a,2398.78463745117,-1974.14233398438,186,7,11,36.0832371053374
18321_a,2398.78463745117,-1924.14233398438,193,5,9,31.0644491340181
18321_a,2448.78463745117,-2374.14233398438,33,17,1,23.685438564654
18321_a,2448.78463745117,-2324.14233398438,53,33,9,41.821047332653
18321_a,2448.78463745117,-2274.14233398438,68,58,14,62.8012738724303
18321_a,2448.78463745117,-2224.14233398438,85,88,20,86.4869932417586
18321_a,2448.78463745117,-2174.14233398438,108,86,22,96.3742704252541
18321_a,2448.78463745117,-2124.14233398438,113,77,23,93.279150939532
18321_a,2448.78463745117,-2074.14233398438,130,64,17,91.214034007931
18321_a,2448.78463745117,-2024.14233398438,148,40,18,76.9415362466854
18321_a,2448.78463745117,-1974.14233398438,166,11,23,42.731721238443
18321_a,2448.78463745117,-1924.14233398438,168,7,20,34.2928563989645
18321_a,2448.78463745117,-1874.14233398438,174,6,20,32.310988842807
18321_a,2498.78463745117,-2324.14233398438,53,8,8,20.591260281974
18321_a,2498.78463745117,-2274.14233398438,71,32,8,47.6655011512519
18321_a,2498.78463745117,-2224.14233398438,83,62,14,71.7356257378438
18321_a,2498.78463745117,-2174.14233398438,109,66,16,84.8174510345601
18321_a,2498.78463745117,-2124.14233398438,111,65,17,84.9411561023277
18321_a,2498.78463745117,-2074.14233398438,121,63,12,87.3097932651315
18321_a,2498.78463745117,-2024.14233398438,127,41,18,72.1595454531138
18321_a,2498.78463745117,-1974.14233398438,141,12,34,41.1339276024063
18321_a,2498.78463745117,-1924.14233398438,140,8,31,33.466401061363
18321_a,2498.78463745117,-1874.14233398438,150,7,31,32.4037034920393
18321_a,2548.78463745117,-2274.14233398438,90,11,0,31.4642654451046
18321_a,2548.78463745117,-2224.14233398438,104,32,3,57.6888204074238
18321_a,2548.78463745117,-2174.14233398438,123,37,6,67.4610999020917
18321_a,2548.78463745117,-2124.14233398438,123,38,7,68.3666585405489
18321_a,2548.78463745117,-2074.14233398438,124,41,9,71.3021738799036
18321_a,2548.78463745117,-2024.14233398438,106,33,15,59.143892330485
18321_a,2548.78463745117,-1974.14233398438,108,14,36,38.8844441904472
18321_a,2548.78463745117,-1924.14233398438,111,10,34,33.3166624979154
18321_a,2548.78463745117,-1874.14233398438,125,9,33,33.5410196624968
18321_a,2548.78463745117,-1824.14233398438,122,6,31,27.0554985169374
18321_a,2598.78463745117,-2224.14233398438,103,6,3,24.8596057893121
18321_a,2598.78463745117,-2174.14233398438,123,8,6,31.3687742827162
18321_a,2598.78463745117,-2124.14233398438,133,9,7,34.5976877840124
18321_a,2598.78463745117,-2074.14233398438,131,12,9,39.648455203198
18321_a,2598.78463745117,-2024.14233398438,100,17,15,41.2310562561766
18321_a,2598.78463745117,-1974.14233398438,90,14,36,35.4964786985977
18321_a,2598.78463745117,-1924.14233398438,97,13,34,35.5105618091294
18321_a,2598.78463745117,-1874.14233398438,104,12,33,35.3270434653114
18321_a,2598.78463745117,-1824.14233398438,107,9,31,31.0322412983658
18321_a,2648.78463745117,-2074.14233398438,141,5,3,26.5518360947035
18321_a,2648.78463745117,-2024.14233398438,115,10,7,33.9116499156263
18321_a,2648.78463745117,-1974.14233398438,106,10,25,32.5576411921994
18321_a,2648.78463745117,-1924.14233398438,107,8,25,29.2574776766556
18321_a,2648.78463745117,-1874.14233398438,117,8,24,30.5941170815567
18321_a,2648.78463745117,-1824.14233398438,116,7,24,28.49561369755
18321_a,2698.78463745117,-2024.14233398438,132,6,0,28.1424945589406
18321_a,2698.78463745117,-1974.14233398438,129,7,13,30.0499584026334
18321_a,2698.78463745117,-1924.14233398438,129,7,14,30.0499584026334
18321_a,2698.78463745117,-1874.14233398438,134,7,14,30.6267856622271
18321_a,2698.78463745117,-1824.14233398438,125,7,14,29.5803989154981
18321_a,2748.78463745117,-2024.14233398438,141,5,0,26.5518360947035
18321_a,2748.78463745117,-1974.14233398438,138,6,2,28.7749891398763
18321_a,2748.78463745117,-1924.14233398438,140,6,3,28.9827534923789
18321_a,2748.78463745117,-1874.14233398438,139,6,3,28.8790581563873
18321_a,2748.78463745117,-1824.14233398438,141,6,3,29.086079144498
18321_a,3348.78463745117,-1824.14233398438,185,5,3,30.4138126514911
18321_a,3348.78463745117,-1774.14233398438,188,5,3,30.6594194335118
18321_a,3398.78463745117,-1974.14233398438,73,6,4,20.9284495364563
18321_a,3398.78463745117,-1924.14233398438,99,8,4,28.1424945589406
18321_a,3398.78463745117,-1874.14233398438,129,10,4,35.9165699921359
18321_a,3398.78463745117,-1824.14233398438,141,14,4,44.4297197830461
18321_a,3398.78463745117,-1774.14233398438,155,13,3,44.8887513749269
18321_a,3398.78463745117,-1724.14233398438,168,9,1,38.8844441904472
18321_a,3398.78463745117,-1674.14233398438,185,7,1,35.9861084308932
18321_a,3398.78463745117,-1624.14233398438,194,5,2,31.1448230047949
18321_a,3448.78463745117,-1974.14233398438,59,8,4,21.7255609824004
18321_a,3448.78463745117,-1924.14233398438,74,11,4,28.5306852353742
18321_a,3448.78463745117,-1874.14233398438,90,14,4,35.4964786985977
18321_a,3448.78463745117,-1824.14233398438,100,18,4,42.4264068711929
18321_a,3448.78463745117,-1774.14233398438,117,16,3,43.2666153055679
18321_a,3448.78463745117,-1724.14233398438,130,11,1,37.8153408023781
18321_a,3448.78463745117,-1674.14233398438,152,8,1,34.8711915483254
18321_a,3448.78463745117,-1624.14233398438,174,5,1,29.4957624075053
18321_a,3498.78463745117,-1974.14233398438,32,8,5,16
18321_a,3498.78463745117,-1924.14233398438,42,12,5,22.4499443206437
18321_a,3498.78463745117,-1874.14233398438,55,15,5,28.7228132326901
18321_a,3498.78463745117,-1824.14233398438,74,19,5,37.4966665185054
18321_a,3498.78463745117,-1774.14233398438,97,17,4,40.6078810084939
18321_a,3498.78463745117,-1724.14233398438,120,13,3,39.496835316263
18321_a,3498.78463745117,-1674.14233398438,146,9,3,36.2491379207837
18321_a,3498.78463745117,-1624.14233398438,173,6,3,32.218007387174
18321_a,3548.78463745117,-1874.14233398438,40,15,5,24.4948974278318
18321_a,3548.78463745117,-1824.14233398438,61,19,4,34.0440890610984
18321_a,3548.78463745117,-1774.14233398438,93,17,3,39.7617907041421
18321_a,3548.78463745117,-1724.14233398438,120,13,2,39.496835316263
18321_a,3548.78463745117,-1674.14233398438,147,9,2,36.3730669589464
18321_a,3548.78463745117,-1624.14233398438,173,6,2,32.218007387174
18321_a,3598.78463745117,-1874.14233398438,44,12,2,22.9782505861521
18321_a,3598.78463745117,-1824.14233398438,73,15,2,33.0907842155486
18321_a,3598.78463745117,-1774.14233398438,118,13,1,39.1663120551323
18321_a,3598.78463745117,-1724.14233398438,143,10,2,37.8153408023781
18321_a,3598.78463745117,-1674.14233398438,165,6,2,31.4642654451046
18321_a,3648.78463745117,-1874.14233398438,54,5,1,16.431676725155
18321_a,3648.78463745117,-1824.14233398438,89,5,1,21.095023109729
18321_a,3798.78463745117,-1374.14233398438,141,7,4,31.41655614481
18321_a,3798.78463745117,-1324.14233398438,110,9,4,31.4642654451046
18321_a,3798.78463745117,-1274.14233398438,80,8,4,25.298221281347
18321_a,3798.78463745117,-1224.14233398438,44,6,3,16.2480768092719
18321_a,3848.78463745117,-1374.14233398438,149,9,4,36.6196668472011
18321_a,3848.78463745117,-1324.14233398438,113,14,4,39.7743636027027
18321_a,3848.78463745117,-1274.14233398438,81,13,4,32.4499614791759
18321_a,3848.78463745117,-1224.14233398438,38,12,3,21.3541565040626
18321_a,3898.78463745117,-1374.14233398438,177,8,3,37.6297754444536
18321_a,3898.78463745117,-1324.14233398438,135,14,3,43.4741302385683
18321_a,3898.78463745117,-1274.14233398438,100,13,3,36.0555127546399
18321_a,3898.78463745117,-1224.14233398438,51,13,3,25.7487863791675
18321_a,3948.78463745117,-1374.14233398438,196,8,2,39.5979797464467
18321_a,3948.78463745117,-1324.14233398438,162,14,2,47.6235235991626
18321_a,3948.78463745117,-1274.14233398438,126,13,2,40.4722126896961
18321_a,3948.78463745117,-1224.14233398438,76,13,2,31.4324672910034
18321_a,3948.78463745117,-1174.14233398438,33,12,2,19.8997487421324
18321_a,3998.78463745117,-1374.14233398438,218,6,0,36.1662826400503
18321_a,3998.78463745117,-1324.14233398438,190,12,0,47.7493455452533
18321_a,3998.78463745117,-1274.14233398438,154,12,1,42.9883705204094
18321_a,3998.78463745117,-1224.14233398438,104,12,1,35.3270434653114
18321_a,3998.78463745117,-1174.14233398438,59,11,1,25.475478405714
18321_a,4048.78463745117,-1324.14233398438,198,7,0,37.2290209379726
18321_a,4048.78463745117,-1274.14233398438,168,7,1,34.2928563989645
18321_a,4048.78463745117,-1224.14233398438,121,7,1,29.1032644217105
18321_a,4048.78463745117,-1174.14233398438,79,6,1,21.7715410570772
18321_a,5548.78463745117,-1274.14233398438,134,12,2,40.0998753115268
18321_a,5548.78463745117,-1224.14233398438,145,13,2,43.4165866921848
18321_a,5548.78463745117,-1174.14233398438,155,13,2,44.8887513749269
18321_a,5548.78463745117,-1124.14233398438,151,13,2,44.3057558337514
18321_a,5548.78463745117,-1074.14233398438,142,12,2,41.2795348811006
18321_a,5598.78463745117,-1274.14233398438,147,12,2,42
18321_a,5598.78463745117,-1224.14233398438,159,13,2,45.4642716866772
18321_a,5598.78463745117,-1174.14233398438,168,13,2,46.7332857821917
18321_a,5598.78463745117,-1124.14233398438,167,13,2,46.593991028887
18321_a,5598.78463745117,-1074.14233398438,153,12,2,42.8485705712571
18321_a,5648.78463745117,-1274.14233398438,157,12,2,43.4050688284214
18321_a,5648.78463745117,-1224.14233398438,169,14,2,48.6415460280612
18321_a,5648.78463745117,-1174.14233398438,177,14,2,49.7795138586146
18321_a,5648.78463745117,-1124.14233398438,173,14,2,49.2138191974571
18321_a,5648.78463745117,-1074.14233398438,158,13,2,45.3210767744986
18321_a,5698.78463745117,-1274.14233398438,164,11,2,42.4735211631906
18321_a,5698.78463745117,-1224.14233398438,181,13,3,48.5077313425396
18321_a,5698.78463745117,-1174.14233398438,183,14,3,50.6162029393751
18321_a,5698.78463745117,-1124.14233398438,179,14,3,50.0599640431353
18321_a,5698.78463745117,-1074.14233398438,157,14,4,46.8828326789242
18321_a,5748.78463745117,-1274.14233398438,163,9,2,38.3014360044111
18321_a,5748.78463745117,-1224.14233398438,183,11,3,44.8664685483491
18321_a,5748.78463745117,-1174.14233398438,180,13,4,48.3735464897913
18321_a,5748.78463745117,-1124.14233398438,176,13,4,47.8330429724056
18321_a,5748.78463745117,-1074.14233398438,154,13,5,44.7437146423942
18321_a,5798.78463745117,-1174.14233398438,182,7,5,35.6931365951495
18321_a,5798.78463745117,-1124.14233398438,174,7,5,34.8998567332303
18321_a,5798.78463745117,-1074.14233398438,150,7,6,32.4037034920393
18321_a,5798.78463745117,-1024.14233398437,152,7,6,32.6190128606002
18321_a,5848.78463745117,-1224.14233398438,187,6,5,33.4962684488885
18321_a,5848.78463745117,-1174.14233398438,173,20,7,58.821764679411
18321_a,5848.78463745117,-1124.14233398438,154,19,7,54.0925133451941
18321_a,5848.78463745117,-1074.14233398438,130,20,7,50.9901951359279
18321_a,5848.78463745117,-1024.14233398437,117,23,7,51.8748493973718
18321_a,5898.78463745117,-1224.14233398438,176,6,9,32.4961536185438
18321_a,5898.78463745117,-1174.14233398438,158,27,19,65.3146231712317
18321_a,5898.78463745117,-1124.14233398438,130,30,19,62.449979983984
18321_a,5898.78463745117,-1074.14233398438,102,31,19,56.2316636780382
18321_a,5898.78463745117,-1024.14233398437,90,40,19,60
18321_a,5948.78463745117,-1224.14233398438,178,6,11,32.6802692767364
18321_a,5948.78463745117,-1174.14233398438,158,28,23,66.5131565932636
18321_a,5948.78463745117,-1124.14233398438,123,35,23,65.612498809297
18321_a,5948.78463745117,-1074.14233398438,92,36,21,57.5499782797526
18321_a,5948.78463745117,-1024.14233398437,71,47,21,57.7667724561447
18321_a,5998.78463745117,-1224.14233398438,169,6,11,31.8433666561813
18321_a,5998.78463745117,-1174.14233398438,154,27,22,64.482555780614
18321_a,5998.78463745117,-1124.14233398438,117,34,22,63.0713881248859
18321_a,5998.78463745117,-1074.14233398438,82,35,20,53.5723809439155
18321_a,5998.78463745117,-1024.14233398437,54,48,20,50.9116882454314
18321_a,6048.78463745117,-1224.14233398438,165,5,9,28.7228132326901
18321_a,6048.78463745117,-1174.14233398438,167,23,19,61.9758017293847
18321_a,6048.78463745117,-1124.14233398438,138,30,19,64.3428317685817
18321_a,6048.78463745117,-1074.14233398438,109,34,18,60.8769250208977
18321_a,6048.78463745117,-1024.14233398437,71,49,19,58.9830484122345
18321_a,6098.78463745117,-1174.14233398438,188,10,17,43.3589667773576
18321_a,6098.78463745117,-1124.14233398438,168,18,17,54.9909083394701
18321_a,6098.78463745117,-1074.14233398438,140,21,17,54.2217668469038
18321_a,6098.78463745117,-1024.14233398437,104,33,18,58.5832740635073
18321_a,6148.78463745117,-1124.14233398438,201,6,5,34.7275107083707
18321_a,6148.78463745117,-1074.14233398438,181,9,5,40.3608721412211
18321_a,6148.78463745117,-1024.14233398437,145,15,6,46.6368952654441
18321_a,6198.78463745117,-1024.14233398437,160,7,2,33.466401061363
18321_a,6248.78463745117,-1024.14233398437,196,5,3,31.3049516849971
24774_d,12943.8946533203,-1652.76489257813,90,10,0,30
24774_d,12943.8946533203,-1602.76489257813,126,10,0,35.4964786985977
24774_d,12943.8946533203,-1552.76489257813,154,11,0,41.1582312545134
24774_d,12943.8946533203,-1502.76489257813,163,11,0,42.3438307194803
24774_d,12943.8946533203,-1452.76489257813,166,9,0,38.6522961801754
24774_d,12993.8946533203,-1652.76489257813,87,23,1,44.7325384926901
24774_d,12993.8946533203,-1602.76489257813,117,23,1,51.8748493973718
24774_d,12993.8946533203,-1552.76489257813,143,24,4,58.5832740635073
24774_d,12993.8946533203,-1502.76489257813,152,24,4,60.398675482166
24774_d,12993.8946533203,-1452.76489257813,152,22,3,57.8273291792038
24774_d,13043.8946533203,-1652.76489257813,75,25,3,43.3012701892219
24774_d,13043.8946533203,-1602.76489257813,100,30,3,54.7722557505166
24774_d,13043.8946533203,-1552.76489257813,115,33,6,61.6035713250458
24774_d,13043.8946533203,-1502.76489257813,126,33,5,64.482555780614
24774_d,13043.8946533203,-1452.76489257813,131,31,3,63.7259758654193
24774_d,13043.8946533203,-1402.76489257813,150,8,3,34.6410161513776
24774_d,13093.8946533203,-1652.76489257813,82,25,3,45.2769256906871
24774_d,13093.8946533203,-1602.76489257813,104,30,3,55.8569601750758
24774_d,13093.8946533203,-1552.76489257813,110,33,6,60.2494813255683
24774_d,13093.8946533203,-1502.76489257813,110,33,5,60.2494813255683
24774_d,13093.8946533203,-1452.76489257813,111,31,3,58.6600375042499
24774_d,13093.8946533203,-1402.76489257813,139,8,3,33.3466640010661
24774_d,13143.8946533203,-1652.76489257813,81,25,3,45
24774_d,13143.8946533203,-1602.76489257813,106,30,3,56.3914887194867
24774_d,13143.8946533203,-1552.76489257813,108,32,6,58.7877538267963
24774_d,13143.8946533203,-1502.76489257813,105,32,5,57.9655069847578
24774_d,13143.8946533203,-1452.76489257813,101,30,3,55.0454357780915
24774_d,13143.8946533203,-1402.76489257813,131,7,3,30.2820078594534
24774_d,13193.8946533203,-1652.76489257813,92,15,3,37.1483512420134
24774_d,13193.8946533203,-1602.76489257813,118,20,3,48.5798312059645
24774_d,13193.8946533203,-1552.76489257813,120,22,6,51.3809303146605
24774_d,13193.8946533203,-1502.76489257813,122,22,5,51.8073353879545
24774_d,13193.8946533203,-1452.76489257813,114,22,3,50.0799361021957
24774_d,13193.8946533203,-1402.76489257813,127,7,3,29.8161030317512
24774_d,13243.8946533203,-1602.76489257813,125,7,2,29.5803989154981
24774_d,13243.8946533203,-1552.76489257813,130,9,2,34.2052627529741
24774_d,13243.8946533203,-1502.76489257813,129,9,1,34.0734500748016
24774_d,13243.8946533203,-1452.76489257813,122,9,0,33.1360830515618
24774_d,13243.8946533203,-1402.76489257813,133,7,0,30.5122926047847
24774_d,13393.8946533203,-1252.76489257813,110,5,5,23.4520787991172
24774_d,13393.8946533203,-1202.76489257813,101,5,10,22.4722050542442
24774_d,13393.8946533203,-1152.76489257813,97,5,11,22.0227155455452
24774_d,13393.8946533203,-1102.76489257813,81,5,11,20.1246117974981
24774_d,13443.8946533203,-1252.76489257813,113,5,6,23.7697286480094
24774_d,13443.8946533203,-1202.76489257813,101,7,11,26.5894716006167
24774_d,13443.8946533203,-1152.76489257813,90,7,12,25.0998007960223
24774_d,13443.8946533203,-1102.76489257813,72,7,12,22.4499443206437
24774_d,13443.8946533203,-1052.76489257813,51,6,12,17.4928556845359
24774_d,13493.8946533203,-1352.76489257813,140,29,5,63.718129288296
24774_d,13493.8946533203,-1302.76489257813,122,30,5,60.4979338490167
24774_d,13493.8946533203,-1252.76489257813,109,34,11,60.8769250208977
24774_d,13493.8946533203,-1202.76489257813,101,36,13,60.2992537267253
24774_d,13493.8946533203,-1152.76489257813,78,34,13,51.4975727583349
24774_d,13493.8946533203,-1102.76489257813,65,7,12,21.3307290077015
24774_d,13493.8946533203,-1052.76489257813,49,6,12,17.1464281994822
24774_d,13543.8946533203,-1352.76489257813,141,31,5,66.1135387042624
24774_d,13543.8946533203,-1302.76489257813,124,32,5,62.9920629920945
24774_d,13543.8946533203,-1252.76489257813,112,36,11,63.4980314655502
24774_d,13543.8946533203,-1202.76489257813,102,38,13,62.2575296650935
24774_d,13543.8946533203,-1152.76489257813,77,36,13,52.6497863243527
24774_d,13543.8946533203,-1102.76489257813,66,7,12,21.4941852602047
24774_d,13543.8946533203,-1052.76489257813,47,6,12,16.7928556237467
24774_d,13593.8946533203,-1352.76489257813,143,31,5,66.5807780068692
24774_d,13593.8946533203,-1302.76489257813,119,32,5,61.7089944821661
24774_d,13593.8946533203,-1252.76489257813,114,36,7,64.0624695121879
24774_d,13593.8946533203,-1202.76489257813,99,38,8,61.3351449007826
24774_d,13593.8946533203,-1152.76489257813,69,36,8,49.8397431775085
24774_d,13593.8946533203,-1102.76489257813,57,7,7,19.9749843554382
24774_d,13593.8946533203,-1052.76489257813,42,6,7,15.8745078663875
24774_d,13643.8946533203,-1352.76489257813,140,31,5,65.8786763680024
24774_d,13643.8946533203,-1302.76489257813,123,31,5,61.7494939250517
24774_d,13643.8946533203,-1252.76489257813,126,31,6,62.497999967999
24774_d,13643.8946533203,-1202.76489257813,124,33,3,63.9687423668779
24774_d,13643.8946533203,-1152.76489257813,94,31,2,53.9814783050631
24774_d,13693.8946533203,-1352.76489257813,147,31,5,67.5055553269507
24774_d,13693.8946533203,-1302.76489257813,128,31,5,62.9920629920945
24774_d,13693.8946533203,-1252.76489257813,131,31,5,63.7259758654193
24774_d,13693.8946533203,-1202.76489257813,133,31,2,64.2105910267146
24774_d,13693.8946533203,-1152.76489257813,103,29,1,54.6534536877588
24774_d,13743.8946533203,-1702.76489257813,62,5,2,17.606816861659
24774_d,13743.8946533203,-1652.76489257813,78,9,15,26.4952825989835
24774_d,13743.8946533203,-1602.76489257813,103,10,15,32.0936130717624
24774_d,13743.8946533203,-1552.76489257813,108,10,15,32.86335345031
24774_d,13743.8946533203,-1502.76489257813,122,9,15,33.1360830515618
24774_d,13743.8946533203,-1452.76489257813,136,5,14,26.0768096208106
24774_d,13793.8946533203,-1702.76489257813,62,9,3,23.6220236220354
24774_d,13793.8946533203,-1652.76489257813,75,20,18,38.7298334620742
24774_d,13793.8946533203,-1602.76489257813,94,21,18,44.4297197830461
24774_d,13793.8946533203,-1552.76489257813,103,21,18,46.5080638169339
24774_d,13793.8946533203,-1502.76489257813,116,20,18,48.1663783151692
24774_d,13793.8946533203,-1452.76489257813,127,12,16,39.0384425918863
24774_d,13843.8946533203,-1702.76489257813,62,9,3,23.6220236220354
24774_d,13843.8946533203,-1652.76489257813,77,20,17,39.2428337406972
24774_d,13843.8946533203,-1602.76489257813,91,21,17,43.7149859887888
24774_d,13843.8946533203,-1552.76489257813,102,21,17,46.2817458616245
24774_d,13843.8946533203,-1502.76489257813,116,20,17,48.1663783151692
24774_d,13843.8946533203,-1452.76489257813,125,12,15,38.7298334620742
24774_d,13893.8946533203,-1702.76489257813,68,9,3,24.738633753706
24774_d,13893.8946533203,-1652.76489257813,88,20,15,41.9523539268061
24774_d,13893.8946533203,-1602.76489257813,103,20,15,45.3872228716409
24774_d,13893.8946533203,-1552.76489257813,112,20,15,47.3286382647969
24774_d,13893.8946533203,-1502.76489257813,120,19,15,47.7493455452533
24774_d,13893.8946533203,-1452.76489257813,131,11,13,37.9605057922046
24774_d,13943.8946533203,-1702.76489257813,68,8,1,23.3238075793812
24774_d,13943.8946533203,-1652.76489257813,95,18,7,41.3521462562707
24774_d,13943.8946533203,-1602.76489257813,109,18,8,44.2944691807002
24774_d,13943.8946533203,-1552.76489257813,113,18,8,45.0998891351187
24774_d,13943.8946533203,-1502.76489257813,117,17,8,44.5982062419555
24774_d,13943.8946533203,-1452.76489257813,131,10,8,36.1939221417077
24774_d,13993.8946533203,-1652.76489257813,110,11,3,34.7850542618522
24774_d,13993.8946533203,-1602.76489257813,116,11,4,35.7211421989835
24774_d,13993.8946533203,-1552.76489257813,120,11,4,36.3318042491699
24774_d,13993.8946533203,-1502.76489257813,118,11,4,36.0277670693036
24774_d,13993.8946533203,-1452.76489257813,131,7,3,30.2820078594534
24774_d,14043.8946533203,-2102.76489257812,36,5,5,13.4164078649987
24774_d,14043.8946533203,-2052.76489257813,66,5,5,18.165902124585
24774_d,14043.8946533203,-2002.76489257813,92,5,5,21.4476105895272
24774_d,14043.8946533203,-1952.76489257813,117,5,2,24.1867732448956
24774_d,14093.8946533203,-2102.76489257812,54,9,14,22.0454076850486
24774_d,14093.8946533203,-2052.76489257813,82,9,5,27.1661554144123
24774_d,14093.8946533203,-2002.76489257813,103,9,5,30.4466746952767
24774_d,14093.8946533203,-1952.76489257813,118,5,2,24.2899156029822
24774_d,14143.8946533203,-2202.76489257813,59,8,20,21.7255609824004
24774_d,14143.8946533203,-2152.76489257813,55,9,15,22.248595461287
24774_d,14143.8946533203,-2102.76489257812,71,9,15,25.2784493195291
24774_d,14143.8946533203,-2052.76489257813,97,9,6,29.5465734053883
24774_d,14143.8946533203,-2002.76489257813,117,9,6,32.4499614791759
24774_d,14143.8946533203,-1952.76489257813,127,5,2,25.1992063367083
24774_d,14193.8946533203,-2202.76489257813,87,8,20,26.3818119165458
24774_d,14193.8946533203,-2152.76489257813,80,8,15,25.298221281347
24774_d,14193.8946533203,-2102.76489257812,89,8,15,26.6833281282527
24774_d,14193.8946533203,-2052.76489257813,106,8,6,29.1204395571221
24774_d,14193.8946533203,-2002.76489257813,123,8,6,31.3687742827162
24774_d,14243.8946533203,-2202.76489257813,111,6,17,25.8069758011279
24774_d,14243.8946533203,-2152.76489257813,101,5,15,22.4722050542442
24774_d,14243.8946533203,-2102.76489257812,106,5,15,23.0217288664427
24774_d,14243.8946533203,-2052.76489257813,121,5,6,24.5967477524977
24774_d,14243.8946533203,-2002.76489257813,130,5,6,25.4950975679639
24774_d,14993.8946533203,-1402.76489257813,158,12,0,43.5430821141545
24774_d,14993.8946533203,-1352.76489257813,163,17,1,52.6402887530074
24774_d,14993.8946533203,-1302.76489257813,155,17,3,51.3322510708424
24774_d,14993.8946533203,-1252.76489257813,140,17,3,48.7852436706019
24774_d,14993.8946533203,-1202.76489257813,138,14,5,43.9545219516718
24774_d,14993.8946533203,-1152.76489257813,150,5,5,27.3861278752583
24774_d,15043.8946533203,-2352.76489257813,87,6,5,22.8473193175917
24774_d,15043.8946533203,-2302.76489257813,106,7,18,27.2396769437525
24774_d,15043.8946533203,-2252.76489257813,126,7,19,29.698484809835
24774_d,15043.8946533203,-2202.76489257813,122,7,19,29.2232783924049
24774_d,15043.8946533203,-2152.76489257813,109,7,18,27.6224546338663
24774_d,15043.8946533203,-1552.76489257813,124,17,3,45.912961132996
24774_d,15043.8946533203,-1502.76489257813,129,26,3,57.913728942281
24774_d,15043.8946533203,-1452.76489257813,134,48,4,80.1997506230537
24774_d,15043.8946533203,-1402.76489257813,126,103,4,113.921025276285
24774_d,15043.8946533203,-1352.76489257813,128,132,4,129.984614474175
24774_d,15043.8946533203,-1302.76489257813,128,118,6,122.898331965898
24774_d,15043.8946533203,-1252.76489257813,126,109,6,117.192149907748
24774_d,15043.8946533203,-1202.76489257813,136,85,5,107.517440445725
24774_d,15043.8946533203,-1152.76489257813,150,30,5,67.0820393249937
24774_d,15093.8946533203,-2352.76489257813,65,9,5,24.1867732448956
24774_d,15093.8946533203,-2302.76489257813,77,10,18,27.7488738510232
24774_d,15093.8946533203,-2252.76489257813,102,10,19,31.9374388453426
24774_d,15093.8946533203,-2202.76489257813,107,10,19,32.7108544675923
24774_d,15093.8946533203,-2152.76489257813,102,9,18,30.2985148150862
24774_d,15093.8946533203,-1552.76489257813,122,40,3,69.8569967862919
24774_d,15093.8946533203,-1502.76489257813,114,80,3,95.4986910905066
24774_d,15093.8946533203,-1452.76489257813,108,131,4,118.945365609594
24774_d,15093.8946533203,-1402.76489257813,92,198,16,134.966662550424
24774_d,15093.8946533203,-1352.76489257813,93,267,16,157.578551840027
24774_d,15093.8946533203,-1302.76489257813,96,243,18,152.735064736294
24774_d,15093.8946533203,-1252.76489257813,111,203,18,150.109959696217
24774_d,15093.8946533203,-1202.76489257813,123,150,18,135.830777072061
24774_d,15093.8946533203,-1152.76489257813,145,85,7,111.018016555873
24774_d,15093.8946533203,-1102.76489257813,154,16,7,49.6386945839634
24774_d,15143.8946533203,-2352.76489257813,49,9,5,21
24774_d,15143.8946533203,-2302.76489257813,51,10,18,22.5831795812724
24774_d,15143.8946533203,-2252.76489257813,71,10,19,26.6458251889485
24774_d,15143.8946533203,-2202.76489257813,82,10,20,28.6356421265527
24774_d,15143.8946533203,-2152.76489257813,79,9,19,26.6645832519468
24774_d,15143.8946533203,-1552.76489257813,120,45,4,73.4846922834954
24774_d,15143.8946533203,-1502.76489257813,106,100,4,102.95630140987
24774_d,15143.8946533203,-1452.76489257813,90,162,5,120.747670784989
24774_d,15143.8946533203,-1402.76489257813,70,258,17,134.387499418659
24774_d,15143.8946533203,-1352.76489257813,62,343,17,145.828666591998
24774_d,15143.8946533203,-1302.76489257813,73,332,18,155.679157243351
24774_d,15143.8946533203,-1252.76489257813,97,277,18,163.91766225761
24774_d,15143.8946533203,-1202.76489257813,117,213,16,157.863865403074
24774_d,15143.8946533203,-1152.76489257813,141,119,5,129.533779378199
24774_d,15143.8946533203,-1102.76489257813,159,33,5,72.4361788058978
24774_d,15193.8946533203,-2352.76489257813,39,9,3,18.7349939951952
24774_d,15193.8946533203,-2302.76489257813,43,10,15,20.7364413533277
24774_d,15193.8946533203,-2252.76489257813,61,10,16,24.6981780704569
24774_d,15193.8946533203,-2202.76489257813,83,10,17,28.8097205817759
24774_d,15193.8946533203,-2152.76489257813,80,9,17,26.8328157299975
24774_d,15193.8946533203,-1552.76489257813,120,45,4,73.4846922834954
24774_d,15193.8946533203,-1502.76489257813,104,100,4,101.980390271856
24774_d,15193.8946533203,-1452.76489257813,82,176,6,120.13325934145
24774_d,15193.8946533203,-1402.76489257813,53,286,18,123.117829740456
24774_d,15193.8946533203,-1352.76489257813,39,392,20,123.64465212859
24774_d,15193.8946533203,-1302.76489257813,42,404,22,130.26127590347
24774_d,15193.8946533203,-1252.76489257813,73,351,23,160.071858863449
24774_d,15193.8946533203,-1202.76489257813,94,273,20,160.19363283227
24774_d,15193.8946533203,-1152.76489257813,117,165,10,138.942434122913
24774_d,15193.8946533203,-1102.76489257813,137,58,8,89.1403387922662
24774_d,15193.8946533203,-1052.76489257813,142,5,5,26.6458251889485
24774_d,15243.8946533203,-2352.76489257813,36,8,0,16.9705627484771
24774_d,15243.8946533203,-2302.76489257813,46,8,3,19.1833260932509
24774_d,15243.8946533203,-2252.76489257813,65,8,3,22.8035085019828
24774_d,15243.8946533203,-2202.76489257813,92,8,4,27.1293199325011
24774_d,15243.8946533203,-2152.76489257813,91,7,4,25.2388589282479
24774_d,15243.8946533203,-1552.76489257813,120,43,4,71.8331399842719
24774_d,15243.8946533203,-1502.76489257813,99,99,4,99
24774_d,15243.8946533203,-1452.76489257813,66,184,6,110.199818511647
24774_d,15243.8946533203,-1402.76489257813,38,298,18,106.414284755384
24774_d,15243.8946533203,-1252.76489257813,52,365,22,137.767920794356
24774_d,15243.8946533203,-1202.76489257813,77,280,19,146.833238743821
24774_d,15243.8946533203,-1152.76489257813,100,168,11,129.614813968157
24774_d,15243.8946533203,-1102.76489257813,121,59,8,84.4926032265547
24774_d,15293.8946533203,-1552.76489257813,136,28,1,61.7089944821661
24774_d,15293.8946533203,-1502.76489257813,123,75,1,96.0468635614927
24774_d,15293.8946533203,-1452.76489257813,91,143,2,114.074537036098
24774_d,15293.8946533203,-1402.76489257813,58,217,14,112.187343314654
24774_d,15293.8946533203,-1352.76489257813,37,301,17,105.531985672591
24774_d,15293.8946533203,-1252.76489257813,42,288,19,109.98181667894
24774_d,15293.8946533203,-1202.76489257813,67,220,20,121.40840168621
24774_d,15293.8946533203,-1152.76489257813,87,148,12,113.472463620034
24774_d,15293.8946533203,-1102.76489257813,109,63,9,82.8673639015988
24774_d,15293.8946533203,-1052.76489257813,133,5,8,25.7875939164553
24774_d,15343.8946533203,-1552.76489257813,133,5,1,25.7875939164553
24774_d,15343.8946533203,-1502.76489257813,132,21,1,52.6497863243527
24774_d,15343.8946533203,-1452.76489257813,107,60,2,80.1249024960405
24774_d,15343.8946533203,-1402.76489257813,82,122,3,100.0199980004
24774_d,15343.8946533203,-1352.76489257813,59,166,7,98.9646401499041
24774_d,15343.8946533203,-1302.76489257813,41,210,8,92.7900856772964
24774_d,15343.8946533203,-1252.76489257813,44,198,9,93.3380951166243
24774_d,15343.8946533203,-1202.76489257813,68,159,9,103.980767452448
24774_d,15343.8946533203,-1152.76489257813,81,97,11,88.639720216165
24774_d,15343.8946533203,-1102.76489257813,100,52,7,72.1110255092798
24774_d,15393.8946533203,-1452.76489257813,128,30,1,61.9677335393187
24774_d,15393.8946533203,-1402.76489257813,106,63,3,81.7190308312574
24774_d,15393.8946533203,-1352.76489257813,85,91,7,87.9488487701801
24774_d,15393.8946533203,-1302.76489257813,59,122,9,84.8410278108416
24774_d,15393.8946533203,-1252.76489257813,49,125,10,78.2623792124926
24774_d,15393.8946533203,-1202.76489257813,64,96,10,78.3836717690617
24774_d,15393.8946533203,-1152.76489257813,74,63,12,68.2788400604463
24774_d,15393.8946533203,-1102.76489257813,90,35,9,56.1248608016091
24774_d,15443.8946533203,-1452.76489257813,136,16,0,46.6476151587624
24774_d,15443.8946533203,-1402.76489257813,124,35,2,65.8786763680024
24774_d,15443.8946533203,-1352.76489257813,108,42,3,67.349832961931
24774_d,15443.8946533203,-1302.76489257813,82,50,3,64.0312423743285
24774_d,15443.8946533203,-1252.76489257813,61,55,3,57.9223618302983
24774_d,15443.8946533203,-1202.76489257813,64,41,4,51.2249938994628
24774_d,15443.8946533203,-1152.76489257813,66,22,6,38.1051177665153
24774_d,15443.8946533203,-1102.76489257813,77,15,6,33.9852909359329
24774_d,15443.8946533203,-1052.76489257813,108,7,7,27.495454169735
24774_d,15493.8946533203,-1452.76489257813,150,5,0,27.3861278752583
24774_d,15493.8946533203,-1402.76489257813,140,11,2,39.2428337406972
24774_d,15493.8946533203,-1352.76489257813,126,12,3,38.8844441904472
24774_d,15493.8946533203,-1302.76489257813,100,18,3,42.4264068711929
24774_d,15493.8946533203,-1252.76489257813,71,30,3,46.1519230368573
24774_d,15493.8946533203,-1202.76489257813,67,26,4,41.7372735094184
24774_d,15493.8946533203,-1152.76489257813,66,20,4,36.3318042491699
24774_d,15493.8946533203,-1102.76489257813,74,19,4,37.4966665185054
24774_d,15493.8946533203,-1052.76489257813,106,13,4,37.1214223865412
24774_d,15543.8946533203,-1252.76489257813,85,15,4,35.7071421427143
24774_d,15543.8946533203,-1202.76489257813,72,17,4,34.9857113690718
24774_d,15543.8946533203,-1152.76489257813,66,18,4,34.4673758792282
24774_d,15543.8946533203,-1102.76489257813,70,18,4,35.4964786985977
24774_d,15543.8946533203,-1052.76489257813,92,15,7,37.1483512420134
24774_d,15593.8946533203,-1252.76489257813,85,11,3,30.5777697028413
24774_d,15593.8946533203,-1202.76489257813,65,16,3,32.2490309931942
24774_d,15593.8946533203,-1152.76489257813,63,18,4,33.6749164809655
24774_d,15593.8946533203,-1102.76489257813,64,18,5,33.9411254969543
24774_d,15593.8946533203,-1052.76489257813,83,18,8,38.6522961801754
24774_d,15593.8946533203,-1002.76489257813,108,8,9,29.3938769133981
24774_d,15643.8946533203,-1252.76489257813,81,15,2,34.8568501158668
24774_d,15643.8946533203,-1202.76489257813,59,22,2,36.0277670693036
24774_d,15643.8946533203,-1152.76489257813,52,27,3,37.4699879903904
24774_d,15643.8946533203,-1102.76489257813,56,27,3,38.8844441904472
24774_d,15643.8946533203,-1052.76489257813,77,26,8,44.7437146423942
24774_d,15643.8946533203,-1002.76489257813,107,12,9,35.8329457343378
24774_d,15643.8946533203,-952.764892578125,104,5,9,22.8035085019828
24774_d,15693.8946533203,-1252.76489257813,73,15,8,33.0907842155486
24774_d,15693.8946533203,-1202.76489257813,51,26,3,36.4142829120663
24774_d,15693.8946533203,-1152.76489257813,43,34,2,38.2361085886103
24774_d,15693.8946533203,-1102.76489257813,53,34,2,42.4499705535823
24774_d,15693.8946533203,-1052.76489257813,76,32,7,49.3153120237518
24774_d,15693.8946533203,-1002.76489257813,108,19,8,45.2990066116245
24774_d,15693.8946533203,-952.764892578125,110,8,8,29.6647939483827
24774_d,15743.8946533203,-1502.76489257813,97,15,4,38.1444622455213
24774_d,15743.8946533203,-1452.76489257813,92,17,9,39.5474398665704
24774_d,15743.8946533203,-1402.76489257813,102,17,10,41.641325627314
24774_d,15743.8946533203,-1352.76489257813,100,17,11,41.2310562561766
24774_d,15743.8946533203,-1302.76489257813,88,17,7,38.6781592116274
24774_d,15743.8946533203,-1252.76489257813,65,16,8,32.2490309931942
24774_d,15743.8946533203,-1202.76489257813,45,28,3,35.4964786985977
24774_d,15743.8946533203,-1152.76489257813,30,39,2,34.2052627529741
24774_d,15743.8946533203,-1102.76489257813,41,41,2,41
24774_d,15743.8946533203,-1052.76489257813,62,39,8,49.173163412577
24774_d,15743.8946533203,-1002.76489257813,96,28,9,51.8459255872629
24774_d,15743.8946533203,-952.764892578125,98,13,9,35.6931365951495
24774_d,15793.8946533203,-1502.76489257813,93,32,14,54.5527267879434
24774_d,15793.8946533203,-1452.76489257813,81,37,19,54.744862772684
24774_d,15793.8946533203,-1402.76489257813,84,37,20,55.7494394590654
24774_d,15793.8946533203,-1352.76489257813,79,37,21,54.0647759636531
24774_d,15793.8946533203,-1302.76489257813,64,36,9,48
24774_d,15793.8946533203,-1252.76489257813,45,20,7,30
24774_d,15793.8946533203,-1052.76489257813,51,45,34,47.9061582680139
24774_d,15793.8946533203,-1002.76489257813,80,33,42,51.3809303146605
24774_d,15793.8946533203,-952.764892578125,82,20,42,40.4969134626332
24774_d,15843.8946533203,-1502.76489257813,101,32,14,56.8506816142076
24774_d,15843.8946533203,-1452.76489257813,83,37,19,55.4166040099896
24774_d,15843.8946533203,-1402.76489257813,76,37,20,53.0282943342514
24774_d,15843.8946533203,-1352.76489257813,65,37,20,49.0407993409569
24774_d,15843.8946533203,-1302.76489257813,50,36,8,42.4264068711929
24774_d,15843.8946533203,-1252.76489257813,34,20,6,26.0768096208106
24774_d,15843.8946533203,-1052.76489257813,37,76,33,53.0282943342514
24774_d,15843.8946533203,-1002.76489257813,63,65,41,63.9921870231046
24774_d,15843.8946533203,-952.764892578125,64,51,41,57.1314274283428
24774_d,15893.8946533203,-1502.76489257813,103,32,14,57.4108003776293
24774_d,15893.8946533203,-1452.76489257813,78,37,19,53.7215040742532
24774_d,15893.8946533203,-1402.76489257813,64,37,20,48.6621002423858
24774_d,15893.8946533203,-1352.76489257813,46,37,20,41.2553026894725
24774_d,15893.8946533203,-1302.76489257813,35,35,8,35
24774_d,15893.8946533203,-1052.76489257813,32,142,32,67.4091981854109
24774_d,15893.8946533203,-1002.76489257813,48,144,40,83.1384387633061
24774_d,15893.8946533203,-952.764892578125,45,130,40,76.4852927038918
24774_d,15943.8946533203,-1502.76489257813,92,32,14,54.2586398650022
24774_d,15943.8946533203,-1452.76489257813,69,37,14,50.5272203866391
24774_d,15943.8946533203,-1402.76489257813,57,38,14,46.5403051128804
24774_d,15943.8946533203,-1352.76489257813,36,38,15,36.9864840178139
24774_d,15943.8946533203,-1252.76489257813,31,12,1,19.2873015219859
24774_d,15943.8946533203,-1202.76489257813,36,16,1,24
24774_d,15943.8946533203,-1052.76489257813,31,178,36,74.2832417170926
24774_d,15943.8946533203,-1002.76489257813,36,202,44,85.2760224213114
24774_d,15993.8946533203,-1502.76489257813,98,18,10,42
24774_d,15993.8946533203,-1452.76489257813,73,20,10,38.2099463490856
24774_d,15993.8946533203,-1402.76489257813,58,21,10,34.8998567332303
24774_d,15993.8946533203,-1352.76489257813,41,21,11,29.3428015022424
24774_d,15993.8946533203,-1302.76489257813,38,20,3,27.5680975041804
24774_d,15993.8946533203,-1252.76489257813,49,5,1,15.6524758424985
24774_d,15993.8946533203,-1202.76489257813,60,8,1,21.9089023002066
24774_d,15993.8946533203,-1152.76489257813,54,51,6,52.4785670536077
24774_d,15993.8946533203,-1102.76489257813,54,114,12,78.4601809837321
24774_d,15993.8946533203,-1052.76489257813,44,181,40,89.2412460692924
24774_d,15993.8946533203,-1002.76489257813,33,224,48,85.9767410408187
24774_d,16043.8946533203,-1202.76489257813,77,6,1,21.4941852602047
24774_d,16043.8946533203,-1152.76489257813,77,44,6,58.206528843421
24774_d,16043.8946533203,-1102.76489257813,81,104,5,91.7823512446701
24774_d,16043.8946533203,-1052.76489257813,72,175,10,112.249721603218
24774_d,16043.8946533203,-1002.76489257813,57,221,10,112.236357745608
24774_d,16043.8946533203,-952.764892578125,35,224,27,88.5437744847146
24774_d,16093.8946533203,-1152.76489257813,83,32,6,51.5363949069005
24774_d,16093.8946533203,-1102.76489257813,91,79,5,84.7879708449259
24774_d,16093.8946533203,-1052.76489257813,87,140,10,110.363037290571
24774_d,16093.8946533203,-1002.76489257813,73,187,10,116.837493982026
24774_d,16093.8946533203,-952.764892578125,54,198,33,103.402127637685
24774_d,16143.8946533203,-1102.76489257813,81,14,4,33.6749164809655
24774_d,16143.8946533203,-1052.76489257813,80,66,9,72.6636084983398
24774_d,16143.8946533203,-1002.76489257813,74,104,9,87.7268487978452
24774_d,16143.8946533203,-952.764892578125,59,118,32,83.4386001800126
24774_d,16193.8946533203,-1052.76489257813,67,19,5,35.6791255498225
24774_d,16193.8946533203,-1002.76489257813,68,39,15,51.4975727583349
24774_d,16193.8946533203,-952.764892578125,67,51,38,58.4551109827019
24774_d,16243.8946533203,-1002.76489257813,55,8,12,20.976176963403
24774_d,16243.8946533203,-952.764892578125,59,14,35,28.7402157263998
24774_d,16293.8946533203,-952.764892578125,38,9,18,18.4932420089069
