from_label,to_label,irHep_enrichm,AIH_enrichm,delta_enrichm
CD8+ T cell 2,Cholangiocyte,1.02346140520393,-1.72386798306009,2.74732938826402
Hepatocyte 4,IgG+ B cell,0.128779032493429,-2.61316049875532,2.74193953124875
CD8+ T cell 2,IgG+ B cell,-0.80418297987186,-3.15888791716204,2.35470493729018
CD8+ T cell 2,Vascular endothelial cell,-1.48893972049444,-3.37539325652802,1.88645353603358
IgG+ plasmablast / plasma cell,IgM+ B cell,1.83145587054013,-0.0229482098599895,1.85440408040012
CD8+ T cell 3,IgG+ B cell,1.1582361395084,-0.689058895293681,1.84729503480209
CD8+ T cell 3,Cholangiocyte,1.00210414280762,-0.831060043021352,1.83316418582897
Ig+ hepatocyte,IgM+ B cell,-0.0927398304622705,-1.86298515054454,1.77024532008227
IgG+ plasmablast / plasma cell,IgG+ plasmablast / plasma cell,3.43334990702912,1.91626978458201,1.51708012244711
Hepatocyte 1,Vascular endothelial cell,-2.05566825362703,-3.57096077104258,1.51529251741555
IgG+ B cell,IgG+ plasmablast / plasma cell,2.93317335885481,1.43369139003408,1.49948196882073
Ig+ hepatocyte,IgG+ B cell,1.69147365832623,0.219010806188242,1.47246285213799
Hepatocyte 2,Vascular endothelial cell,-1.97398680197528,-3.31437206127665,1.34038525930137
Cholangiocyte,Macrophage 1,-0.514707201549452,-1.84427139892336,1.32956419737391
Hepatocyte 2,IgG+ B cell,-1.51380100856934,-2.78885520760288,1.27505419903354
CD8+ T cell 1,IgG+ B cell,0.507979560667736,-0.747661589750138,1.25564115041787
IgG+ B cell,IgM+ B cell,1.50770195900844,0.272849748437103,1.23485221057134
Cholangiocyte,Cholangiocyte,4.31057794702885,3.0921365650849,1.21844138194395
CD8+ T cell 2,Macrophage 2,-0.0427141949917053,-1.19165649825231,1.14894230326061
CD4+ T cell,IgG+ plasmablast / plasma cell,1.32391775729612,0.198165851744274,1.12575190555184
CD4+ T cell,CD8+ T cell 1,0.923060019745198,-0.136177335474946,1.05923735522014
CD4+ T cell,CD4+ T cell,2.78913343020357,1.73013077186447,1.0590026583391
CD8+ T cell 1,Cholangiocyte,-0.012753280149629,-1.06741097947584,1.05465769932621
CD8+ T cell 1,IgM+ B cell,0.541972854645058,-0.463662911926143,1.0056357665712
Ig+ hepatocyte,Macrophage 2,0.352894609263519,-0.650722058006529,1.00361666727005
Hepatocyte 1,IgG+ B cell,-1.70245126647746,-2.7029488979793,1.00049763150184
IgG+ plasmablast / plasma cell,Vascular endothelial cell,1.2860520398257,0.301555372144787,0.984496667680909
Ig+ hepatocyte,Stellate cell,0.194556125850856,-0.771716550053444,0.966272675904299
CD8+ T cell 3,Macrophage 2,0.562369462772257,-0.373335656733676,0.935705119505933
Macrophage 1,Macrophage 2,0.743831142630265,-0.116365000653745,0.860196143284011
CD4+ T cell,IgM+ B cell,2.4646191036448,1.60517732361616,0.859441780028645
Hepatocyte 1,Stellate cell,-0.303102181817622,-1.16248070463837,0.85937852282075
CD4+ T cell,IgG+ B cell,0.991646702542413,0.194340913041809,0.797305789500603
CD8+ T cell 3,Vascular endothelial cell,0.15793931069003,-0.634433356230817,0.792372666920847
Ig+ hepatocyte,Vascular endothelial cell,-0.0658210802508401,-0.835868696973454,0.770047616722614
CD8+ T cell 1,CD8+ T cell 3,1.02859801974391,0.294307898692172,0.734290121051739
Hepatocyte 4,Macrophage 2,-0.700137760174125,-1.42460396596403,0.724466205789907
IgM+ B cell,IgM+ B cell,3.36381373192641,2.668301036921,0.695512695005411
CD8+ T cell 1,Macrophage 2,0.560905410068656,-0.121156382002687,0.682061792071342
CD8+ T cell 1,Vascular endothelial cell,-0.0309224305012155,-0.704119019145711,0.673196588644495
CD4+ T cell,CD8+ T cell 3,0.293008730262013,-0.344476052583371,0.637484782845384
Hepatocyte 2,Stellate cell,-0.35424435837799,-0.981023843972697,0.626779485594707
CD8+ T cell 2,CD8+ T cell 3,1.17986205074396,0.559951164996322,0.619910885747635
IgG+ plasmablast / plasma cell,Stellate cell,0.419602535507568,-0.173063871800145,0.592666407307714
IgM+ B cell,Macrophage 1,-0.327692497449217,-0.908960761710405,0.581268264261188
CD8+ T cell 1,CD8+ T cell 1,1.11363948285134,0.537267237339743,0.576372245511595
CD8+ T cell 1,CD8+ T cell 2,0.826050694717686,0.25872761864954,0.567323076068146
Macrophage 1,Vascular endothelial cell,-0.792254803680402,-1.3589822164251,0.566727412744696
Hepatocyte 4,Stellate cell,-0.696055797857117,-1.23453656776483,0.538480769907709
Macrophage 1,Macrophage 1,1.48781454103679,0.956355192450877,0.531459348585913
IgG+ B cell,Macrophage 1,-0.778099259101461,-1.30811475512696,0.530015496025501
CD8+ T cell 2,IgM+ B cell,-1.71866806837548,-2.24453263920263,0.525864570827151
CD8+ T cell 2,Stellate cell,-0.78600497749583,-1.31057914306696,0.524574165571134
Macrophage 2,Macrophage 2,1.4037488183823,0.883444927839862,0.520303890542438
CD8+ T cell 3,Macrophage 1,0.736470432702677,0.232127431650693,0.504343001051984
CD4+ T cell,Macrophage 2,0.874533155902913,0.373182956447851,0.501350199455062
IgG+ B cell,Macrophage 2,0.783916869336307,0.288502302297308,0.495414567038999
CD8+ T cell 2,IgG+ plasmablast / plasma cell,-1.50054729509579,-1.95565201382409,0.455104718728301
Hepatocyte 4,IgM+ B cell,-2.5589168843315,-3.013891415282,0.4549745309505
IgG+ B cell,Stellate cell,0.608632537072509,0.191304438946645,0.417328098125864
IgG+ plasmablast / plasma cell,Macrophage 2,0.563043189600218,0.154966482536336,0.408076707063882
CD8+ T cell 2,Macrophage 1,0.548047634032146,0.158263150607069,0.389784483425077
CD8+ T cell 1,IgG+ plasmablast / plasma cell,0.183727349129888,-0.196723367046931,0.38045071617682
IgM+ B cell,Macrophage 2,0.641276076168821,0.269716811773651,0.37155926439517
Cholangiocyte,Macrophage 2,0.620053317925834,0.25406768693626,0.365985630989574
Stellate cell,Vascular endothelial cell,0.876912999620758,0.525330530280834,0.351582469339924
IgG+ B cell,Sinusoidal endothelial cell,-1.59876925832979,-1.94280797464272,0.344038716312926
Ig+ hepatocyte,IgG+ plasmablast / plasma cell,0.995666682510689,0.661633375499825,0.334033307010864
Cholangiocyte,Hepatocyte 4,-2.1029145573827,-2.43189359238753,0.328979035004825
Hepatocyte 2,Sinusoidal endothelial cell,0.504437311843077,0.17717718381134,0.327260128031737
CD8+ T cell 1,Macrophage 1,0.686146358443828,0.359471734880734,0.326674623563094
CD4+ T cell,Cholangiocyte,-0.455474557420062,-0.76342758264279,0.307953025222728
IgG+ plasmablast / plasma cell,Macrophage 1,-0.0850900830730769,-0.391900000761765,0.306809917688688
IgG+ B cell,Vascular endothelial cell,0.984892817103224,0.691963293518029,0.292929523585195
Hepatocyte 1,Macrophage 2,-1.18252259838886,-1.47015079875477,0.287628200365911
IgM+ B cell,Vascular endothelial cell,0.90922378520596,0.656180316120918,0.253043469085042
Hepatocyte 1,Sinusoidal endothelial cell,0.557625218627911,0.332805280287214,0.224819938340697
Cholangiocyte,Hepatocyte 2,-1.67124519085573,-1.8636299196163,0.192384728760565
Cholangiocyte,Hepatocyte 1,-1.65611263305158,-1.84420543636305,0.188092803311475
Macrophage 1,Stellate cell,-0.0370500143013546,-0.218520267454618,0.181470253153263
IgM+ B cell,Stellate cell,0.302229157281652,0.128909336574685,0.173319820706967
Hepatocyte 3,Sinusoidal endothelial cell,0.328425723401132,0.157788529085536,0.170637194315596
Hepatocyte 3,Stellate cell,-0.502778184776587,-0.670841572140411,0.168063387363824
Hepatocyte 2,Macrophage 2,-1.07893640380369,-1.24212039932745,0.163183995523754
CD8+ T cell 3,CD8+ T cell 3,2.61960612531475,2.46573651088505,0.153869614429698
Cholangiocyte,Stellate cell,-0.336831180837288,-0.469298207495507,0.132467026658218
CD4+ T cell,Ig+ hepatocyte,-0.799267048741156,-0.929496194507398,0.130229145766242
Macrophage 2,Vascular endothelial cell,0.3356316250393,0.208689295756601,0.126942329282699
Hepatocyte 4,IgG+ plasmablast / plasma cell,-1.63916294845095,-1.76609356478198,0.126930616331034
Hepatocyte 4,Sinusoidal endothelial cell,0.340176785488381,0.23605598539029,0.104120800098091
CD4+ T cell,CD8+ T cell 2,-1.56036768151138,-1.65325367626417,0.0928859947527942
Macrophage 2,Stellate cell,0.274333248198543,0.187771589533075,0.0865616586654684
Hepatocyte 4,Hepatocyte 4,2.96214582319472,2.88041971916801,0.0817261040267132
Hepatocyte 2,Ig+ hepatocyte,0.665065300425019,0.587000179071029,0.0780651213539895
CD8+ T cell 2,CD8+ T cell 2,1.8805241352003,1.81717994469157,0.0633441905087326
CD8+ T cell 1,Stellate cell,-0.0546220001334453,-0.0467274791310063,-0.00789452100243899
IgG+ B cell,IgG+ B cell,2.38524124524048,2.41924569501655,-0.0340044497760701
CD8+ T cell 3,IgG+ plasmablast / plasma cell,-0.337914437741425,-0.291862789229376,-0.0460516485120494
CD4+ T cell,Vascular endothelial cell,0.555214793249999,0.603157587819556,-0.0479427945695575
CD4+ T cell,Stellate cell,0.0973953868436439,0.14854947798053,-0.0511540911368862
Ig+ hepatocyte,Macrophage 1,-0.484638680361589,-0.432336532802531,-0.0523021475590577
Hepatocyte 2,IgM+ B cell,-3.01443029987638,-2.95842107585201,-0.0560092240243755
Cholangiocyte,IgG+ B cell,-0.30437709485691,-0.201545920922311,-0.102831173934599
CD8+ T cell 3,IgM+ B cell,-0.544536916753307,-0.438307806373581,-0.106229110379725
CD4+ T cell,Macrophage 1,-0.707922868675007,-0.598601784593009,-0.109321084081998
Cholangiocyte,Vascular endothelial cell,-0.245449168228327,-0.13514551694713,-0.110303651281197
CD8+ T cell 3,Ig+ hepatocyte,-0.383105054498898,-0.267479956891356,-0.115625097607541
Hepatocyte 3,IgG+ B cell,-1.00345542395381,-0.874297168274332,-0.129158255679478
Stellate cell,Stellate cell,0.856389390716513,0.986109193863844,-0.129719803147332
CD8+ T cell 3,Stellate cell,-0.413393428890726,-0.265670888722066,-0.14772254016866
Cholangiocyte,IgM+ B cell,-0.846645555015427,-0.677737378543015,-0.168908176472412
Cholangiocyte,Sinusoidal endothelial cell,-2.55811873596538,-2.33167239992508,-0.226446336040303
Vascular endothelial cell,Vascular endothelial cell,3.04318858538717,3.33310442202903,-0.289915836641855
Hepatocyte 4,Ig+ hepatocyte,0.160419635555383,0.483086862667376,-0.322667227111994
CD8+ T cell 1,Hepatocyte 4,-0.694785505219851,-0.360851622030971,-0.33393388318888
Macrophage 2,Sinusoidal endothelial cell,-0.90715562407902,-0.5021620707163,-0.40499355336272
Hepatocyte 4,Macrophage 1,-0.524189262890859,-0.118000027759344,-0.406189235131515
Hepatocyte 1,IgM+ B cell,-3.52197514982501,-3.10997252639706,-0.412002623427942
Hepatocyte 1,IgG+ plasmablast / plasma cell,-2.05028363446806,-1.60520166900993,-0.445081965458129
Hepatocyte 1,Macrophage 1,-0.479135350161998,-0.0207214075674308,-0.458413942594567
Hepatocyte 2,Macrophage 1,-0.665211071685141,-0.158260426179111,-0.50695064550603
CD8+ T cell 1,Hepatocyte 2,-0.824873658833966,-0.300741888759609,-0.524131770074357
CD8+ T cell 2,Ig+ hepatocyte,-0.294043438983658,0.243178232760756,-0.537221671744414
CD8+ T cell 1,Hepatocyte 1,-0.693469869860577,-0.154319949378552,-0.539149920482025
Hepatocyte 3,Macrophage 1,-0.92120745210851,-0.363936148897746,-0.557271303210763
CD8+ T cell 3,Hepatocyte 4,0.816675944176987,1.37925968502184,-0.562583740844857
Hepatocyte 3,Macrophage 2,-0.918994865336968,-0.344863338889302,-0.574131526447666
CD8+ T cell 1,Hepatocyte 3,-0.921369009469909,-0.34154967817471,-0.579819331295199
Sinusoidal endothelial cell,Stellate cell,-0.290490911077837,0.331788637191277,-0.622279548269114
Hepatocyte 3,Hepatocyte 4,0.151112121256822,0.795428796826391,-0.644316675569569
Hepatocyte 3,Vascular endothelial cell,-2.08679375036742,-1.42670660680371,-0.66008714356371
Hepatocyte 1,Hepatocyte 3,0.321995986692041,0.989659789027392,-0.667663802335351
Macrophage 1,Sinusoidal endothelial cell,-0.492109701053885,0.267694820375253,-0.759804521429138
CD8+ T cell 2,Sinusoidal endothelial cell,-0.658588127398,0.143038857013058,-0.801626984411057
Hepatocyte 2,IgG+ plasmablast / plasma cell,-2.89363027391488,-2.0752455876393,-0.818384686275582
Sinusoidal endothelial cell,Vascular endothelial cell,-2.31800530790336,-1.47918858049157,-0.838816727411792
Hepatocyte 1,Hepatocyte 4,0.505292710106378,1.37485954501394,-0.869566834907565
Cholangiocyte,Ig+ hepatocyte,-0.731591495209917,0.167674150497377,-0.899265645707294
Cholangiocyte,IgG+ plasmablast / plasma cell,-1.29646417514406,-0.381041513071485,-0.915422662072574
CD8+ T cell 3,Hepatocyte 1,-1.04833258625212,-0.0950742908276375,-0.953258295424482
CD8+ T cell 3,Sinusoidal endothelial cell,-1.07496944832685,-0.118584774044829,-0.956384674282021
Ig+ hepatocyte,Sinusoidal endothelial cell,-1.23724839351391,-0.268314661906202,-0.968933731607704
Hepatocyte 4,Vascular endothelial cell,-3.83038597138225,-2.85991403975978,-0.970471931622466
Sinusoidal endothelial cell,Sinusoidal endothelial cell,0.346772049145168,1.37995828761819,-1.03318623847302
Hepatocyte 1,Hepatocyte 1,0.545804984979649,1.58089943690716,-1.03509445192751
Cholangiocyte,Hepatocyte 3,-1.7263780956477,-0.680907636864955,-1.04547045878275
CD8+ T cell 1,Ig+ hepatocyte,-1.13256990235528,-0.0869958289816402,-1.04557407337364
Hepatocyte 1,Hepatocyte 2,0.441291411642169,1.50528537374547,-1.0639939621033
Hepatocyte 2,Hepatocyte 3,0.592359475753928,1.66412606582897,-1.07176659007504
CD8+ T cell 3,Hepatocyte 2,-1.25352222012068,-0.181196461533968,-1.07232575858671
CD8+ T cell 1,Sinusoidal endothelial cell,-0.771347631789631,0.305939419534384,-1.07728705132402
CD8+ T cell 2,Hepatocyte 3,-0.57823117513981,0.588122030103722,-1.16635320524353
Hepatocyte 2,Hepatocyte 2,0.600101773696503,1.79865596078144,-1.19855418708494
Hepatocyte 3,Hepatocyte 3,1.08975381281081,2.29184969275286,-1.20209587994205
IgG+ plasmablast / plasma cell,Sinusoidal endothelial cell,-2.7825625425578,-1.57422990396274,-1.20833263859506
CD8+ T cell 2,Hepatocyte 1,0.0469247163422235,1.28862288558525,-1.24169816924303
CD8+ T cell 2,Hepatocyte 2,-0.105560739912694,1.13942499044941,-1.2449857303621
Hepatocyte 2,Hepatocyte 4,0.0241989059278885,1.28998310482517,-1.26578419889728
CD8+ T cell 3,Hepatocyte 3,-1.50635023618843,-0.226826594906845,-1.27952364128158
CD4+ T cell,Hepatocyte 4,-3.48979070485741,-2.0896102110895,-1.40018049376792
Hepatocyte 3,Ig+ hepatocyte,-1.04858997312754,0.352252300116168,-1.40084227324371
Hepatocyte 1,Ig+ hepatocyte,-0.629364691055665,0.783910256394902,-1.41327494745057
CD8+ T cell 2,Hepatocyte 4,-0.275938896486779,1.14512999216354,-1.42106888865032
Hepatocyte 3,IgG+ plasmablast / plasma cell,-3.14910404554235,-1.6407040732681,-1.50839997227425
CD4+ T cell,Hepatocyte 1,-3.65432082642911,-2.01638137640741,-1.63793945002169
IgM+ B cell,Sinusoidal endothelial cell,-3.23801265877021,-1.536284129838,-1.70172852893221
Hepatocyte 3,IgM+ B cell,-3.4481687218157,-1.59014402147503,-1.85802470034067
CD4+ T cell,Hepatocyte 2,-4.23694455303976,-2.1344336819465,-2.10251087109325
Ig+ hepatocyte,Ig+ hepatocyte,0.485689965026635,2.68611881966193,-2.2004288546353
CD4+ T cell,Sinusoidal endothelial cell,-3.86787714703376,-1.26221216102039,-2.60566498601336
CD4+ T cell,Hepatocyte 3,-4.10697924618292,-1.28020363384255,-2.82677561234037
