condition,from_label,to_label,mean_enrichm,mean_original,mean_p_higher_orig,mean_p_lower_orig,mean_PI_value,n_samples
AIH,CD4+ T cell,CD4+ T cell,1.73013077186447,1903.5,0,1,5.19039231559342,2
AIH,CD4+ T cell,CD8+ T cell 1,-0.136177335474946,2734,0.986,0.015,-0.35715305660127,2
AIH,CD4+ T cell,CD8+ T cell 2,-1.65325367626417,136,1,0,-4.95976102879252,2
AIH,CD4+ T cell,CD8+ T cell 3,-0.344476052583371,163,0.9985,0.0015,-0.882742753889949,2
AIH,CD4+ T cell,Cholangiocyte,-0.76342758264279,590,1,0,-2.29028274792837,2
AIH,CD4+ T cell,Hepatocyte 1,-2.01638137640741,536,1,0,-6.04914412922224,2
AIH,CD4+ T cell,Hepatocyte 2,-2.1344336819465,181.5,1,0,-6.40330104583951,2
AIH,CD4+ T cell,Hepatocyte 3,-1.28020363384255,109,1,0,-3.84061090152765,2
AIH,CD4+ T cell,Hepatocyte 4,-2.0896102110895,78,1,0,-6.26883063326849,2
AIH,CD4+ T cell,Ig+ hepatocyte,-0.929496194507398,64.5,1,0,-2.78848858352219,2
AIH,CD4+ T cell,IgG+ B cell,0.194340913041809,855.5,0.284,0.7255,0.591244587449299,2
AIH,CD4+ T cell,IgG+ plasmablast / plasma cell,0.198165851744274,1251.5,0.455,0.548,0.646065585139031,2
AIH,CD4+ T cell,IgM+ B cell,1.60517732361616,1708.5,0,1,4.81553197084847,2
AIH,CD4+ T cell,Macrophage 1,-0.598601784593009,1379.5,1,0,-1.79580535377903,2
AIH,CD4+ T cell,Macrophage 2,0.373182956447851,2218.5,0,1,1.11954886934355,2
AIH,CD4+ T cell,Sinusoidal endothelial cell,-1.26221216102039,236,1,0,-3.78663648306118,2
AIH,CD4+ T cell,Stellate cell,0.14854947798053,1946,0.0805,0.921,0.410687228497025,2
AIH,CD4+ T cell,Vascular endothelial cell,0.603157587819556,663.5,0,1,1.80947276345867,2
AIH,CD8+ T cell 1,CD8+ T cell 1,0.537267237339743,5565.5,0,1,1.61180171201923,2
AIH,CD8+ T cell 1,CD8+ T cell 2,0.25872761864954,1319.5,0,1,0.776182855948621,2
AIH,CD8+ T cell 1,CD8+ T cell 3,0.294307898692172,639,0,1,0.882923696076516,2
AIH,CD8+ T cell 1,Cholangiocyte,-1.06741097947584,1203,1,0,-3.20223293842753,2
AIH,CD8+ T cell 1,Hepatocyte 1,-0.154319949378552,4529,1,0,-0.462959848135656,2
AIH,CD8+ T cell 1,Hepatocyte 2,-0.300741888759609,1591,1,0,-0.902225666278828,2
AIH,CD8+ T cell 1,Hepatocyte 3,-0.34154967817471,526.5,1,0,-1.02464903452413,2
AIH,CD8+ T cell 1,Hepatocyte 4,-0.360851622030971,659.5,1,0,-1.08255486609291,2
AIH,CD8+ T cell 1,Ig+ hepatocyte,-0.0869958289816402,284.5,0.68,0.331,-0.204593591186651,2
AIH,CD8+ T cell 1,IgG+ B cell,-0.747661589750138,1198.5,1,0,-2.24298476925041,2
AIH,CD8+ T cell 1,IgG+ plasmablast / plasma cell,-0.196723367046931,2504.5,1,0,-0.590170101140795,2
AIH,CD8+ T cell 1,IgM+ B cell,-0.463662911926143,1126.5,1,0,-1.39098873577843,2
AIH,CD8+ T cell 1,Macrophage 1,0.359471734880734,6773.5,0,1,1.0784152046422,2
AIH,CD8+ T cell 1,Macrophage 2,-0.121156382002687,3964,0.7265,0.2785,-0.367879128968178,2
AIH,CD8+ T cell 1,Sinusoidal endothelial cell,0.305939419534384,1855,0,1,0.917818258603153,2
AIH,CD8+ T cell 1,Stellate cell,-0.0467274791310063,4434,0.9775,0.024,-0.0760667906692735,2
AIH,CD8+ T cell 1,Vascular endothelial cell,-0.704119019145711,691.5,1,0,-2.11235705743713,2
AIH,CD8+ T cell 2,CD8+ T cell 2,1.81717994469157,309.5,0,1,5.45153983407471,2
AIH,CD8+ T cell 2,CD8+ T cell 3,0.559951164996322,116.5,5e-04,0.9995,1.57306548004965,2
AIH,CD8+ T cell 2,Cholangiocyte,-1.72386798306009,111.5,1,0,-5.17160394918026,2
AIH,CD8+ T cell 2,Hepatocyte 1,1.28862288558525,1745,0,1,3.86586865675575,2
AIH,CD8+ T cell 2,Hepatocyte 2,1.13942499044941,629.5,0,1,3.41827497134822,2
AIH,CD8+ T cell 2,Hepatocyte 3,0.588122030103722,153.5,0.124,0.891,1.65019775889287,2
AIH,CD8+ T cell 2,Hepatocyte 4,1.14512999216354,249.5,0,1,3.43538997649062,2
AIH,CD8+ T cell 2,Ig+ hepatocyte,0.243178232760756,54.5,0.4765,0.53,1.02461276833141,2
AIH,CD8+ T cell 2,IgG+ B cell,-3.15888791716204,31.5,1,0,-9.47666375148612,2
AIH,CD8+ T cell 2,IgG+ plasmablast / plasma cell,-1.95565201382409,113,1,0,-5.86695604147228,2
AIH,CD8+ T cell 2,IgM+ B cell,-2.24453263920263,43.5,1,0,-6.7335979176079,2
AIH,CD8+ T cell 2,Macrophage 1,0.158263150607069,879.5,0.001,0.999,0.408207062298641,2
AIH,CD8+ T cell 2,Macrophage 2,-1.19165649825231,293,1,0,-3.57496949475694,2
AIH,CD8+ T cell 2,Sinusoidal endothelial cell,0.143038857013058,241.5,0.2125,0.8035,0.290618393581513,2
AIH,CD8+ T cell 2,Stellate cell,-1.31057914306696,271.5,1,0,-3.93173742920089,2
AIH,CD8+ T cell 2,Vascular endothelial cell,-3.37539325652802,15,1,0,-10.1261797695841,2
AIH,CD8+ T cell 3,CD8+ T cell 3,2.46573651088505,109.5,0,1,7.39720953265515,2
AIH,CD8+ T cell 3,Cholangiocyte,-0.831060043021352,98.5,1,0,-2.49318012906406,2
AIH,CD8+ T cell 3,Hepatocyte 1,-0.0950742908276375,379.5,0.7435,0.2715,-0.294442161914945,2
AIH,CD8+ T cell 3,Hepatocyte 2,-0.181196461533968,146,0.8975,0.1245,-0.235439296792158,2
AIH,CD8+ T cell 3,Hepatocyte 3,-0.226826594906845,44,0.8675,0.1725,-0.116859899744234,2
AIH,CD8+ T cell 3,Hepatocyte 4,1.37925968502184,143,0,1,4.13777905506553,2
AIH,CD8+ T cell 3,Ig+ hepatocyte,-0.267479956891356,21,0.784,0.277,-0.13014191608853,2
AIH,CD8+ T cell 3,IgG+ B cell,-0.689058895293681,86,0.996,0.00650000000000001,-1.86410663966827,2
AIH,CD8+ T cell 3,IgG+ plasmablast / plasma cell,-0.291862789229376,161.5,0.9895,0.0125,-0.68369642421083,2
AIH,CD8+ T cell 3,IgM+ B cell,-0.438307806373581,74.5,0.9965,0.005,-1.0492135939106,2
AIH,CD8+ T cell 3,Macrophage 1,0.232127431650693,445.5,0,1,0.696382294952078,2
AIH,CD8+ T cell 3,Macrophage 2,-0.373335656733676,235.5,1,0,-1.12000697020103,2
AIH,CD8+ T cell 3,Sinusoidal endothelial cell,-0.118584774044829,96.5,0.788,0.244,-0.056687777583333,2
AIH,CD8+ T cell 3,Stellate cell,-0.265670888722066,256.5,0.998,0.0025,-0.676569550260498,2
AIH,CD8+ T cell 3,Vascular endothelial cell,-0.634433356230817,50,0.993,0.00950000000000001,-1.5921474200273,2
AIH,Cholangiocyte,Cholangiocyte,3.0921365650849,4038.5,0,1,9.27640969525471,2
AIH,Cholangiocyte,Hepatocyte 1,-1.84420543636305,497,1,0,-5.53261630908916,2
AIH,Cholangiocyte,Hepatocyte 2,-1.8636299196163,185,1,0,-5.59088975884889,2
AIH,Cholangiocyte,Hepatocyte 3,-0.680907636864955,141,1,0,-2.04272291059486,2
AIH,Cholangiocyte,Hepatocyte 4,-2.43189359238753,55,1,0,-7.29568077716258,2
AIH,Cholangiocyte,Ig+ hepatocyte,0.167674150497377,125.5,0.4995,0.5005,0.598244659640101,2
AIH,Cholangiocyte,IgG+ B cell,-0.201545920922311,562.5,0.5675,0.437,-0.696944284406607,2
AIH,Cholangiocyte,IgG+ plasmablast / plasma cell,-0.381041513071485,712,0.5,0.5,-1.14312453921446,2
AIH,Cholangiocyte,IgM+ B cell,-0.677737378543015,301,0.9835,0.02,-1.88645655847246,2
AIH,Cholangiocyte,Macrophage 1,-1.84427139892336,493,1,0,-5.53281419677008,2
AIH,Cholangiocyte,Macrophage 2,0.25406768693626,1868,0,1,0.762203060808781,2
AIH,Cholangiocyte,Sinusoidal endothelial cell,-2.33167239992508,100,1,0,-6.99501719977523,2
AIH,Cholangiocyte,Stellate cell,-0.469298207495507,1063,0.805,0.201,-1.39045204770682,2
AIH,Cholangiocyte,Vascular endothelial cell,-0.13514551694713,331.5,0.5,0.5,-0.40543655084139,2
AIH,Hepatocyte 1,Hepatocyte 1,1.58089943690716,5538,0,1,4.74269831072147,2
AIH,Hepatocyte 1,Hepatocyte 2,1.50528537374547,4343.5,0,1,4.51585612123641,2
AIH,Hepatocyte 1,Hepatocyte 3,0.989659789027392,996.5,0,1,2.96897936708218,2
AIH,Hepatocyte 1,Hepatocyte 4,1.37485954501394,1555,0,1,4.12457863504183,2
AIH,Hepatocyte 1,Ig+ hepatocyte,0.783910256394902,390,0,1,2.35173076918471,2
AIH,Hepatocyte 1,IgG+ B cell,-2.7029488979793,208,1,0,-8.10884669393791,2
AIH,Hepatocyte 1,IgG+ plasmablast / plasma cell,-1.60520166900993,594,1,0,-4.8156050070298,2
AIH,Hepatocyte 1,IgM+ B cell,-3.10997252639706,129.5,1,0,-9.32991757919119,2
AIH,Hepatocyte 1,Macrophage 1,-0.0207214075674308,3927.5,0.631,0.373,-0.0886754292632196,2
AIH,Hepatocyte 1,Macrophage 2,-1.47015079875477,1467,1,0,-4.41045239626431,2
AIH,Hepatocyte 1,Sinusoidal endothelial cell,0.332805280287214,1486.5,0.004,0.996,0.89045817548385,2
AIH,Hepatocyte 1,Stellate cell,-1.16248070463837,1713,1,0,-3.48744211391512,2
AIH,Hepatocyte 1,Vascular endothelial cell,-3.57096077104258,73.5,1,0,-10.7128823131277,2
AIH,Hepatocyte 2,Hepatocyte 2,1.79865596078144,1086.5,0,1,5.39596788234433,2
AIH,Hepatocyte 2,Hepatocyte 3,1.66412606582897,605,0,1,4.99237819748691,2
AIH,Hepatocyte 2,Hepatocyte 4,1.28998310482517,626,0,1,3.86994931447552,2
AIH,Hepatocyte 2,Ig+ hepatocyte,0.587000179071029,134.5,0.27,0.742,1.7728672484544,2
AIH,Hepatocyte 2,IgG+ B cell,-2.78885520760288,74,1,0,-8.36656562280864,2
AIH,Hepatocyte 2,IgG+ plasmablast / plasma cell,-2.0752455876393,167,1,0,-6.22573676291789,2
AIH,Hepatocyte 2,IgM+ B cell,-2.95842107585201,49.5,1,0,-8.87526322755602,2
AIH,Hepatocyte 2,Macrophage 1,-0.158260426179111,1458,0.999,0.001,-0.416834415600614,2
AIH,Hepatocyte 2,Macrophage 2,-1.24212039932745,630.5,1,0,-3.72636119798234,2
AIH,Hepatocyte 2,Sinusoidal endothelial cell,0.17717718381134,526.5,0.183,0.8265,0.484112290549691,2
AIH,Hepatocyte 2,Stellate cell,-0.981023843972697,716.5,1,0,-2.94307153191809,2
AIH,Hepatocyte 2,Vascular endothelial cell,-3.31437206127665,28,1,0,-9.94311618382996,2
AIH,Hepatocyte 3,Hepatocyte 3,2.29184969275286,157.5,0,1,6.87554907825859,2
AIH,Hepatocyte 3,Hepatocyte 4,0.795428796826391,142,0,1,2.38628639047917,2
AIH,Hepatocyte 3,Ig+ hepatocyte,0.352252300116168,41.5,0.0885,0.936,0.217180455582029,2
AIH,Hepatocyte 3,IgG+ B cell,-0.874297168274332,96.5,1,0,-2.62289150482299,2
AIH,Hepatocyte 3,IgG+ plasmablast / plasma cell,-1.6407040732681,82.5,1,0,-4.92211221980429,2
AIH,Hepatocyte 3,IgM+ B cell,-1.59014402147503,42,1,0,-4.7704320644251,2
AIH,Hepatocyte 3,Macrophage 1,-0.363936148897746,385,1,0,-1.09180844669324,2
AIH,Hepatocyte 3,Macrophage 2,-0.344863338889302,308,1,0,-1.03459001666791,2
AIH,Hepatocyte 3,Sinusoidal endothelial cell,0.157788529085536,154.5,0.129,0.8905,0.148704415895119,2
AIH,Hepatocyte 3,Stellate cell,-0.670841572140411,261,1,0,-2.01252471642123,2
AIH,Hepatocyte 3,Vascular endothelial cell,-1.42670660680371,36.5,1,0,-4.28011982041114,2
AIH,Hepatocyte 4,Hepatocyte 4,2.88041971916801,319,0,1,8.64125915750402,2
AIH,Hepatocyte 4,Ig+ hepatocyte,0.483086862667376,52.5,0.248,0.778,1.01813876107738,2
AIH,Hepatocyte 4,IgG+ B cell,-2.61316049875532,34.5,1,0,-7.83948149626597,2
AIH,Hepatocyte 4,IgG+ plasmablast / plasma cell,-1.76609356478198,80,1,0,-5.29828069434594,2
AIH,Hepatocyte 4,IgM+ B cell,-3.013891415282,18,1,0,-9.04167424584601,2
AIH,Hepatocyte 4,Macrophage 1,-0.118000027759344,609.5,0.9625,0.0415,-0.128288831328953,2
AIH,Hepatocyte 4,Macrophage 2,-1.42460396596403,250.5,1,0,-4.2738118978921,2
AIH,Hepatocyte 4,Sinusoidal endothelial cell,0.23605598539029,247.5,0.399,0.613,0.882923995729275,2
AIH,Hepatocyte 4,Stellate cell,-1.23453656776483,274.5,1,0,-3.70360970329448,2
AIH,Hepatocyte 4,Vascular endothelial cell,-2.85991403975978,15,1,0,-8.57974211927936,2
AIH,Ig+ hepatocyte,Ig+ hepatocyte,2.68611881966193,52.5,0,1,8.05835645898579,2
AIH,Ig+ hepatocyte,IgG+ B cell,0.219010806188242,94,0.222,0.7965,0.332633071292927,2
AIH,Ig+ hepatocyte,IgG+ plasmablast / plasma cell,0.661633375499825,182.5,0,1,1.98490012649948,2
AIH,Ig+ hepatocyte,IgM+ B cell,-1.86298515054454,16.5,1,0,-5.58895545163361,2
AIH,Ig+ hepatocyte,Macrophage 1,-0.432336532802531,177,1,0,-1.29700959840759,2
AIH,Ig+ hepatocyte,Macrophage 2,-0.650722058006529,128,0.9955,0.00650000000000001,-1.79433148917327,2
AIH,Ig+ hepatocyte,Sinusoidal endothelial cell,-0.268314661906202,51,0.8425,0.1965,-0.409362407717665,2
AIH,Ig+ hepatocyte,Stellate cell,-0.771716550053444,116,1,0,-2.31514965016033,2
AIH,Ig+ hepatocyte,Vascular endothelial cell,-0.835868696973454,26.5,0.9985,0.002,-2.199361716754,2
AIH,IgG+ B cell,IgG+ B cell,2.41924569501655,1371.5,0,1,7.25773708504965,2
AIH,IgG+ B cell,IgG+ plasmablast / plasma cell,1.43369139003408,1954.5,0,1,4.30107417010223,2
AIH,IgG+ B cell,IgM+ B cell,0.272849748437103,442,0.2495,0.7575,0.81981445480865,2
AIH,IgG+ B cell,Macrophage 1,-1.30811475512696,566,1,0,-3.92434426538089,2
AIH,IgG+ B cell,Macrophage 2,0.288502302297308,1358.5,0,1,0.865506906891925,2
AIH,IgG+ B cell,Sinusoidal endothelial cell,-1.94280797464272,100,1,0,-5.82842392392815,2
AIH,IgG+ B cell,Stellate cell,0.191304438946645,1277.5,0.5,0.5,0.573913316839935,2
AIH,IgG+ B cell,Vascular endothelial cell,0.691963293518029,473.5,0.136,0.8735,2.00595542571967,2
AIH,IgG+ plasmablast / plasma cell,IgG+ plasmablast / plasma cell,1.91626978458201,1961,0,1,5.74880935374604,2
AIH,IgG+ plasmablast / plasma cell,IgM+ B cell,-0.0229482098599895,538.5,0.5195,0.482,-0.1554340252465,2
AIH,IgG+ plasmablast / plasma cell,Macrophage 1,-0.391900000761765,1522,1,0,-1.17570000228529,2
AIH,IgG+ plasmablast / plasma cell,Macrophage 2,0.154966482536336,1788.5,0.4215,0.58,0.499221947986706,2
AIH,IgG+ plasmablast / plasma cell,Sinusoidal endothelial cell,-1.57422990396274,189.5,1,0,-4.72268971188823,2
AIH,IgG+ plasmablast / plasma cell,Stellate cell,-0.173063871800145,1449.5,0.534,0.4685,-0.583726138573198,2
AIH,IgG+ plasmablast / plasma cell,Vascular endothelial cell,0.301555372144787,504.5,0.5,0.5,0.904666116434362,2
AIH,IgM+ B cell,IgM+ B cell,2.668301036921,868.5,0,1,8.00490311076301,2
AIH,IgM+ B cell,Macrophage 1,-0.908960761710405,550.5,1,0,-2.72688228513121,2
AIH,IgM+ B cell,Macrophage 2,0.269716811773651,1035,0,1,0.809150435320954,2
AIH,IgM+ B cell,Sinusoidal endothelial cell,-1.536284129838,96,1,0,-4.60885238951401,2
AIH,IgM+ B cell,Stellate cell,0.128909336574685,977.5,0.004,0.9965,0.259547897035369,2
AIH,IgM+ B cell,Vascular endothelial cell,0.656180316120918,339.5,0,1,1.96854094836275,2
AIH,Macrophage 1,Macrophage 1,0.956355192450877,3655,0,1,2.86906557735263,2
AIH,Macrophage 1,Macrophage 2,-0.116365000653745,2806,0.7105,0.294,-0.357552416939526,2
AIH,Macrophage 1,Sinusoidal endothelial cell,0.267694820375253,1261,0.111,0.8945,0.760374482112145,2
AIH,Macrophage 1,Stellate cell,-0.218520267454618,2703,1,0,-0.655560802363854,2
AIH,Macrophage 1,Vascular endothelial cell,-1.3589822164251,304,1,0,-4.0769466492753,2
AIH,Macrophage 2,Macrophage 2,0.883444927839862,2349,0,1,2.65033478351959,2
AIH,Macrophage 2,Sinusoidal endothelial cell,-0.5021620707163,593,1,0,-1.5064862121489,2
AIH,Macrophage 2,Stellate cell,0.187771589533075,2917.5,0,1,0.563314768599224,2
AIH,Macrophage 2,Vascular endothelial cell,0.208689295756601,731.5,0.044,0.9585,0.548951801448541,2
AIH,Sinusoidal endothelial cell,Sinusoidal endothelial cell,1.37995828761819,384.5,0,1,4.13987486285457,2
AIH,Sinusoidal endothelial cell,Stellate cell,0.331788637191277,1160,0.2455,0.7625,0.994161430082043,2
AIH,Sinusoidal endothelial cell,Vascular endothelial cell,-1.47918858049157,76,1,0,-4.43756574147471,2
AIH,Stellate cell,Stellate cell,0.986109193863844,2711.5,0,1,2.95832758159153,2
AIH,Stellate cell,Vascular endothelial cell,0.525330530280834,927.5,0,1,1.5759915908425,2
AIH,Vascular endothelial cell,Vascular endothelial cell,3.33310442202903,833.5,0,1,9.99931326608708,2
irHepatitis,CD4+ T cell,CD4+ T cell,2.78913343020357,901,0,1,8.36740029061071,2
irHepatitis,CD4+ T cell,CD8+ T cell 1,0.923060019745198,616.5,0,1,2.76918005923559,2
irHepatitis,CD4+ T cell,CD8+ T cell 2,-1.56036768151138,12,0.9995,0.0015,-4.12411911951894,2
irHepatitis,CD4+ T cell,CD8+ T cell 3,0.293008730262013,57.5,0.499,0.5025,1.27624683333338,2
irHepatitis,CD4+ T cell,Cholangiocyte,-0.455474557420062,65.5,0.979,0.029,-1.1093452821222,2
irHepatitis,CD4+ T cell,Hepatocyte 1,-3.65432082642911,91,1,0,-10.9629624792873,2
irHepatitis,CD4+ T cell,Hepatocyte 2,-4.23694455303976,43,1,0,-12.7108336591193,2
irHepatitis,CD4+ T cell,Hepatocyte 3,-4.10697924618292,22.5,1,0,-12.3209377385488,2
irHepatitis,CD4+ T cell,Hepatocyte 4,-3.48979070485741,3,1,0,-10.4693721145722,2
irHepatitis,CD4+ T cell,Ig+ hepatocyte,-0.799267048741156,0.5,0.956,0.3755,-0.094109566791319,2
irHepatitis,CD4+ T cell,IgG+ B cell,0.991646702542413,78,0.0035,0.998,2.5405367441468,2
irHepatitis,CD4+ T cell,IgG+ plasmablast / plasma cell,1.32391775729612,51.5,0,1,3.97175327188836,2
irHepatitis,CD4+ T cell,IgM+ B cell,2.4646191036448,345.5,0,1,7.3938573109344,2
irHepatitis,CD4+ T cell,Macrophage 1,-0.707922868675007,257.5,0.5075,0.4935,-2.25230652637001,2
irHepatitis,CD4+ T cell,Macrophage 2,0.874533155902913,545.5,0,1,2.62359946770874,2
irHepatitis,CD4+ T cell,Sinusoidal endothelial cell,-3.86787714703376,14,1,0,-11.6036314411013,2
irHepatitis,CD4+ T cell,Stellate cell,0.0973953868436439,471.5,0.3485,0.6615,0.353383607291218,2
irHepatitis,CD4+ T cell,Vascular endothelial cell,0.555214793249999,306,0,1,1.66564437975,2
irHepatitis,CD8+ T cell 1,CD8+ T cell 1,1.11363948285134,516,0,1,3.34091844855402,2
irHepatitis,CD8+ T cell 1,CD8+ T cell 2,0.826050694717686,92,0,1,2.47815208415306,2
irHepatitis,CD8+ T cell 1,CD8+ T cell 3,1.02859801974391,120,0,1,3.08579405923173,2
irHepatitis,CD8+ T cell 1,Cholangiocyte,-0.012753280149629,138.5,0.4955,0.508,0.114011770059336,2
irHepatitis,CD8+ T cell 1,Hepatocyte 1,-0.693469869860577,986,1,0,-2.08040960958173,2
irHepatitis,CD8+ T cell 1,Hepatocyte 2,-0.824873658833966,605.5,1,0,-2.4746209765019,2
irHepatitis,CD8+ T cell 1,Hepatocyte 3,-0.921369009469909,293.5,1,0,-2.76410702840973,2
irHepatitis,CD8+ T cell 1,Hepatocyte 4,-0.694785505219851,39,0.971,0.04,-1.76740720825347,2
irHepatitis,CD8+ T cell 1,Ig+ hepatocyte,-1.13256990235528,0.5,0.9955,0.241,-0.628127982314688,2
irHepatitis,CD8+ T cell 1,IgG+ B cell,0.507979560667736,72,0.0385,0.9695,1.28089009473555,2
irHepatitis,CD8+ T cell 1,IgG+ plasmablast / plasma cell,0.183727349129888,46,0.3075,0.7595,0.366802847424509,2
irHepatitis,CD8+ T cell 1,IgM+ B cell,0.541972854645058,136,5e-04,0.9995,1.45415218031117,2
irHepatitis,CD8+ T cell 1,Macrophage 1,0.686146358443828,853,0,1,2.05843907533148,2
irHepatitis,CD8+ T cell 1,Macrophage 2,0.560905410068656,626,0,1,1.68271623020597,2
irHepatitis,CD8+ T cell 1,Sinusoidal endothelial cell,-0.771347631789631,177,1,0,-2.31404289536889,2
irHepatitis,CD8+ T cell 1,Stellate cell,-0.0546220001334453,534,0.749,0.2615,-0.0471846871533785,2
irHepatitis,CD8+ T cell 1,Vascular endothelial cell,-0.0309224305012155,254.5,0.5095,0.492,-0.272266632337636,2
irHepatitis,CD8+ T cell 2,CD8+ T cell 2,1.8805241352003,14,0,1,5.64157240560091,2
irHepatitis,CD8+ T cell 2,CD8+ T cell 3,1.17986205074396,16,0.0015,1,2.97032291613118,2
irHepatitis,CD8+ T cell 2,Cholangiocyte,1.02346140520393,31.5,0.0205,0.988,2.49112273196277,2
irHepatitis,CD8+ T cell 2,Hepatocyte 1,0.0469247163422235,208,0.4975,0.5025,0.301969510333517,2
irHepatitis,CD8+ T cell 2,Hepatocyte 2,-0.105560739912694,117,0.617,0.3945,-0.206140068010062,2
irHepatitis,CD8+ T cell 2,Hepatocyte 3,-0.57823117513981,44,0.92,0.1015,-1.50062824468235,2
irHepatitis,CD8+ T cell 2,Hepatocyte 4,-0.275938896486779,7.5,0.607,0.502,-0.129418572694544,2
irHepatitis,CD8+ T cell 2,Ig+ hepatocyte,-0.294043438983658,0,1,0.8005,0.000127637634804197,2
irHepatitis,CD8+ T cell 2,IgG+ B cell,-0.80418297987186,3.5,0.8455,0.2635,-0.521429022828332,2
irHepatitis,CD8+ T cell 2,IgG+ plasmablast / plasma cell,-1.50054729509579,0.5,0.906,0.2545,-2.08638066743937,2
irHepatitis,CD8+ T cell 2,IgM+ B cell,-1.71866806837548,2.5,0.9995,0.00550000000000001,-3.19014509229828,2
irHepatitis,CD8+ T cell 2,Macrophage 1,0.548047634032146,88,5e-04,0.9995,1.49748614344627,2
irHepatitis,CD8+ T cell 2,Macrophage 2,-0.0427141949917053,47,0.5185,0.4925,-0.105952322439761,2
irHepatitis,CD8+ T cell 2,Sinusoidal endothelial cell,-0.658588127398,26.5,0.8585,0.1655,-1.81177937221137,2
irHepatitis,CD8+ T cell 2,Stellate cell,-0.78600497749583,38.5,0.997,0.0035,-1.9239055391586,2
irHepatitis,CD8+ T cell 2,Vascular endothelial cell,-1.48893972049444,10,0.978,0.0325,-3.74728199831764,2
irHepatitis,CD8+ T cell 3,CD8+ T cell 3,2.61960612531475,27.5,0,1,7.85881837594424,2
irHepatitis,CD8+ T cell 3,Cholangiocyte,1.00210414280762,42.5,0.1535,0.8995,2.66764367276208,2
irHepatitis,CD8+ T cell 3,Hepatocyte 1,-1.04833258625212,105,0.995,0.00600000000000001,-2.9734221194353,2
irHepatitis,CD8+ T cell 3,Hepatocyte 2,-1.25352222012068,55,1,0,-3.76056666036204,2
irHepatitis,CD8+ T cell 3,Hepatocyte 3,-1.50635023618843,24,1,0,-4.51905070856528,2
irHepatitis,CD8+ T cell 3,Hepatocyte 4,0.816675944176987,13.5,0.112,0.9295,1.9245121680096,2
irHepatitis,CD8+ T cell 3,Ig+ hepatocyte,-0.383105054498898,0,1,0.7425,0.000166297276371094,2
irHepatitis,CD8+ T cell 3,IgG+ B cell,1.1582361395084,15.5,0.001,0.9995,2.74909474268971,2
irHepatitis,CD8+ T cell 3,IgG+ plasmablast / plasma cell,-0.337914437741425,5.5,0.559,0.5995,0.0149257604451013,2
irHepatitis,CD8+ T cell 3,IgM+ B cell,-0.544536916753307,15,0.501,0.5075,-0.51704396453417,2
irHepatitis,CD8+ T cell 3,Macrophage 1,0.736470432702677,108,0,1,2.20941129810803,2
irHepatitis,CD8+ T cell 3,Macrophage 2,0.562369462772257,79,0.00900000000000001,0.994,1.32098063591065,2
irHepatitis,CD8+ T cell 3,Sinusoidal endothelial cell,-1.07496944832685,19.5,0.9345,0.0895,-2.87361511453085,2
irHepatitis,CD8+ T cell 3,Stellate cell,-0.413393428890726,52,0.967,0.043,-0.780142924287922,2
irHepatitis,CD8+ T cell 3,Vascular endothelial cell,0.15793931069003,36,0.497,0.505,0.61918408073512,2
irHepatitis,Cholangiocyte,Cholangiocyte,4.31057794702885,375,0,1,12.9317338410865,2
irHepatitis,Cholangiocyte,Hepatocyte 1,-1.65611263305158,141.5,1,0,-4.96833789915474,2
irHepatitis,Cholangiocyte,Hepatocyte 2,-1.67124519085573,93,1,0,-5.0137355725672,2
irHepatitis,Cholangiocyte,Hepatocyte 3,-1.7263780956477,45.5,1,0,-5.17913428694311,2
irHepatitis,Cholangiocyte,Hepatocyte 4,-2.1029145573827,4,0.9955,0.0105,-5.43507891841569,2
irHepatitis,Cholangiocyte,Ig+ hepatocyte,-0.731591495209917,0,1,0.5495,-0.125266752172623,2
irHepatitis,Cholangiocyte,IgG+ B cell,-0.30437709485691,15,0.6675,0.4055,-0.156438277147996,2
irHepatitis,Cholangiocyte,IgG+ plasmablast / plasma cell,-1.29646417514406,5.5,0.9825,0.068,-1.0033367918917,2
irHepatitis,Cholangiocyte,IgM+ B cell,-0.846645555015427,16.5,0.986,0.023,-1.1396882330887,2
irHepatitis,Cholangiocyte,Macrophage 1,-0.514707201549452,122,0.695,0.3175,-1.58809467967909,2
irHepatitis,Cholangiocyte,Macrophage 2,0.620053317925834,192,5e-04,0.9995,1.72440650174259,2
irHepatitis,Cholangiocyte,Sinusoidal endothelial cell,-2.55811873596538,14.5,1,0,-7.67435620789614,2
irHepatitis,Cholangiocyte,Stellate cell,-0.336831180837288,127,0.6615,0.357,-1.08603779146837,2
irHepatitis,Cholangiocyte,Vascular endothelial cell,-0.245449168228327,63,0.921,0.0955,-0.160947825297455,2
irHepatitis,Hepatocyte 1,Hepatocyte 1,0.545804984979649,4176,0,1,1.63741495493895,2
irHepatitis,Hepatocyte 1,Hepatocyte 2,0.441291411642169,5276,0,1,1.32387423492651,2
irHepatitis,Hepatocyte 1,Hepatocyte 3,0.321995986692041,2534.5,0,1,0.965987960076124,2
irHepatitis,Hepatocyte 1,Hepatocyte 4,0.505292710106378,308.5,0,1,1.51587813031913,2
irHepatitis,Hepatocyte 1,Ig+ hepatocyte,-0.629364691055665,6.5,0.8995,0.208,-0.260064871154149,2
irHepatitis,Hepatocyte 1,IgG+ B cell,-1.70245126647746,60,1,0,-5.10735379943237,2
irHepatitis,Hepatocyte 1,IgG+ plasmablast / plasma cell,-2.05028363446806,37,1,0,-6.15085090340419,2
irHepatitis,Hepatocyte 1,IgM+ B cell,-3.52197514982501,27.5,1,0,-10.565925449475,2
irHepatitis,Hepatocyte 1,Macrophage 1,-0.479135350161998,1324.5,1,0,-1.43740605048599,2
irHepatitis,Hepatocyte 1,Macrophage 2,-1.18252259838886,662.5,1,0,-3.54756779516658,2
irHepatitis,Hepatocyte 1,Sinusoidal endothelial cell,0.557625218627911,1595.5,0,1,1.67287565588373,2
irHepatitis,Hepatocyte 1,Stellate cell,-0.303102181817622,1607.5,1,0,-0.909306545452866,2
irHepatitis,Hepatocyte 1,Vascular endothelial cell,-2.05566825362703,224.5,1,0,-6.16700476088108,2
irHepatitis,Hepatocyte 2,Hepatocyte 2,0.600101773696503,2024.5,0,1,1.80030532108951,2
irHepatitis,Hepatocyte 2,Hepatocyte 3,0.592359475753928,2069,0,1,1.77707842726178,2
irHepatitis,Hepatocyte 2,Hepatocyte 4,0.0241989059278885,143,0.4475,0.5805,0.0194899263551091,2
irHepatitis,Hepatocyte 2,Ig+ hepatocyte,0.665065300425019,10,0.0905,0.961,0.437186310512076,2
irHepatitis,Hepatocyte 2,IgG+ B cell,-1.51380100856934,41,1,0,-4.54140302570801,2
irHepatitis,Hepatocyte 2,IgG+ plasmablast / plasma cell,-2.89363027391488,17,1,0,-8.68089082174464,2
irHepatitis,Hepatocyte 2,IgM+ B cell,-3.01443029987638,24,1,0,-9.04329089962914,2
irHepatitis,Hepatocyte 2,Macrophage 1,-0.665211071685141,791,1,0,-1.99563321505542,2
irHepatitis,Hepatocyte 2,Macrophage 2,-1.07893640380369,485,1,0,-3.23680921141108,2
irHepatitis,Hepatocyte 2,Sinusoidal endothelial cell,0.504437311843077,1034.5,0,1,1.51331193552923,2
irHepatitis,Hepatocyte 2,Stellate cell,-0.35424435837799,1041,1,0,-1.06273307513397,2
irHepatitis,Hepatocyte 2,Vascular endothelial cell,-1.97398680197528,156,1,0,-5.92196040592585,2
irHepatitis,Hepatocyte 3,Hepatocyte 3,1.08975381281081,756.5,0,1,3.26926143843244,2
irHepatitis,Hepatocyte 3,Hepatocyte 4,0.151112121256822,80.5,0.2885,0.7365,0.216705434456576,2
irHepatitis,Hepatocyte 3,Ig+ hepatocyte,-1.04858997312754,1,0.994,0.2405,-0.598259294106124,2
irHepatitis,Hepatocyte 3,IgG+ B cell,-1.00345542395381,29.5,0.976,0.034,-2.53645631113058,2
irHepatitis,Hepatocyte 3,IgG+ plasmablast / plasma cell,-3.14910404554235,6,1,0,-9.44731213662704,2
irHepatitis,Hepatocyte 3,IgM+ B cell,-3.4481687218157,8.5,1,0,-10.3445061654471,2
irHepatitis,Hepatocyte 3,Macrophage 1,-0.92120745210851,352,1,0,-2.76362235632553,2
irHepatitis,Hepatocyte 3,Macrophage 2,-0.918994865336968,273,1,0,-2.75698459601091,2
irHepatitis,Hepatocyte 3,Sinusoidal endothelial cell,0.328425723401132,481,0,1,0.985277170203395,2
irHepatitis,Hepatocyte 3,Stellate cell,-0.502778184776587,484.5,1,0,-1.50833455432976,2
irHepatitis,Hepatocyte 3,Vascular endothelial cell,-2.08679375036742,73.5,1,0,-6.26038125110227,2
irHepatitis,Hepatocyte 4,Hepatocyte 4,2.96214582319472,46,0,1,8.88643746958416,2
irHepatitis,Hepatocyte 4,Ig+ hepatocyte,0.160419635555383,0.5,0.561,0.824,0.198815611621103,2
irHepatitis,Hepatocyte 4,IgG+ B cell,0.128779032493429,7,0.4595,0.6365,0.10752238878834,2
irHepatitis,Hepatocyte 4,IgG+ plasmablast / plasma cell,-1.63916294845095,0.5,0.9355,0.2065,-2.89173289770216,2
irHepatitis,Hepatocyte 4,IgM+ B cell,-2.5589168843315,1,1,5e-04,-6.95479621909638,2
irHepatitis,Hepatocyte 4,Macrophage 1,-0.524189262890859,47,0.9925,0.00950000000000001,-1.22853411579626,2
irHepatitis,Hepatocyte 4,Macrophage 2,-0.700137760174125,33,0.9975,0.003,-1.69818720079219,2
irHepatitis,Hepatocyte 4,Sinusoidal endothelial cell,0.340176785488381,53,0.0605,0.9535,0.320122922932277,2
irHepatitis,Hepatocyte 4,Stellate cell,-0.696055797857117,46,0.9915,0.012,-1.65591439208666,2
irHepatitis,Hepatocyte 4,Vascular endothelial cell,-3.83038597138225,1.5,1,0,-11.4911579141468,2
irHepatitis,Ig+ hepatocyte,Ig+ hepatocyte,0.485689965026635,0.5,0.5085,0.9985,0.655849268409735,2
irHepatitis,Ig+ hepatocyte,IgG+ B cell,1.69147365832623,4.5,0.0235,1,4.0799086944823,2
irHepatitis,Ig+ hepatocyte,IgG+ plasmablast / plasma cell,0.995666682510689,1.5,0.0505,0.9965,0.946159085819102,2
irHepatitis,Ig+ hepatocyte,IgM+ B cell,-0.0927398304622705,0.5,0.825,0.8065,4.0256271839496e-05,2
irHepatitis,Ig+ hepatocyte,Macrophage 1,-0.484638680361589,2.5,0.7905,0.48,-0.0576117655121117,2
irHepatitis,Ig+ hepatocyte,Macrophage 2,0.352894609263519,3.5,0.358,0.865,0.0742593056700169,2
irHepatitis,Ig+ hepatocyte,Sinusoidal endothelial cell,-1.23724839351391,0,1,0.311,-0.714915292317151,2
irHepatitis,Ig+ hepatocyte,Stellate cell,0.194556125850856,3,0.483,0.7555,0.0148763288527518,2
irHepatitis,Ig+ hepatocyte,Vascular endothelial cell,-0.0658210802508401,1,0.6555,0.696,2.85714486013115e-05,2
irHepatitis,IgG+ B cell,IgG+ B cell,2.38524124524048,50,0.0405,0.9925,5.98112972827645,2
irHepatitis,IgG+ B cell,IgG+ plasmablast / plasma cell,2.93317335885481,43.5,0,1,8.79952007656442,2
irHepatitis,IgG+ B cell,IgM+ B cell,1.50770195900844,41,0.002,0.999,3.80396520055772,2
irHepatitis,IgG+ B cell,Macrophage 1,-0.778099259101461,34,0.9935,0.012,-1.83917064480804,2
irHepatitis,IgG+ B cell,Macrophage 2,0.783916869336307,80.5,5e-04,1,2.2156105863508,2
irHepatitis,IgG+ B cell,Sinusoidal endothelial cell,-1.59876925832979,10,1,0.001,-4.30753593343594,2
irHepatitis,IgG+ B cell,Stellate cell,0.608632537072509,91,0.002,0.999,1.62341497048613,2
irHepatitis,IgG+ B cell,Vascular endothelial cell,0.984892817103224,58.5,0.0145,0.991,2.51130863113873,2
irHepatitis,IgG+ plasmablast / plasma cell,IgG+ plasmablast / plasma cell,3.43334990702912,33,0,1,10.3000497210874,2
irHepatitis,IgG+ plasmablast / plasma cell,IgM+ B cell,1.83145587054013,36.5,0.0035,0.9995,4.43406143024816,2
irHepatitis,IgG+ plasmablast / plasma cell,Macrophage 1,-0.0850900830730769,41.5,0.534,0.542,-0.0123115545375678,2
irHepatitis,IgG+ plasmablast / plasma cell,Macrophage 2,0.563043189600218,48.5,0.029,0.9795,1.05050517575788,2
irHepatitis,IgG+ plasmablast / plasma cell,Sinusoidal endothelial cell,-2.7825625425578,3,1,0,-8.34768762767341,2
irHepatitis,IgG+ plasmablast / plasma cell,Stellate cell,0.419602535507568,46.5,0.062,0.9515,0.481207413973005,2
irHepatitis,IgG+ plasmablast / plasma cell,Vascular endothelial cell,1.2860520398257,39,0,1,3.85815611947709,2
irHepatitis,IgM+ B cell,IgM+ B cell,3.36381373192641,108.5,0,1,10.0914411957792,2
irHepatitis,IgM+ B cell,Macrophage 1,-0.327692497449217,88.5,0.98,0.029,-0.449687981238495,2
irHepatitis,IgM+ B cell,Macrophage 2,0.641276076168821,138.5,0.001,0.999,1.68409276626571,2
irHepatitis,IgM+ B cell,Sinusoidal endothelial cell,-3.23801265877021,5,1,0,-9.71403797631063,2
irHepatitis,IgM+ B cell,Stellate cell,0.302229157281652,127,0.033,0.973,0.710228775105979,2
irHepatitis,IgM+ B cell,Vascular endothelial cell,0.90922378520596,90,0,1,2.72767135561788,2
irHepatitis,Macrophage 1,Macrophage 1,1.48781454103679,840.5,0,1,4.46344362311037,2
irHepatitis,Macrophage 1,Macrophage 2,0.743831142630265,823,0,1,2.2314934278908,2
irHepatitis,Macrophage 1,Sinusoidal endothelial cell,-0.492109701053885,249.5,1,0,-1.47632910316166,2
irHepatitis,Macrophage 1,Stellate cell,-0.0370500143013546,625,0.665,0.345,-0.0521187676313391,2
irHepatitis,Macrophage 1,Vascular endothelial cell,-0.792254803680402,171,0.986,0.017,-2.1961678584947,2
irHepatitis,Macrophage 2,Macrophage 2,1.4037488183823,509.5,0,1,4.2112464551469,2
irHepatitis,Macrophage 2,Sinusoidal endothelial cell,-0.90715562407902,148,1,0,-2.72146687223706,2
irHepatitis,Macrophage 2,Stellate cell,0.274333248198543,625,0,1,0.822999744595629,2
irHepatitis,Macrophage 2,Vascular endothelial cell,0.3356316250393,303.5,0.126,0.879,0.930390219065892,2
irHepatitis,Sinusoidal endothelial cell,Sinusoidal endothelial cell,0.346772049145168,130.5,0.1485,0.863,0.927422139800736,2
irHepatitis,Sinusoidal endothelial cell,Stellate cell,-0.290490911077837,306.5,0.916,0.091,-0.777460347971899,2
irHepatitis,Sinusoidal endothelial cell,Vascular endothelial cell,-2.31800530790336,39.5,1,0,-6.95401592371009,2
irHepatitis,Stellate cell,Stellate cell,0.856389390716513,658.5,0,1,2.56916817214954,2
irHepatitis,Stellate cell,Vascular endothelial cell,0.876912999620758,675.5,0,1,2.63073899886227,2
irHepatitis,Vascular endothelial cell,Vascular endothelial cell,3.04318858538717,805.5,0,1,9.12956575616152,2
