gene,logFC,logCPM,F,PValue,FDR,sig,neg_log10_fdr
IGHG2,-6.11690897928894,12.4375289155567,140.177020495774,6.62832362565538e-06,0.00159559848186571,Up in AIH,2.79707638557206
IGHG4,-5.62983730316534,11.5175202975677,130.262456358716,8.48722596737078e-06,0.00159559848186571,Up in AIH,2.79707638557206
FOXP3,6.46864715616238,12.469177263555,105.330300882788,1.72616486028529e-05,0.00216345995822423,Up in irHepatitis,2.66485113840526
IGHGP,-5.55751825765609,12.6833539951811,73.9067579335821,5.53615472417811e-05,0.00520398544072743,Up in AIH,2.28366392714131
IGHG3,-5.25175795498822,12.0493247130715,63.0991089223081,9.22291473724397e-05,0.00693563188240747,Up in AIH,2.15891396565897
IGHG1,-4.90789910698669,13.1086156128643,41.304311998447,0.000348784140014534,0.0196660167184973,Up in AIH,1.7062835959708
FCER1A,-5.6263171041877,5.64817115043047,35.4098335001529,0.000366122651674152,0.0196660167184973,Up in AIH,1.7062835959708
TMPRSS2,2.62190171428646,11.3265517469919,35.5677042302139,0.00054899373776118,0.0258027056747755,Up in irHepatitis,1.58833475147808
MZB1,-3.44380559073162,9.03990827471272,34.0338592210991,0.00062664842196975,0.0261799785178473,Up in AIH,1.5820307141483
IRF4,-3.13841453736906,9.04833918811249,31.923334393608,0.000757677909431796,0.0284886893946355,Up in AIH,1.54532752976263
SDC1,2.21830857138711,15.4315135573417,27.6192128267412,0.00115597629440713,0.0395133715179165,Up in irHepatitis,1.40325591212679
TNFRSF9,-2.66531879612109,7.71119817972564,24.9233232609727,0.00155131853980351,0.0486079809138432,Up in AIH,1.31329241834508
TIGIT,-2.04888537283133,9.14368928295123,24.0294088015939,0.00171809199924459,0.0496925070550743,Up in AIH,1.30370909195001
DERL3,-2.43549833962736,7.89414273096868,20.3783102712416,0.00270912637945534,0.0716132842972045,NS,1.14500640839277
SLC1A3,1.97482553064206,9.82638640780023,19.979109699733,0.00285691293738848,0.0716132842972045,NS,1.14500640839277
ARG1,2.48336296116839,14.9150836707653,17.6066280024191,0.00399923427742258,0.0939820055194307,NS,1.02695529163134
CXCL6,-1.93451756796363,10.3715538566521,16.7577539635848,0.00454850591823947,0.100602248544591,NS,0.997392312325869
GNLY,2.18527396304646,8.42072675597051,14.9912417961343,0.00604313103901945,0.12010978279612,NS,0.920421618397714
VSIG4,1.80530403106402,11.5039165084483,14.9653910253664,0.00606937732214436,0.12010978279612,NS,0.920421618397714
EOMES,-2.07407774259584,7.31593662978367,14.1302399222684,0.00700607417553827,0.131714194500119,NS,0.880367419716332
FCRL3,-1.96948084252235,7.37065645752772,13.718926524525,0.00753354867075263,0.134281899226861,NS,0.87198252490159
IGKC,-3.39770332009634,14.0096451303209,13.2860225568671,0.0081431686296046,0.134281899226861,NS,0.87198252490159
CD1C,-2.32189420176779,6.82249581289653,12.9723412511516,0.00863790686094959,0.134281899226861,NS,0.87198252490159
G0S2,1.80123274582962,11.6400073990653,12.8065202538104,0.00889860551243517,0.134281899226861,NS,0.87198252490159
TOX,-1.66676255352889,7.9409233420463,12.4333856397526,0.00955076669045523,0.134281899226861,NS,0.87198252490159
ANPEP,2.18788974583684,13.8719665733839,12.204006322695,0.00998116221701874,0.134281899226861,NS,0.87198252490159
CCL19,1.77707554310365,10.2821132257447,12.1920861212558,0.010004249145317,0.134281899226861,NS,0.87198252490159
PRF1,1.44772512157812,9.11917165925912,11.6587801301754,0.0111115965905104,0.134281899226861,NS,0.87198252490159
KLRK1,-1.4247526946374,11.0853659849011,11.6214822073471,0.0111948302795853,0.134281899226861,NS,0.87198252490159
IL22RA1,3.12827002784923,5.45471576054994,11.5881292056162,0.0112792229789055,0.134281899226861,NS,0.87198252490159
SPARCL1,2.49982523537917,10.132306991574,11.5718629536987,0.0113068152201829,0.134281899226861,NS,0.87198252490159
APOE,1.55519319852931,15.6055609749883,11.3889269982763,0.0117323878252887,0.134281899226861,NS,0.87198252490159
SELL,-1.3788474252298,8.94055723537015,11.3004609169104,0.0119458409336145,0.134281899226861,NS,0.87198252490159
IL2RG,-1.32373272256921,10.8787662101884,11.2205611594158,0.012142512164131,0.134281899226861,NS,0.87198252490159
CCR2,-1.69354304129644,8.20877738506249,10.874170462488,0.0130468470747697,0.135413660134328,NS,0.868337523082758
LIF,-1.82487881711886,7.91198313460687,10.6277658068055,0.0137438366342465,0.135413660134328,NS,0.868337523082758
S100B,1.71807861764003,7.215889481951,10.4405526436097,0.0143043783713074,0.135413660134328,NS,0.868337523082758
PLD4,-2.84619972166264,5.54572990547715,10.3380132531862,0.0147049934961901,0.135413660134328,NS,0.868337523082758
PTEN,1.21971401341614,13.6418390740628,10.3054176304162,0.0147277489080996,0.135413660134328,NS,0.868337523082758
CD163,1.19720615070775,13.6712162639505,10.2587429171192,0.0148778775597262,0.135413660134328,NS,0.868337523082758
IL1RAP,1.95269416770712,11.1685631145924,10.2320803440408,0.014964525749253,0.135413660134328,NS,0.868337523082758
CDKN1A,1.32611755222735,10.3418778972358,10.1137170148599,0.0153571536938823,0.135413660134328,NS,0.868337523082758
CCL14,1.4372434956557,11.6242289972093,10.0756834525682,0.0154861366642982,0.135413660134328,NS,0.868337523082758
IFIT3,2.18448260301312,12.7617401957438,9.71071616281862,0.0167980410760819,0.138086051972788,NS,0.859850187150382
LY6E,1.27449637884249,9.23574095289066,9.65827583869847,0.016998198274737,0.138086051972788,NS,0.859850187150382
ID1,1.75035475486476,9.68767427757942,9.6226244688184,0.0171360320305228,0.138086051972788,NS,0.859850187150382
LUM,-1.47426356174605,10.7754403047227,9.501493423658,0.0176152893075006,0.138086051972788,NS,0.859850187150382
MX1,3.48483161136886,13.3937416707886,9.49833644135775,0.017628006634824,0.138086051972788,NS,0.859850187150382
CD80,-1.64674061470535,8.15119224960863,9.34073162381267,0.0182795035882957,0.140267211208147,NS,0.853043837564705
MMP9,-3.17434276158371,3.56151360077298,8.57611623229357,0.0198122469849656,0.148988097326941,NS,0.826848426028735
IGLC3,-2.26083093045637,7.22055225037442,8.81782704530434,0.0206808970086627,0.152470926965827,NS,0.816812959346831
CLEC10A,-1.44472459672375,8.4250741694049,8.36047920776342,0.0231090709206006,0.166067182459325,NS,0.77971618262983
CD44,-1.14517715157741,9.53629685962836,8.28192687165336,0.0235638379129156,0.166067182459325,NS,0.77971618262983
CD83,-1.69212356263545,6.94891900576279,8.23475392418994,0.0238500740766051,0.166067182459325,NS,0.77971618262983
CHIT1,-2.09699466785396,5.80042973461218,7.93486372328609,0.0257786671465035,0.168112288920006,NS,0.774400538701659
XBP1,1.18804403846685,14.2554671804296,7.92506895877858,0.0257851123481275,0.168112288920006,NS,0.774400538701659
FASLG,-1.18959337926717,8.55122917543083,7.91103917614714,0.0258782456591043,0.168112288920006,NS,0.774400538701659
IL2RB,-1.17418849450543,10.4441743756154,7.84888987471555,0.0262940789435789,0.168112288920006,NS,0.774400538701659
ADAM28,-1.85376394301597,7.43669095676529,7.7364864253005,0.0270736601485871,0.168112288920006,NS,0.774400538701659
CX3CR1,-1.9485523713402,5.40384969004702,7.7431853296652,0.0271016549232232,0.168112288920006,NS,0.774400538701659
LAMP1,1.10737436246193,13.8278935064859,7.70753319379496,0.0272735362343627,0.168112288920006,NS,0.774400538701659
ERBB3,1.56072565377368,12.4825176577587,7.45491924678364,0.0291450124713725,0.170785450517707,NS,0.767549130304036
IQGAP2,1.21949809891562,13.153559971859,7.32876849011933,0.0301421457257663,0.170785450517707,NS,0.767549130304036
CCL3L1,-1.62086383226664,6.32146559447863,7.29799313384905,0.0304109349143937,0.170785450517707,NS,0.767549130304036
C1S,1.44009332802894,15.7469021971733,7.26083995697399,0.0306974570057707,0.170785450517707,NS,0.767549130304036
ERBB2,1.44481244533244,12.1581596024691,7.25082880034842,0.0307804179546253,0.170785450517707,NS,0.767549130304036
ISG15,3.48073330659442,13.1820671092886,7.23020927762661,0.0309522083454002,0.170785450517707,NS,0.767549130304036
GPR34,1.0751242364606,9.37920161436478,7.19026797807393,0.0312885418008767,0.170785450517707,NS,0.767549130304036
AKT1,1.08148136694378,11.5538195292371,7.17862608114529,0.0313874601539806,0.170785450517707,NS,0.767549130304036
IFIT2,2.28607883963263,10.8860950514341,7.13114376775777,0.0317951636602114,0.170785450517707,NS,0.767549130304036
IRF8,-1.02723196166436,11.083748400949,7.01942569918931,0.032781930268838,0.172091303171305,NS,0.764241076680852
EPOR,1.26332693916592,8.94733636908867,7.00043097681405,0.0329536537987606,0.172091303171305,NS,0.764241076680852
ITGAE,-1.61100253970123,8.32657613727337,6.86548976170042,0.0342087301614626,0.174913295191409,NS,0.757177178464053
LILRA4,-2.8127840076634,7.04015937301336,6.84474021276164,0.0344348951316658,0.174913295191409,NS,0.757177178464053
GZMB,1.24055455949152,8.0043918484619,6.79484220567805,0.0348896200514778,0.174913295191409,NS,0.757177178464053
C1R,1.32450207191324,14.9484502496957,6.64444793914656,0.0363997256168583,0.179310755408064,NS,0.746393659828326
IFITM3,1.07418617097837,15.2031103610723,6.6047101417901,0.0368129863441944,0.179310755408064,NS,0.746393659828326
CD27,-1.3793572017281,8.57130471573474,6.5126216488204,0.0377948687862562,0.179310755408064,NS,0.746393659828326
ACTB,0.91457094091796,15.3970964912061,6.45802332577605,0.0383924277222618,0.179310755408064,NS,0.746393659828326
TCL1A,-1.8442107231439,5.13171944992434,6.43909339228197,0.0387119617433759,0.179310755408064,NS,0.746393659828326
NOTCH2,0.949987072195678,13.9364096878625,6.41536965808638,0.0388682029518777,0.179310755408064,NS,0.746393659828326
PTPRC,-1.00403846467048,10.6880931578386,6.39439309195679,0.0391050051687799,0.179310755408064,NS,0.746393659828326
LTB,-1.16109177935325,9.10621128033171,6.32818236582569,0.0398652627307872,0.179558236728379,NS,0.745794668044807
TNFRSF13C,-1.4540694313757,7.67691769815866,6.30700535712148,0.0401140741627229,0.179558236728379,NS,0.745794668044807
CD28,-1.06213289911669,8.45179851133573,6.20577780687536,0.0413215135907528,0.181263469539558,NS,0.74168971149157
ITGAX,-0.974112591836783,10.7540106999541,6.19445936453453,0.0414591978202181,0.181263469539558,NS,0.74168971149157
CFC1,3.27875401599876,4.18422560749754,6.16410797038276,0.041947028129564,0.181288305479495,NS,0.741630210408263
CCL16,1.34032252978767,13.335665686093,6.09951355631989,0.0426419474775359,0.182197411949472,NS,0.739457796320464
ACE2,1.84485850380623,6.63640506107325,5.91933014592376,0.0450117362889996,0.185005735215693,NS,0.732814808170391
IFNAR1,1.0395547685624,12.7854039536294,5.91066812384075,0.0451284018516147,0.185005735215693,NS,0.732814808170391
MYD88,0.964424976198315,12.0907548104579,5.88925214575886,0.0454222043958461,0.185005735215693,NS,0.732814808170391
SOX17,1.25280266191695,6.62218591507682,5.87926710209902,0.0455615244600495,0.185005735215693,NS,0.732814808170391
TNFRSF17,-2.13914510228985,7.06271927315101,5.86587627047079,0.0457593972740942,0.185005735215693,NS,0.732814808170391
CD14,1.03824766198558,10.1261467606355,5.6776182212638,0.0484644238736198,0.193857695494479,NS,0.712516954293337
VCAN,-1.45179121878896,9.08995463507595,5.64174018132002,0.0490067450990385,0.193963538497247,NS,0.712279901604301
ITGA1,0.982625708808538,12.6634745576672,5.56324813596097,0.0502197207608934,0.196693906313499,NS,0.706209094556594
NOTCH1,0.871261689985568,11.8701889916333,5.51499367261548,0.0509852327207661,0.197633479412454,NS,0.704139483369474
KRAS,0.933401014521917,10.8779657220986,5.40658438235721,0.052761539708743,0.202432029902932,NS,0.693720769947106
FCGR2B,1.25517473318913,11.7665711570966,5.33731260775264,0.0539391369030981,0.204859752278433,NS,0.688543356778467
PDGFRA,1.32983624430176,10.2591342546366,5.25145851523057,0.0554468446251119,0.208480135790421,NS,0.680935318760178
CD19,-1.48725811189291,6.41693801891334,5.11857193325773,0.0579093073510626,0.215583163999995,NS,0.666385158454683
CCL7,1.91851489565391,3.47686904578905,5.08871491678387,0.0586170795316609,0.216078646116711,NS,0.665388149969642
NCAM1,-1.54724132916863,6.58061163325549,4.94571182141689,0.0613021408355802,0.223782572370662,NS,0.650173738263269
AREG,2.05817470947574,3.99612572876741,4.79799786027125,0.0644856040725579,0.233140260877709,NS,0.632382721901156
CTSS,-0.886796117561527,10.6305078362575,4.69718025531072,0.0666418784245378,0.238142476404972,NS,0.623163134527861
ID2,1.01636174605591,12.2048239334095,4.65861085884221,0.0675273779744996,0.238142476404972,NS,0.623163134527861
IFNGR1,0.83677296299928,12.4097135356254,4.64819047403622,0.0677692685514149,0.238142476404972,NS,0.623163134527861
SAMD3,-0.888712397547662,8.9877659134041,4.60097160727995,0.0688802332016732,0.239805256331751,NS,0.620141301759039
CSF1R,-0.812549874381405,11.2174719703525,4.53667809930236,0.0704306559724036,0.24105501144383,NS,0.617883835266733
CCL2,-1.27965014350606,9.04885496618609,4.53299306138115,0.0705214129223972,0.24105501144383,NS,0.617883835266733
STAT6,0.872436499231557,12.6341908162651,4.49273906190406,0.0715170776983952,0.242256046978348,NS,0.615725373672234
NT5E,1.05364970589406,11.7339726471194,4.45256461781585,0.0725298145925983,0.243492948989437,NS,0.613513610462966
CTLA4,-0.956470983420489,8.3807983618787,4.41194513941863,0.073573605247115,0.244811288255887,NS,0.611168560733115
IL4R,0.934985824504956,10.9047315117481,4.37486831717319,0.0745426631015299,0.245860011633116,NS,0.609312102165405
ITGAM,0.955796677296234,8.83013437373362,4.34148067165071,0.0754302653568812,0.246624171949455,NS,0.607964359898439
KIT,-1.42157477731876,6.38390645550014,4.26261122204533,0.0776021929241336,0.247790261602352,NS,0.605915765818989
CCL15,1.07401188953248,9.96492329790451,4.2224795804317,0.0787095688593699,0.247790261602352,NS,0.605915765818989
SOX9,-0.946690211735135,9.06707253867943,4.19959862677742,0.079361815351,0.247790261602352,NS,0.605915765818989
IL1B,-1.41923175068104,6.18994602167842,4.19914051840574,0.079400323042008,0.247790261602352,NS,0.605915765818989
VEGFA,0.866448115450496,12.8955805733001,4.19315567796468,0.0795464311241336,0.247790261602352,NS,0.605915765818989
CTNNB1,0.803399165890668,12.6520824316931,4.17110831813365,0.0801833884530578,0.247790261602352,NS,0.605915765818989
SYK,-0.819441839193249,9.71623994632433,4.1636627279102,0.0804000316901248,0.247790261602352,NS,0.605915765818989
RGS5,0.936110970884822,10.2999294535701,4.11047066814388,0.0819703508922251,0.248576509467562,NS,0.604539914675211
KLRB1,-0.86953804544696,9.19908118777953,4.10604732996215,0.0821030065771824,0.248576509467562,NS,0.604539914675211
BCL2,-0.98110173499197,9.34648789965467,4.06895804709838,0.0832241907865696,0.248576509467562,NS,0.604539914675211
FLT1,0.900138011691256,10.5825575150763,4.06648757239022,0.0832995749811512,0.248576509467562,NS,0.604539914675211
STAT2,0.913727177009695,13.0877520930925,4.00355321833825,0.0852515641940551,0.252398331787124,NS,0.597913519863882
PGA5,2.44873122974164,2.99798707920623,3.9563065247743,0.0870604301358627,0.255740013524097,NS,0.592201316192761
IRF2,0.771602359260553,10.8504905946556,3.8929312687257,0.0888319887215526,0.257834106628388,NS,0.588659634147993
KLRD1,-0.853609934132222,8.70731446384538,3.88356380713888,0.0891447709087512,0.257834106628388,NS,0.588659634147993
MET,1.03952651991935,10.8767329317472,3.85305543280882,0.0901714213189557,0.258812629129216,NS,0.58701453547123
SOCS1,1.3468488692608,6.38096954036133,3.80177603389596,0.0919360890105179,0.261878556575415,NS,0.581900061491679
GZMK,-0.793734639263547,9.16994262535836,3.7423216907607,0.0940345280177152,0.265841973944819,NS,0.575376446969491
CD74,-0.733651180261411,14.4448188143745,3.6990868971129,0.0956020865612386,0.268256601097207,NS,0.571449582372939
NOTCH3,1.35669180200144,7.89148413919243,3.61931476080726,0.0985877686490941,0.273159518029648,NS,0.56358366223438
IL10,0.966894971932213,6.67509609979921,3.61374776953897,0.0988023788617875,0.273159518029648,NS,0.56358366223438
CD38,-0.885868986957711,10.3655354392598,3.55078779880784,0.101251407309326,0.27573214485575,NS,0.559512600888443
FCER2,-1.41707434648951,4.80388094972066,3.53798718936376,0.101903823194463,0.27573214485575,NS,0.559512600888443
TFF3,1.20559631443316,4.95745266880163,3.53427300816359,0.101932893975929,0.27573214485575,NS,0.559512600888443
IFNB1,2.65768349707205,2.45308597646789,3.50930925395421,0.103188281638364,0.277134242114464,NS,0.557309810404711
A2M,-1.03223743809851,14.2424164982599,3.4257546266044,0.106364832784079,0.283639554090878,NS,0.547233206050368
CCL13,1.23463638449767,5.08241930843438,3.39163331671747,0.10784058923581,0.285549729244116,NS,0.544318247293439
STAT4,-0.765643804232488,8.49523648125871,3.36767581992361,0.108857981255473,0.286227978685718,NS,0.543287916366174
CD79A,-1.44495174427752,7.08591405863668,3.34540550249232,0.109841373362406,0.286808030446283,NS,0.542408692858901
SPIB,-1.75588918651765,5.90445472201822,3.32379705982805,0.110850321233039,0.28744635023188,NS,0.541443201313423
JAK3,-0.781305444575019,10.0757022168731,3.28127010251832,0.112712254339704,0.288728287650145,NS,0.539510664790789
MS4A1,-0.973653086122389,8.74740748346019,3.27760108448202,0.112880474161094,0.288728287650145,NS,0.539510664790789
IL7R,0.944983047450171,10.8745483745166,3.23828977956333,0.114697847905722,0.291394532517241,NS,0.535518601227212
CXCL1,-1.05358527062759,8.48818013876687,3.17312112283266,0.117799421267356,0.297265653667959,NS,0.526855266658413
DGKA,-0.806569041063989,9.90663999253679,3.09273557178871,0.121780766728492,0.297409289082605,NS,0.526645471139163
CCND1,0.645396860603344,14.2971319366509,3.09085207890907,0.121876203843651,0.297409289082605,NS,0.526645471139163
TXLNA,0.759542261996387,11.5267542248084,3.07227703862809,0.12282293566518,0.297409289082605,NS,0.526645471139163
CDX2,2.58186443532898,2.16427598475704,3.06886798717298,0.123121836769113,0.297409289082605,NS,0.526645471139163
TC2N,-0.753075368656542,9.79581099293453,3.05326451817333,0.123802237042871,0.297409289082605,NS,0.526645471139163
CTSW,-0.948202333286773,6.6106343556661,3.04680505548308,0.124146393902149,0.297409289082605,NS,0.526645471139163
NELL2,-0.977021865685159,6.95556052438896,3.03194648524997,0.124918453656883,0.297409289082605,NS,0.526645471139163
CXCL10,-0.805688190371124,11.9510977380929,3.02748742598462,0.125146768038883,0.297409289082605,NS,0.526645471139163
GATA2,1.35200066022128,6.27999685908671,3.0151424381554,0.12580095973126,0.297409289082605,NS,0.526645471139163
CD3E,-0.677100183720606,10.6284450084951,3.00890264127008,0.126128367193253,0.297409289082605,NS,0.526645471139163
NF1,0.691832926549217,11.0042986102418,3.00084538344934,0.12655714429047,0.297409289082605,NS,0.526645471139163
CENPF,-1.06917491767029,7.39394453999099,2.93748721454041,0.130001005127353,0.301726714534114,NS,0.520386236191851
CCL28,-1.50815122793676,7.69933749936171,2.93348298030535,0.130222697164344,0.301726714534114,NS,0.520386236191851
IL15RA,0.762080743228621,8.20745373585961,2.92302221736336,0.130801740609204,0.301726714534114,NS,0.520386236191851
KLRF1,-1.05127951562903,8.81771684622472,2.78192649684515,0.139000141277667,0.316892899229204,NS,0.499087492144897
STAT3,0.688462093925003,12.2391757758061,2.78089531237483,0.13906204354473,0.316892899229204,NS,0.499087492144897
IGFBP7,-0.6730564560505,13.4378751958803,2.74620692011502,0.141184702131677,0.319791855430785,NS,0.495132601210514
CD8A,-0.650262387344405,11.6516742090706,2.71838919587902,0.142918742339502,0.321781120476963,NS,0.492439440389895
PRDX4,0.836358350457066,12.8129835673151,2.65850315762857,0.146750984299756,0.328442679147073,NS,0.483540413934639
EPCAM,-1.17653963251267,8.70987204385852,2.63486722858991,0.148302445768041,0.329822261102296,NS,0.481720035326983
IL13RA2,0.893032971017446,7.3986563230113,2.62251651901522,0.14912176698774,0.329822261102296,NS,0.481720035326983
CD247,-0.694681776397888,9.19896047286801,2.56625971615749,0.152931819331897,0.334611838312754,NS,0.475458698092827
MUC5AC,2.2488266325313,4.3152163366609,2.56056060740226,0.153393739079385,0.334611838312754,NS,0.475458698092827
LCK,-0.650503985548674,9.2886255545884,2.5514489048962,0.153957042627942,0.334611838312754,NS,0.475458698092827
IL1R1,0.63349778203278,12.2046684960497,2.50791595693029,0.157025184299478,0.338359181139152,NS,0.470622034744353
CXCL13,1.08617436809386,9.19498554584704,2.50154762167635,0.157481001859978,0.338359181139152,NS,0.470622034744353
AIRE,2.33101551896224,1.96116095218085,2.47565922780676,0.159358548155274,0.34044780742263,NS,0.467949458452356
P2RX1,-0.954795700527984,5.96404408477997,2.42116649312531,0.16341616946855,0.345616662093373,NS,0.461405328459414
SPON2,-0.69662707525605,10.3614211407175,2.4173567921768,0.163680399963183,0.345616662093373,NS,0.461405328459414
CCR4,-0.811755289307646,7.03117698418477,2.40613671647604,0.164535591794452,0.345616662093373,NS,0.461405328459414
FGF2,1.04613098954869,5.01457840465968,2.34961409139715,0.168937841498293,0.350000066348013,NS,0.455931873322372
RNF43,0.637411270396626,8.6558969217952,2.3489759375952,0.168963881352867,0.350000066348013,NS,0.455931873322372
LAMP2,0.843253851488003,13.7164138589297,2.33697638908269,0.169915029473545,0.350000066348013,NS,0.455931873322372
FGR,0.711187781452407,9.20839738531905,2.33157273019831,0.17034577697257,0.350000066348013,NS,0.455931873322372
GATA3,-0.784676110881925,7.38857422590744,2.31868522763925,0.171381150138022,0.350213654629872,NS,0.455666925029277
PIK3CA,0.689782185872366,9.1625090398301,2.24349365173958,0.177583365969866,0.360926192457673,NS,0.44258159999349
CDK1,-0.912842390837302,8.50576660283785,2.20883094301226,0.180548380514913,0.364680076520345,NS,0.438087962744977
CXCL11,0.801102579132536,10.7056457970794,2.19880628582303,0.181417891735126,0.364680076520345,NS,0.438087962744977
CD3D,-0.584108159929777,9.4794136413627,2.18825388175766,0.182340038260173,0.364680076520345,NS,0.438087962744977
CXCL12,-0.557484852131866,13.5953387789725,2.15259611510817,0.185504343561434,0.369045678196292,NS,0.432919876223479
KMT2C,0.578735689237739,10.3274364743412,2.12791246846771,0.187739448852276,0.371526488255031,NS,0.430010217454138
FADD,0.638683976953609,8.69712568970525,2.10670670053963,0.189689541614858,0.37152927544898,NS,0.430006959386544
ORC6,-1.04330924745492,7.28479630777761,2.10644676860914,0.189717076825011,0.37152927544898,NS,0.430006959386544
PDCD1LG2,-0.656492118263093,8.30365919089451,2.08895940126013,0.191343746189232,0.372773308638089,NS,0.428555191613618
LAG3,0.637791803486867,8.77473649756729,2.06366705418849,0.193734701850261,0.375485813895351,NS,0.425406466285244
IDO1,1.49425092663711,9.8399843601558,2.02402944935177,0.197566878441299,0.380949468173992,NS,0.419132628389072
CD86,-0.574142351629108,9.51056267810861,2.00520309190057,0.199424047216332,0.381078088460393,NS,0.418986021929269
ICAM1,-0.572707173613639,10.8777451489922,2.0028225532866,0.19966059421994,0.381078088460393,NS,0.418986021929269
EPO,-1.64687390773394,3.79650677749835,1.97924641110027,0.201956695584187,0.383509390001446,NS,0.416223998140323
SPARC,-0.647546872035615,10.4707953955794,1.96988376142737,0.202974384601829,0.383509390001446,NS,0.416223998140323
PLEK,-0.849806932759247,8.06305336630504,1.88476248248747,0.211902929415341,0.398377507300841,NS,0.399705190155191
SMAD3,0.523090293369147,10.4700233258803,1.86004433740673,0.214597553713012,0.401436219881058,NS,0.39638344553855
MS4A2,-1.18022062464677,4.26034534322658,1.79564453111334,0.222014235925599,0.413254221326857,NS,0.383782701484049
CDK12,0.552722824009664,11.1164432978529,1.77663129431385,0.224058324537504,0.415004581409367,NS,0.381947108902787
CXCR6,-0.551099339021284,8.81152469927181,1.72452494935357,0.230270083795529,0.424419370132935,NS,0.372204803493886
BRAF,0.560027802367083,9.84894719204343,1.68857155010545,0.234698661260358,0.426214370894132,NS,0.370371911039457
JCHAIN,-1.65619502448884,11.8312757450083,1.68501983734416,0.235142742061254,0.426214370894132,NS,0.370371911039457
C1QBP,0.591243727218692,12.0835506600636,1.68358502889461,0.235322478954096,0.426214370894132,NS,0.370371911039457
BANK1,-0.765316711924374,7.14005947245578,1.67997514339364,0.235778162622286,0.426214370894132,NS,0.370371911039457
MMP12,-1.5241910706451,3.5941766913782,1.65097659934856,0.239301698102433,0.429132999113078,NS,0.367408088166736
CCL20,-0.620306361086984,8.20321700811747,1.64623519670006,0.240071505740541,0.429132999113078,NS,0.367408088166736
CCL5,-0.600508432601321,9.61516392654549,1.64046571592719,0.24081665641718,0.429132999113078,NS,0.367408088166736
IL2,1.35448905723363,4.29248919951525,1.59048880266287,0.247475627294967,0.438919037089187,NS,0.357615582236624
NOSIP,0.993037734076872,4.26768466726908,1.52395338016444,0.256677366080535,0.45268627505259,NS,0.344202672633717
CXCL2,-1.28111253376004,4.48676200131701,1.51774253831846,0.257645911865038,0.45268627505259,NS,0.344202672633717
STAT5B,0.467745041763546,10.6806026485705,1.50114882285637,0.259878639827911,0.454485435233928,NS,0.342480029931317
FCGR3A,-0.460901264722831,11.624850784142,1.48036626466658,0.262907146682434,0.457653181262015,NS,0.339463514401581
COTL1,-0.475262701397564,9.68704032943266,1.45862931776076,0.266129743752206,0.460112864000344,NS,0.337135624404699
SOS1,0.499712519089042,10.455214454276,1.45383846062031,0.266847700430376,0.460112864000344,NS,0.337135624404699
TRAT1,-0.551578973492275,7.92990965036256,1.44625138259431,0.267991269191689,0.460112864000344,NS,0.337135624404699
MIS18BP1,-0.506714622190681,9.3624317869753,1.42848447261462,0.270694583585422,0.462641651945995,NS,0.334755269974415
JUN,0.497565871811482,8.57544144489132,1.3124215593905,0.289381445048509,0.490243158399901,NS,0.309588458424896
FABP3,0.526689273575671,8.88084599148898,1.30659843839227,0.290368445884068,0.490243158399901,NS,0.309588458424896
IL12B,1.62628020032762,2.80825724293917,1.30030918991764,0.291677946419506,0.490243158399901,NS,0.309588458424896
HPGDS,0.856225708137536,5.2006438103813,1.29678525548788,0.292059753940367,0.490243158399901,NS,0.309588458424896
TGFB1,-0.450360383858992,10.9778856339707,1.28717589492986,0.293696740083974,0.490799885651442,NS,0.309095547128721
HIF1A,-0.464302625808575,8.73549648799823,1.26581705302684,0.297422914976151,0.494092218308791,NS,0.306191985965198
CCL3,-0.666806976739922,6.38743321432219,1.2607695741906,0.298321220472836,0.494092218308791,NS,0.306191985965198
CDKN1C,1.038023674421,3.75030445822128,1.2540787813862,0.299609111102139,0.494092218308791,NS,0.306191985965198
CCL21,0.460615156965346,10.1683554574422,1.23318980719006,0.303250856058924,0.497914069336923,NS,0.302845601884689
GZMA,-0.427733366008557,10.1982726360783,1.2183110536773,0.305965376251465,0.498023469705913,NS,0.302750190325432
EGFR,0.615581905366084,11.058154761925,1.21794259146268,0.306033055051608,0.498023469705913,NS,0.302750190325432
ARID1A,0.463920506534836,10.7422246114898,1.21111611070505,0.307291077052585,0.498023469705913,NS,0.302750190325432
IL5,1.69853087914992,1.96537010253621,1.157354377519,0.31748298201331,0.512333052519333,NS,0.290447625260264
CD79B,-0.887046009287117,3.9780839645255,1.1439116904663,0.320240479868822,0.514574446284945,NS,0.288551784610311
CST7,-0.555574289565223,7.33830564516166,1.12244105509896,0.324365710788949,0.518629154556432,NS,0.285143073168116
FAS,0.431182900073151,10.8551915892285,1.11668010314931,0.325522554455633,0.518629154556432,NS,0.285143073168116
CXCR5,-0.916653285369294,5.05173494688234,1.09409470660162,0.330188732378354,0.522463237455824,NS,0.281944262789674
PSMB10,-0.419544395556144,11.1224109968874,1.09126897592724,0.330708113070441,0.522463237455824,NS,0.281944262789674
FKBP11,-0.395551275948414,10.6287488496426,1.06832789898228,0.335498621627394,0.527780231623396,NS,0.277546880613994
S100A9,0.585173197862007,12.1310127950994,1.06180083891198,0.336880998908551,0.527780231623396,NS,0.277546880613994
CEACAM6,0.807876957139985,4.37972632803821,1.02958660704918,0.343884292702501,0.536516572847056,NS,0.270416858255606
IRF1,-0.380174960203527,11.7049439677866,1.01311553941808,0.347474255869089,0.539345619780383,NS,0.268132843978554
FCMR,-0.429366316925359,10.0877659146627,1.00822620357239,0.348566451081471,0.539345619780383,NS,0.268132843978554
CD2,-0.407687691107422,11.5417904884422,0.992308087446743,0.352159395639985,0.54267185557637,NS,0.265462701517689
CCR7,-0.907372470424111,4.77795362054787,0.977341713293779,0.355671097370152,0.545846255555826,NS,0.262929664559366
IL2RA,-0.532971030148271,7.6517137883878,0.96068520516866,0.359471278112019,0.549435774675282,NS,0.260083066360225
CLEC12A,-0.40824726308023,9.90477560374524,0.934119618901016,0.365797410766332,0.555755332324005,NS,0.255116361669401
CD276,0.410219043401142,10.0951462341713,0.930111661455289,0.366767158537503,0.555755332324005,NS,0.255116361669401
TUBB,0.495559464440565,10.5873280429125,0.924875903528093,0.368040100395418,0.555755332324005,NS,0.255116361669401
KLRC1,0.597754137045111,6.67236712578269,0.898429364586187,0.37457943225388,0.559975673530066,NS,0.251830839210107
CDK4,0.411067559037563,8.82122571815523,0.893810246389088,0.375738751355184,0.559975673530066,NS,0.251830839210107
CCR5,-0.520306965271727,7.29098110388687,0.891092150303416,0.376425890889783,0.559975673530066,NS,0.251830839210107
CXCR3,-0.743466831274671,5.05798566366405,0.889834198674425,0.376792142029539,0.559975673530066,NS,0.251830839210107
CD8B,-0.594819921965793,8.99203970724105,0.821668138224663,0.394641880214691,0.581949892237513,NS,0.2351144078958
CDK2,0.438165328971883,8.83093705900715,0.821551660010175,0.394673464150441,0.581949892237513,NS,0.2351144078958
CORO1A,-0.386368354231739,10.4791346964543,0.81364041066524,0.396839711898033,0.582858326850236,NS,0.234436994716531
GZMH,0.408649661782782,7.71248284052259,0.796670556092174,0.40155256131387,0.587485459354144,NS,0.23100287799309
MPEG1,-0.337118525121559,12.0891011835872,0.787028577357895,0.404270562876478,0.58916950248665,NS,0.229759741877871
CCL8,0.534530856691406,7.17686646585191,0.751943380174292,0.414422840030792,0.6016331577281,NS,0.220668236542876
ARPC3,0.332561097162298,10.6253400442009,0.736010023606167,0.41917216625352,0.606187440428167,NS,0.217393066004108
ARPC5,0.35567899142069,10.5036864924439,0.730162423907187,0.420938256654887,0.606409136023898,NS,0.217234264343554
IL10RA,-0.31502396941602,11.7625633571807,0.707311749032713,0.427960480739919,0.609817970000134,NS,0.214799782074755
UBE2C,-0.480447944333198,7.05625795408529,0.706164523301244,0.428319944481381,0.609817970000134,NS,0.214799782074755
LAMP3,0.537847611147034,6.94528555505202,0.704016642144318,0.428990160626612,0.609817970000134,NS,0.214799782074755
FLT3LG,-0.538836883956221,5.10093243265922,0.695693313498253,0.431641617032845,0.609817970000134,NS,0.214799782074755
JUNB,-0.479748212954237,6.10610894790448,0.694847021021048,0.431882174380381,0.609817970000134,NS,0.214799782074755
TREM2,-0.500201070232234,7.05798901925305,0.68709391449774,0.434341354684851,0.609817970000134,NS,0.214799782074755
CEACAM1,0.438314925432519,10.8334103090238,0.686099699949577,0.434657489255415,0.609817970000134,NS,0.214799782074755
NCEH1,-0.358746219587102,9.06397383360847,0.679242806862736,0.436860407891803,0.610630161216796,NS,0.214221748143291
FHIT,0.431813610585814,7.70727986415463,0.6715940104517,0.439340567585799,0.611822420045409,NS,0.213374612471314
RORC,0.565093390810572,10.2313293831932,0.662171475953428,0.442428321179793,0.613848888426576,NS,0.211938526252216
CSF1,-0.316901645960762,9.99924797329296,0.630531356453869,0.453076088773474,0.626311063892743,NS,0.203209916344156
ERBB4,1.03489847292674,2.40202336223458,0.617852939949375,0.457537330440957,0.63016130492967,NS,0.200548268206557
ICOSLG,0.306662722675726,9.28946987743104,0.575574866174877,0.472668334568305,0.648625159845557,NS,0.188006209270561
PAX5,-0.617232553766855,4.96480443439592,0.56617874573778,0.476208559849306,0.651092622946067,NS,0.186357225298113
CXCR1,0.63273086354024,4.23383960081071,0.561622564662694,0.477929691311474,0.651092622946067,NS,0.186357225298113
CD40LG,-0.423013915128885,5.97791828424292,0.539126844295978,0.486519238333221,0.658088266082244,NS,0.18171585273619
HAVCR2,0.287481772795477,9.67848750311099,0.538988753291802,0.486565260560808,0.658088266082244,NS,0.18171585273619
SOCS2,-0.331903515699594,7.99621906542086,0.491735313174446,0.505653407016103,0.681454053899838,NS,0.166563420548956
DCN,-0.306796163135663,12.3875528184133,0.482678942282561,0.509471070000237,0.684146865428889,NS,0.164850658515637
CDKN2A,-0.517665471828479,4.31408278425358,0.477188369952356,0.511881300259934,0.684404196078205,NS,0.164687336465795
CDKN1B,0.284892335966353,10.4869150242146,0.47371678107565,0.513303147058653,0.684404196078205,NS,0.164687336465795
CTSD,0.267557106450329,14.0475127225113,0.465994319148613,0.516649218489473,0.685153122660478,NS,0.164212358587903
ZNF683,-0.615082415628998,6.43389169988491,0.464034567999693,0.517509273498872,0.685153122660478,NS,0.164212358587903
MKI67,-0.301648795299077,9.90344751248812,0.457876496855213,0.520211711943784,0.686233049161976,NS,0.163528370041069
CCL4,-0.279488620168591,9.6719938985067,0.450704309044922,0.523398612669252,0.686233049161976,NS,0.163528370041069
CMKLR1,0.273027219252116,10.1818394603175,0.449806419306136,0.523800226355019,0.686233049161976,NS,0.163528370041069
EGR3,-0.357406783950095,6.48932953593871,0.441795578182382,0.527413030209122,0.688226238386968,NS,0.162268774072757
IL1A,0.879299519116245,2.41165930092319,0.43841719049843,0.528982401313387,0.688226238386968,NS,0.162268774072757
STMN1,-0.308997450797515,9.21177660215126,0.409873623161486,0.54228967614943,0.703106614593743,NS,0.152978816347038
PLA2G7,-0.286523649571015,10.9629986569999,0.365887436951929,0.564223853015539,0.729031507676436,NS,0.137253701703539
SOCS3,-0.285468751383788,7.87662484848878,0.34543007334557,0.575060868107711,0.740489337015409,NS,0.130481190902004
ESR1,0.65994721955735,8.19889987437949,0.340788795617741,0.577580807026929,0.741195847925342,NS,0.130067022202794
CDKN2B,0.381202380109666,5.70664951763524,0.329618636352541,0.583748226500866,0.746562357701788,NS,0.126933911348542
PTGS1,-0.312495787421259,6.97742274475888,0.313716295156644,0.59276730766088,0.755432482850272,NS,0.121804344873427
CCL26,0.684239926315866,2.45893477968943,0.304452196150984,0.598182090862886,0.755432482850272,NS,0.121804344873427
CCR6,-0.414260460023249,4.46345749367035,0.302346082581418,0.599451693329774,0.755432482850272,NS,0.121804344873427
CD40,-0.23773542127911,8.99916450657491,0.30195128424631,0.599641544348563,0.755432482850272,NS,0.121804344873427
CD1A,-0.845557119266875,1.96052323395147,0.298169760874386,0.600729554181466,0.755432482850272,NS,0.121804344873427
GPR183,-0.452488151367006,3.64053260150109,0.290825914851037,0.606375782376983,0.759990980579152,NS,0.119191561808613
DUSP2,-0.320998685267696,5.44360287127885,0.28702128205517,0.608638801450243,0.760292987858111,NS,0.11901901496974
CENPV,0.304890503950869,9.6281201534533,0.26207729503436,0.624351466638599,0.774586105677713,NS,0.110930297540511
AIF1,-0.223421555143039,10.9651194569533,0.258116158825281,0.626936511322781,0.774586105677713,NS,0.110930297540511
IL12RB2,-0.343752606205561,5.13148734495829,0.256389611674468,0.628087608204611,0.774586105677713,NS,0.110930297540511
CDKN2D,0.340153306533982,4.75852179619188,0.256036752890034,0.628321176148145,0.774586105677713,NS,0.110930297540511
CXCR4,0.288635825093238,6.8737046606148,0.245453988995172,0.635375142220552,0.778624235621528,NS,0.108672082466193
CXCL3,-0.264441937493656,6.24658876049382,0.242702875784232,0.637247128843281,0.778624235621528,NS,0.108672082466193
CXCL16,-0.212040486286702,8.66831840674824,0.238666295381705,0.640012254857476,0.778624235621528,NS,0.108672082466193
IL18,0.182709119221233,11.115594051385,0.237184159064196,0.641035904781966,0.778624235621528,NS,0.108672082466193
TCF7,0.268623940429174,8.96555342262672,0.234315377025041,0.643028964170317,0.778624235621528,NS,0.108672082466193
FEZ1,0.231297643720318,7.96643476674697,0.232894971854451,0.644021641697594,0.778624235621528,NS,0.108672082466193
IL4,0.674716831153191,3.09437416769282,0.207500827555589,0.662506889123978,0.79840573817505,NS,0.0977763504170718
CTSB,0.209644348027393,11.5602823999593,0.20394730304195,0.665129919980062,0.799005910263589,NS,0.0974500081886744
PDCD1,-0.305932052638787,4.88495890926131,0.199949486658189,0.668206878814984,0.800043614014427,NS,0.0968863369961804
TBX21,0.218250227487905,7.48623270712272,0.195404379918781,0.671709720140443,0.800043614014427,NS,0.0968863369961804
CXCR2,-0.188634237125731,9.30205605343481,0.194549955887281,0.672377079863188,0.800043614014427,NS,0.0968863369961804
FCGR1A,-0.272898649162986,7.57998016890253,0.187795971451573,0.677718649526942,0.801840474376332,NS,0.095912025717505
LILRA5,-0.233157736642064,6.17512052167266,0.186509246053277,0.678751762451356,0.801840474376332,NS,0.095912025717505
ID4,0.290292958917418,6.76930317017018,0.183791272443037,0.680940961266382,0.801840474376332,NS,0.095912025717505
CPA3,-0.316143015192993,5.97384807399281,0.180847287377422,0.683339956152226,0.801840474376332,NS,0.095912025717505
JAK1,0.163925875862123,11.7398524401179,0.179366457374587,0.684549979454262,0.801840474376332,NS,0.095912025717505
CXCL9,0.21473139071313,12.061770555357,0.165378811279959,0.696324159178307,0.813099018170942,NS,0.0898565633521634
ACTA2,0.214619940087024,12.3528549384019,0.162189538439084,0.699090843224174,0.813802343815137,NS,0.0894810636784635
CD47,-0.149048922616698,12.6396393440436,0.152149915018516,0.708015617930898,0.82164775414203,NS,0.0853143274954002
CD37,0.251250709076538,5.01813397435761,0.147056721967132,0.712684838565189,0.824521536309264,NS,0.0837979962012421
SSR4,-0.144866762503318,11.7407958693581,0.140294265610193,0.719010183069587,0.829287818509708,NS,0.0812947139651651
TNFRSF1B,-0.13099855770014,11.5136445152821,0.123989311418861,0.735046765655988,0.845191388032573,NS,0.0730449367841663
FOS,0.442027713114988,2.01901261296334,0.11480603777119,0.744485145842553,0.853434191575609,NS,0.0688299617636123
C1QB,-0.1413144653098,11.2800840863945,0.111518409822825,0.748143588273044,0.855021243740622,NS,0.0680230947166092
IL6,0.449118923929864,3.98990261179777,0.108038689146691,0.751971006761077,0.856791207703531,NS,0.0671249988352018
FN1,0.169018249835129,13.705335183139,0.0975523935012478,0.763829854119814,0.866690653396729,NS,0.0621358869484431
CXCL5,-0.418411346202251,7.41809175834795,0.0943964600047339,0.767545256918158,0.866690653396729,NS,0.0621358869484431
BATF3,-0.257893726002191,4.28016434464434,0.0931807748837677,0.76901964634229,0.866690653396729,NS,0.0621358869484431
CTSL,0.140369602837421,9.57472393775224,0.0917797336063358,0.770677828612276,0.866690653396729,NS,0.0621358869484431
IL15,-0.12654758131023,8.39077979624348,0.0896143415866569,0.773307887049269,0.866690653396729,NS,0.0621358869484431
DMBT1,-0.499674307586078,2.37360266692344,0.08849380153048,0.774489520056652,0.866690653396729,NS,0.0621358869484431
TNF,-0.243861435629377,3.64565651064834,0.0848036303427119,0.779313231590404,0.868115073671376,NS,0.0614227027635425
IRF5,0.136333224357092,8.43769058161312,0.0839320783095568,0.78038003963012,0.868115073671376,NS,0.0614227027635425
GLIPR2,-0.13453543309828,7.66992421394865,0.0803796475201711,0.784935506655765,0.870606933635893,NS,0.0601778783825984
CCR1,0.129102306098507,10.3705569185838,0.0769543431215732,0.789432910630439,0.873019924697192,NS,0.0589758443960355
NOD1,-0.152954189597223,7.0218449758686,0.0742549123685812,0.793055004334079,0.873715496759839,NS,0.0586299613036904
ATM,-0.0994800262901404,12.0688352615382,0.0730389895066869,0.794709308223045,0.873715496759839,NS,0.0586299613036904
CD4,-0.0973815018333007,11.3985307059011,0.0651602760367995,0.805811266562605,0.877613178155577,NS,0.0566968640599646
VSIR,-0.101106985546483,10.352043901297,0.0646157744209743,0.806604586844538,0.877613178155577,NS,0.0566968640599646
IL22RA2,-0.351145232503586,2.45538238889268,0.062901641718741,0.809018181620959,0.877613178155577,NS,0.0566968640599646
LILRB2,-0.102287911138026,9.64636209582317,0.0629030680646342,0.809123591159055,0.877613178155577,NS,0.0566968640599646
PLVAP,0.138529556250458,8.67655800566907,0.0610508344550381,0.81188954970151,0.877613178155577,NS,0.0566968640599646
MARCO,0.121212519085361,13.316519658524,0.0608056356741593,0.812259005314204,0.877613178155577,NS,0.0566968640599646
TP53,-0.0931610032003901,10.5316966704569,0.0554214311369763,0.820582401948541,0.884065854248285,NS,0.0535153830962046
MGP,-0.160496044301037,8.45223327926827,0.0468869750467495,0.834709063178422,0.89671602215739,NS,0.0473450703744592
ANXA1,0.0971745191164892,8.24036591791822,0.0440036731625772,0.839784999835685,0.899598746262728,NS,0.04595115849603
CEACAM8,-0.113183702880268,7.96206216403397,0.0419777964408484,0.843456777001009,0.899986441419207,NS,0.045764033295315
CD274,-0.103268737364604,7.21250416115561,0.04106513927665,0.845141330203896,0.899986441419207,NS,0.045764033295315
CDKN2C,-0.116002723468864,7.27073746493895,0.0398962022156973,0.847327660272339,0.899986441419207,NS,0.045764033295315
GPR171,-0.0827593542680024,8.03086589203787,0.0353479762344498,0.856169911277643,0.906816582085616,NS,0.0424805469460081
CD68,0.0731240752777571,10.6892326955712,0.0335758469735038,0.859774675246604,0.908076623294166,NS,0.0418775042654281
JAK2,-0.070975500578285,10.6981938531778,0.0297341867416958,0.867944598572066,0.914137728468059,NS,0.0389883664024228
IRF3,-0.114485700684828,6.26146562113651,0.024827761362366,0.879219401574173,0.923425963664494,NS,0.0345979186979184
IGHM,-0.130396489320993,11.3959658464728,0.0191992567416425,0.893674824757143,0.93599368832503,NS,0.0287270798247721
TUBA1B,0.0461913366030322,11.8797869682675,0.0132552851981721,0.911554067107901,0.952067581201586,NS,0.021332222727695
CXCL14,0.0542478926214059,11.0242960639463,0.00999452066749574,0.923151906146648,0.961510018590414,NS,0.0170461862087929
CDK6,-0.0434311550576113,9.09173113160282,0.00932236588373326,0.925771512570974,0.961574830736702,NS,0.0170169128696434
LILRB4,0.0423866625079133,6.88722165797509,0.00642182119673975,0.938358214978994,0.969906633938882,NS,0.0132700701839926
CCR3,0.124995303905524,1.84845326168416,0.00628409347125457,0.938952166898279,0.969906633938882,NS,0.0132700701839926
RUNX3,0.0330493018755141,9.00130875416575,0.00564161446581149,0.942215289178961,0.970610818441888,NS,0.0129548723413281
CCL11,-0.0909482790620127,4.41338323872355,0.00500020764586916,0.945597018582114,0.97143300269638,NS,0.0125871462351715
NKG7,-0.0268223224292248,10.1021621162554,0.00401892370870379,0.951213450347723,0.97156944010475,NS,0.0125261540177942
ENTPD1,-0.0249362019827959,9.72597248165501,0.00349122047715578,0.954524504456906,0.97156944010475,NS,0.0125261540177942
MCEMP1,-0.0542740187540942,4.0313488616749,0.00289843811402818,0.958564845485647,0.97156944010475,NS,0.0125261540177942
IL23A,-0.0467948668517003,4.4296241827562,0.00269251224145511,0.960060761513835,0.97156944010475,NS,0.0125261540177942
STAT1,0.0250663687594614,14.3262393024049,0.00259377536028992,0.9607961144199,0.97156944010475,NS,0.0125261540177942
CDX1,0.0755531739374667,1.64692932250455,0.00252757166540036,0.961233594997253,0.97156944010475,NS,0.0125261540177942
RB1,-0.0165722828931254,9.67362070161733,0.00139616194189714,0.97123066836589,0.979042175081969,NS,0.00919859929915908
RGS1,0.0162755578479174,7.30311016832402,0.00075557915243252,0.97883324216769,0.984067644532223,NS,0.00697504726241166
HLA-B,-0.0051013385213892,13.8812030908048,0.00020037677118516,0.989098546970917,0.991736143096172,NS,0.00360385893438776
FCGR2A,-0.00554293440376021,10.1185415821507,0.000103497870599337,0.992165082753544,0.992165082753544,NS,0.00341606114814588
