gene,svg_raw_score_irHep,svg_raw_score_AIH,svg_raw_score_diff,svg_raw_rank_irHep,svg_raw_rank_AIH,svg_thresh_score_AIH,svg_thresh_score_irHepatitis,svg_thresh_rank_AIH,svg_thresh_rank_irHepatitis,svg_thresh_score_diff,de_raw_logFC,de_raw_FDR,de_raw_sig,de_thresh_logFC,de_thresh_FDR,de_thresh_sig,hvf_raw_n_hits,hvf_thresh_n_hits,n_marker_clusters,top_marker_cluster,max_logFC,proximity_relevant,n_prox_clusters,n_evidence
A2M,1446.52034963333,2445.94471235619,-999.424362722865,100.5,64.5,2445.9447123562,1446.52034963333,64.5,100.5,-999.424362722865,-0.959156732575936,0.277195204766665,NS,-1.03223743809851,0.283639554090878,NS,4,7,20,18,3.59799561415006,TRUE,4,3
ACE2,178.678932762687,275.936958887182,-97.258026124495,285,313.5,275.936958887182,178.678932762687,313.5,285,-97.2580261244949,1.61946135705247,0.191979382308512,NS,1.84485850380623,0.185005735215693,NS,0,0,17,1,0.353921063521287,FALSE,0,1
ACTA2,614.855063924951,1042.17105903047,-427.315995105515,183,212,1042.17105903046,614.85506392495,212,183,-427.315995105515,0.241869069206395,0.771478151332435,NS,0.214619940087024,0.813802343815137,NS,4,6,20,12,2.03714568424297,TRUE,1,3
ACTB,1262.06413350763,3204.7540488074,-1942.68991529977,118,60,3204.7540488074,1262.06413350763,60,118,-1942.68991529977,0.759063121622496,0.218802649721944,NS,0.91457094091796,0.179310755408064,NS,4,4,19,12,3.46201316434321,FALSE,0,2
ADAM28,319.806186419116,1615.68514718446,-1295.87896076534,240,110.5,1615.68514718446,319.806186419116,110.5,240,-1295.87896076534,-1.5123327226226,0.158660763129196,NS,-1.85376394301597,0.168112288920006,NS,3,1,18,16,1.35220139430879,FALSE,0,1
AIF1,1750.43439495383,1157.56597003273,592.868424921097,77,180,1157.56597003273,1750.43439495383,180,77,592.8684249211,-0.318149583047162,0.562775967645407,NS,-0.223421555143039,0.774586105677713,NS,4,5,18,3,2.569012261473,FALSE,0,2
AIRE,0.960181100428924,5.45469191021962,-4.4945108097907,360.5,375.5,5.45469191021962,0.960181100428925,375.5,360.5,-4.4945108097907,1.25132624849677,0.478139098251569,NS,2.33101551896224,0.34044780742263,NS,1,1,10,9,0.025425292727987,FALSE,0,1
AKT1,564.33083259797,1100.08873751739,-535.75790491942,190.5,199.5,1100.08873751739,564.33083259797,199.5,190.5,-535.757904919421,0.903618589560927,0.191979382308512,NS,1.08148136694378,0.170785450517707,NS,4,4,20,1,1.99266000171783,FALSE,0,2
ANPEP,2692.04029945057,2330.94976861372,361.09053083685,38,64,2330.94976861372,2692.04029945057,64,38,361.09053083685,1.88086291676566,0.109036872095704,NS,2.18788974583684,0.134281899226861,NS,4,4,21,21,3.98289057495329,TRUE,5,4
ANXA1,364.220888414807,406.090161967897,-41.8692735530901,209.5,293,406.090161967897,364.220888414807,293,209.5,-41.8692735530905,-0.0415805297756143,0.965139611964966,NS,0.0971745191164892,0.899598746262728,NS,4,0,18,21,0.601893727174957,FALSE,0,1
APOE,3823.94555234263,2648.90271473597,1175.04283760666,34,53,2648.90271473597,3823.94555234263,53,34,1175.04283760665,1.38052680321592,0.11833349968556,NS,1.55519319852931,0.134281899226861,NS,4,4,20,6,3.49809651222608,TRUE,3,4
AREG,69.6418638549561,375.97903604595,-306.337172190994,316,307,375.97903604595,69.6418638549559,307,316,-306.337172190994,1.60188277566405,0.226237075521822,NS,2.05817470947574,0.233140260877709,NS,0,1,9,8,0.126846612757959,FALSE,0,1
ARG1,5601.09721469201,6435.68221673421,-834.585002042205,16.5,14,6435.68221673421,5601.09721469201,14,16.5,-834.585002042205,2.32858702295901,0.0764012969272195,NS,2.48336296116839,0.0939820055194307,NS,6,6,20,1,5.11425319342792,TRUE,5,4
ARID1A,70.1285381942912,552.105693725658,-481.977155531367,315.5,271,552.105693725659,70.128538194291,271,315.5,-481.977155531368,0.461045070463483,0.432411923966059,NS,0.463920506534836,0.498023469705913,NS,4,4,19,12,1.3559156416358,FALSE,0,2
ARPC3,343.704990560036,694.596263158002,-350.891272597967,230,254,694.596263158003,343.704990560036,254,230,-350.891272597967,0.277038958167128,0.616130940189107,NS,0.332561097162298,0.606187440428167,NS,4,4,17,12,1.23690824263581,FALSE,0,2
ARPC5,592.571519245586,825.634963605776,-233.06344436019,208,239.5,825.634963605776,592.571519245588,239.5,208,-233.063444360188,0.352906599790338,0.521897736848232,NS,0.35567899142069,0.606409136023898,NS,4,4,17,12,1.29553916160796,FALSE,0,2
ATM,206.106316780598,672.87144294367,-466.765126163072,258.5,257.5,672.87144294367,206.106316780598,257.5,258.5,-466.765126163072,-0.0553518271844414,0.937160224618147,NS,-0.0994800262901404,0.873715496759839,NS,4,6,20,10,2.1987042146464,FALSE,0,2
BANK1,2902.01795168447,3290.83925227307,-388.821300588596,41,39.5,3290.83925227307,2902.01795168448,39.5,41,-388.82130058859,-0.804943087077792,0.38896644114422,NS,-0.765316711924374,0.426214370894132,NS,5,4,21,16,3.28850746035654,TRUE,1,4
BATF3,26.816957863927,64.6432831951507,-37.8263253312237,319,354.5,64.6432831951508,26.816957863927,354.5,319,-37.8263253312237,-0.239045607258333,0.844171462012558,NS,-0.257893726002191,0.866690653396729,NS,0,0,14,19,0.11620153787835,FALSE,0,1
BCL2,232.993237971267,301.775094327921,-68.7818563566541,243.5,309.5,301.775094327921,232.993237971267,309.5,243.5,-68.781856356654,-0.725978122237096,0.30524847444385,NS,-0.98110173499197,0.248576509467562,NS,4,3,20,7,1.38735537861591,FALSE,0,2
BRAF,64.9200988813287,161.673968241029,-96.7538693597,314.5,330.5,161.673968241029,64.9200988813288,330.5,314.5,-96.7538693597002,0.476008381629003,0.432411923966059,NS,0.560027802367083,0.426214370894132,NS,4,3,16,1,1.02481847856001,FALSE,0,2
C1QB,1781.17995776976,1513.89809663305,267.281861136711,74.5,121.5,1513.89809663305,1781.17995776977,121.5,74.5,267.281861136715,-0.169797190725506,0.775211378816417,NS,-0.1413144653098,0.855021243740622,NS,4,5,21,3,3.34387136722667,TRUE,1,3
C1QBP,842.241291320466,1374.951351909,-532.710060588535,164,132,1374.951351909,842.241291320464,132,164,-532.710060588536,0.599598233330566,0.363290114593775,NS,0.591243727218692,0.426214370894132,NS,4,4,20,1,2.3168809437263,FALSE,0,2
C1R,2023.28781375663,1722.8159223783,300.471891378325,67,100.5,1722.8159223783,2023.28781375663,100.5,67,300.471891378325,1.15109661244864,0.191979382308512,NS,1.32450207191324,0.179310755408064,NS,4,4,20,1,3.99260397399203,TRUE,6,3
C1S,2343.88810438797,1896.35780836281,447.530296025153,48,94,1896.35780836282,2343.88810438797,94,48,447.530296025155,1.25832513399885,0.1676010161936,NS,1.44009332802894,0.170785450517707,NS,4,4,20,1,4.19163159092186,TRUE,6,4
CCL11,243.972202322615,4215.34515781151,-3971.3729554889,227.5,149,4215.34515781151,243.972202322615,149,227.5,-3971.3729554889,0.606840183395927,0.724583132976225,NS,-0.0909482790620127,0.97143300269638,NS,1,1,16,4,0.0973492190553391,FALSE,0,1
CCL13,279.96855075242,575.009877259614,-295.041326507194,270,274,575.009877259613,279.96855075242,274,270,-295.041326507193,1.16529676194007,0.277741645374179,NS,1.23463638449767,0.285549729244116,NS,0,0,13,3,0.0749134643767929,FALSE,0,1
CCL14,1457.65726589684,2043.01237401611,-585.355108119263,100,81,2043.01237401611,1457.65726589685,81,100,-585.355108119265,1.30212203738541,0.138344244645954,NS,1.4372434956557,0.135413660134328,NS,5,8,19,11,4.52009891940796,TRUE,1,3
CCL15,840.52747309783,3362.80221103716,-2522.27473793933,168.5,57.5,3362.80221103715,840.527473097829,57.5,168.5,-2522.27473793933,1.1630542351825,0.19410921908137,NS,1.07401188953248,0.247790261602352,NS,4,1,20,1,1.72404657015315,FALSE,0,1
CCL16,2212.44343754868,4916.84406743881,-2704.40062989013,50.5,21,4916.84406743882,2212.44343754868,21,50.5,-2704.40062989013,1.26795411856441,0.19410921908137,NS,1.34032252978767,0.182197411949472,NS,6,6,20,1,4.85533757954683,TRUE,3,3
CCL19,8116.20944637303,8829.2310284497,-713.021582076668,6,3.5,8829.23102844971,8116.20944637303,3.5,6,-713.021582076681,1.42809389192709,0.11833349968556,NS,1.77707554310365,0.134281899226861,NS,10,9,19,16,1.42639015778744,FALSE,0,3
CCL2,4879.23132596833,2406.54298471469,2472.68834125364,22,61.5,2406.54298471469,4879.23132596833,61.5,22,2472.68834125364,-1.20331763660284,0.203893934882143,NS,-1.27965014350606,0.24105501144383,NS,5,3,17,8,1.78772369754467,FALSE,0,3
CCL20,2901.5238178661,3743.13930392649,-841.615486060395,74,34,3743.13930392649,2901.5238178661,34,74,-841.615486060394,-0.614421142384179,0.400099907494168,NS,-0.620306361086984,0.429132999113078,NS,0,0,20,17,0.523724055438157,FALSE,0,1
CCL21,6131.58668230787,3106.06242919259,3025.52425311528,15,41,3106.0624291926,6131.58668230788,41,15,3025.52425311528,0.176491358888898,0.776284149496565,NS,0.460615156965346,0.497914069336923,NS,9,11,18,4,1.23692562023331,FALSE,0,3
CCL26,4.88188057190377,105.576031555934,-100.69415098403,354,354,105.576031555934,4.88188057190377,354,354,-100.69415098403,1.18344124384782,0.366639005636675,NS,0.684239926315866,0.755432482850272,NS,0,0,12,21,0.0300540169009561,FALSE,0,1
CCL28,234.415882451068,2013.28745100374,-1778.87156855267,236,151,2013.28745100374,234.415882451068,151,236,-1778.87156855267,-0.802571322393512,0.393415350971915,NS,-1.50815122793676,0.301726714534114,NS,2,1,17,8,2.41799661687323,TRUE,1,2
CCL3,546.719579013737,1018.38683347926,-471.667254465525,188.5,191.5,1018.38683347926,546.719579013738,191.5,188.5,-471.667254465526,-0.634368201979516,0.432411923966059,NS,-0.666806976739922,0.494092218308791,NS,0,0,20,17,0.555214879677771,FALSE,0,1
CCL3L1,459.950189113537,745.666033845551,-285.715844732015,215.5,242.5,745.666033845553,459.950189113537,242.5,215.5,-285.715844732017,-1.76388794870907,0.144570890977429,NS,-1.62086383226664,0.170785450517707,NS,1,0,21,17,0.605026183620998,FALSE,0,1
CCL4,2841.62898382572,1534.3240126947,1307.30497113102,61,112.5,1534.32401269471,2841.62898382573,112.5,61,1307.30497113102,-0.500206076131485,0.38896644114422,NS,-0.279488620168591,0.686233049161976,NS,5,6,20,17,2.12146166525291,FALSE,0,2
CCL5,1168.07176084712,1227.72983219836,-59.6580713512433,126,164,1227.72983219837,1168.07176084712,164,126,-59.6580713512449,-0.634861116513647,0.360676402815116,NS,-0.600508432601321,0.429132999113078,NS,4,5,21,2,2.62309691932446,TRUE,1,3
CCL7,872.627158125066,819.176349090876,53.4508090341902,195,240.5,819.176349090879,872.627158125065,240.5,195,53.4508090341858,1.22406599607044,0.366051228143835,NS,1.91851489565391,0.216078646116711,NS,1,1,7,21,0.0271964951727833,FALSE,0,1
CCL8,8291.89805797851,6964.88987728852,1327.00818068999,11,9.5,6964.88987728852,8291.8980579785,9.5,11,1327.00818068998,0.309605037788007,0.761551709318421,NS,0.534530856691406,0.6016331577281,NS,1,2,17,3,0.28213311726429,FALSE,0,2
CCND1,2477.73791433345,3235.03254707954,-757.294632746089,45.5,38.5,3235.03254707954,2477.73791433345,38.5,45.5,-757.29463274609,0.519965172860855,0.362234706954757,NS,0.645396860603344,0.297409289082605,NS,5,5,19,1,3.60147462169394,TRUE,5,4
CCR1,1878.30818871752,1268.38255844758,609.925630269949,67.5,155.5,1268.38255844758,1878.30818871752,155.5,67.5,609.925630269945,-0.0441367690416594,0.958439516512195,NS,0.129102306098507,0.873019924697192,NS,4,3,21,3,2.75189445428211,FALSE,0,2
CCR2,891.344862056049,1549.03545629214,-657.690594236095,155,113.5,1549.03545629215,891.344862056051,113.5,155,-657.690594236094,-1.41604026949522,0.142131651233587,NS,-1.69354304129644,0.135413660134328,NS,3,4,18,9,1.81366898609796,FALSE,0,2
CCR3,1.37153381736619,18.0759352977656,-16.7044014803994,359.5,372,18.0759352977656,1.37153381736619,372,359.5,-16.7044014803994,0.882580082829958,0.585675472056449,NS,0.124995303905524,0.969906633938882,NS,2,0,8,16,0.0302750748886695,FALSE,0,1
CCR4,405.813174857021,1082.75509237362,-676.941917516597,211,195,1082.75509237362,405.813174857021,195,211,-676.941917516596,-0.461475973006603,0.539920767179421,NS,-0.811755289307646,0.345616662093373,NS,4,5,20,7,1.22106692669409,FALSE,0,2
CCR5,424.074375543785,426.056222395346,-1.98184685156059,205.5,284.5,426.056222395346,424.074375543785,284.5,205.5,-1.98184685156104,-0.579924030443189,0.400316199670092,NS,-0.520306965271727,0.559975673530066,NS,2,0,21,2,0.927630108108285,FALSE,0,1
CCR6,78.4796286951091,231.585169626641,-153.105540931532,326,319,231.585169626641,78.4796286951092,319,326,-153.105540931532,-0.186147807754498,0.865325381527565,NS,-0.414260460023249,0.755432482850272,NS,0,0,15,16,0.540495258004474,FALSE,0,1
CCR7,789.095851460793,3171.34119593817,-2382.24534447738,160.5,53.5,3171.34119593817,789.095851460794,53.5,160.5,-2382.24534447738,-0.367760192876852,0.75897499134542,NS,-0.907372470424111,0.545846255555826,NS,2,2,21,7,0.76902120654578,FALSE,0,1
CD14,776.306214754165,1153.11564720533,-376.809432451162,161.5,190,1153.11564720533,776.306214754167,190,161.5,-376.809432451158,0.844559422126999,0.227418930031491,NS,1.03824766198558,0.193857695494479,NS,4,3,18,1,1.14412563918053,FALSE,0,2
CD163,1914.41046242203,1531.33155621972,383.07890620231,63,118.5,1531.33155621972,1914.41046242203,118.5,63,383.07890620231,0.96739157989675,0.14969970327237,NS,1.19720615070775,0.135413660134328,NS,7,8,20,3,4.31462727513842,TRUE,4,3
CD19,444.881997541088,1952.92707307893,-1508.04507553784,221.5,84,1952.92707307893,444.881997541088,84,221.5,-1508.04507553784,-1.04607798817459,0.321550794588214,NS,-1.48725811189291,0.215583163999995,NS,2,4,20,16,2.31088587421017,TRUE,1,3
CD1A,0.337979987814946,153.938046395155,-153.60006640734,365.5,334.5,153.938046395156,0.337979987814945,334.5,365.5,-153.600066407341,0.575692366597116,0.761551709318421,NS,-0.845557119266875,0.755432482850272,NS,1,0,10,16,0.0632753335637566,FALSE,0,1
CD1C,25.5169681441548,2718.47321965816,-2692.956251514,337,51.5,2718.47321965816,25.5169681441548,51.5,337,-2692.95625151401,-1.60672597618898,0.19410921908137,NS,-2.32189420176779,0.134281899226861,NS,3,3,18,16,0.584969026137416,FALSE,0,2
CD2,2770.86923465027,1231.47864949491,1539.39058515536,38,164,1231.47864949491,2770.86923465027,164,38,1539.39058515536,-0.546165319990802,0.373321396466495,NS,-0.407687691107422,0.54267185557637,NS,8,10,21,2,3.75884226532163,TRUE,4,4
CD247,1246.97232605054,786.428964760899,460.543361289641,119,245,786.428964760899,1246.97232605054,245,119,460.543361289642,-0.666325165370911,0.30524847444385,NS,-0.694681776397888,0.334611838312754,NS,6,8,20,2,2.02275732119995,FALSE,0,2
CD27,202.314551883901,1285.68882252734,-1083.37427064344,243.5,151,1285.68882252735,202.314551883901,151,243.5,-1083.37427064344,-1.17195732738088,0.19410921908137,NS,-1.3793572017281,0.179310755408064,NS,2,1,19,9,2.16475709724935,FALSE,0,1
CD274,155.728965614572,429.350062154717,-273.621096540145,258.5,289.5,429.350062154717,155.728965614573,289.5,258.5,-273.621096540144,0.0853327625106397,0.926202895548112,NS,-0.103268737364604,0.899986441419207,NS,1,0,16,3,0.591116148935251,FALSE,0,1
CD276,292.09260174706,1297.65588625558,-1005.56328450852,237.5,154,1297.65588625558,292.092601747061,154,237.5,-1005.56328450852,0.51419687146281,0.396374443692487,NS,0.410219043401142,0.555755332324005,NS,4,3,21,1,1.46090655562673,FALSE,0,2
CD28,894.604958356647,1080.7332199638,-186.128261607154,147,201,1080.7332199638,894.604958356649,201,147,-186.128261607152,-0.778387213672703,0.245154740084832,NS,-1.06213289911669,0.181263469539558,NS,3,7,21,7,2.46860334195306,TRUE,1,3
CD37,144.658785165818,66.4729244581259,78.1858607076924,263.5,351.5,66.4729244581259,144.658785165819,351.5,263.5,78.1858607076926,-0.200918225970747,0.818113385527854,NS,0.251250709076538,0.824521536309264,NS,0,0,20,16,0.769831068461,FALSE,0,1
CD38,1297.41654544067,1204.69518667052,92.7213587701476,112,172.5,1204.69518667052,1297.41654544067,172.5,112,92.7213587701462,-0.742451277207752,0.25008372780889,NS,-0.885868986957711,0.27573214485575,NS,4,4,20,9,3.69999738957393,TRUE,1,3
CD3D,1565.59738966083,1142.60210747651,422.995282184323,105.5,186.5,1142.60210747651,1565.59738966083,186.5,105.5,422.995282184325,-0.611293578545706,0.30852719682123,NS,-0.584108159929777,0.364680076520345,NS,6,5,20,2,2.11059674171699,FALSE,0,2
CD3E,2687.35484250755,1231.73443784628,1455.62040466128,37,165,1231.73443784628,2687.35484250756,165,37,1455.62040466128,-0.67503990233632,0.277195204766665,NS,-0.677100183720606,0.297409289082605,NS,7,10,20,2,3.06979844156831,TRUE,3,4
CD4,772.63694581168,1142.41688697478,-369.779941163105,162.5,192.5,1142.41688697479,772.63694581168,192.5,162.5,-369.779941163105,-0.0751137498504076,0.905717806647715,NS,-0.0973815018333007,0.877613178155577,NS,4,7,18,3,2.60657342976081,FALSE,0,2
CD40,76.2265419705047,764.350409601045,-688.12386763054,293.5,248,764.350409601045,76.2265419705047,248,293.5,-688.12386763054,0.0873061276560175,0.905099574965767,NS,-0.23773542127911,0.755432482850272,NS,4,0,19,21,0.734478614048446,FALSE,0,1
CD40LG,1361.07314257395,549.275199592958,811.797942980994,158,276,549.275199592958,1361.07314257395,276,158,811.797942980995,-0.177381945740861,0.856300260787222,NS,-0.423013915128885,0.658088266082244,NS,2,5,20,7,1.19167360936902,FALSE,0,2
CD44,608.952320812896,800.683686093777,-191.731365280881,175.5,241.5,800.683686093778,608.952320812896,241.5,175.5,-191.731365280882,-0.831433172114235,0.200957633904563,NS,-1.14517715157741,0.166067182459325,NS,4,3,19,7,1.28508930016553,FALSE,0,2
CD47,619.131434961057,1193.76423012375,-574.632795162695,172,171.5,1193.76423012376,619.131434961058,171.5,172,-574.632795162698,-0.0567488359151512,0.937160224618147,NS,-0.149048922616698,0.82164775414203,NS,4,6,19,12,2.72948506174516,FALSE,0,2
CD68,1456.70238396892,1324.69266053911,132.009723429811,98.5,148.5,1324.69266053911,1456.70238396893,148.5,98.5,132.009723429815,0.0356389121390438,0.965139611964966,NS,0.0731240752777571,0.908076623294166,NS,4,4,18,3,2.81220162610717,FALSE,0,2
CD74,1770.89942017585,1779.66893304363,-8.76951286778376,77,95,1779.66893304364,1770.89942017585,95,77,-8.7695128677849,-0.798159477368759,0.19410921908137,NS,-0.733651180261411,0.268256601097207,NS,5,7,17,10,3.09004950038778,TRUE,1,3
CD79A,1288.64013519014,2371.42939733512,-1082.78926214498,113,69.5,2371.42939733512,1288.64013519014,69.5,113,-1082.78926214498,-1.55138763279312,0.217085459009529,NS,-1.44495174427752,0.286808030446283,NS,3,2,21,16,1.97615023657294,FALSE,0,1
CD79B,31.6943338839056,136.428338529028,-104.734004645123,316.5,337.5,136.428338529028,31.6943338839056,337.5,316.5,-104.734004645122,-0.789651152599266,0.432411923966059,NS,-0.887046009287117,0.514574446284945,NS,2,1,16,16,0.759842372379155,FALSE,0,1
CD80,53.7842753185522,966.464333955973,-912.680058637421,300.5,226.5,966.464333955973,53.7842753185522,226.5,300.5,-912.680058637421,-1.19506116278502,0.19410921908137,NS,-1.64674061470535,0.140267211208147,NS,2,0,21,3,1.64833120200819,FALSE,0,1
CD83,528.821726053317,2199.10116926834,-1670.27944321502,185.5,71,2199.10116926834,528.821726053317,71,185.5,-1670.27944321502,-1.28598197234707,0.19410921908137,NS,-1.69212356263545,0.166067182459325,NS,1,0,17,3,0.716624937881595,FALSE,0,1
CD86,1129.0047361941,1182.04644566621,-53.0417094721095,125,181,1182.04644566621,1129.0047361941,181,125,-53.0417094721142,-0.49476408987907,0.38896644114422,NS,-0.574142351629108,0.381078088460393,NS,4,2,20,3,2.3132812469735,FALSE,0,1
CD8A,2740.30991933865,1439.70580407268,1300.60411526597,41,125,1439.70580407268,2740.30991933866,125,41,1300.60411526598,-0.71966770247251,0.268106753896163,NS,-0.650262387344405,0.321781120476963,NS,9,8,20,2,3.90941808501194,TRUE,3,4
CD8B,380.784842031061,950.889757081776,-570.104915050715,220,214.5,950.889757081774,380.784842031061,214.5,220,-570.104915050713,-0.553395130497412,0.449023888426414,NS,-0.594819921965793,0.581949892237513,NS,4,4,21,2,1.94704333644443,FALSE,0,2
CDK1,952.823511613544,2208.09710005787,-1255.27358844432,139,69.5,2208.09710005786,952.823511613545,69.5,139,-1255.27358844432,-0.800062442418563,0.360676402815116,NS,-0.912842390837302,0.364680076520345,NS,1,0,16,18,3.89715458089377,TRUE,2,2
CDK12,231.739068957135,744.244559095977,-512.505490138842,266,248.5,744.244559095977,231.739068957135,248.5,266,-512.505490138842,0.471297702852628,0.427830529252495,NS,0.552722824009664,0.415004581409367,NS,4,4,18,1,1.85809901735613,FALSE,0,2
CDK2,102.074159167429,310.990590689159,-208.91643152173,302.5,305.5,310.990590689159,102.074159167429,305.5,302.5,-208.91643152173,0.52325896939335,0.397037455417554,NS,0.438165328971883,0.581949892237513,NS,4,0,17,18,2.08540746712352,FALSE,0,1
CDK4,135.629281556751,244.308384961266,-108.679103404516,299,316,244.308384961267,135.629281556751,316,299,-108.679103404516,0.407595181246039,0.465594296247079,NS,0.411067559037563,0.559975673530066,NS,4,0,17,18,1.20837684547161,FALSE,0,1
CDK6,262.37630090136,404.958785423296,-142.582484521936,280,295,404.958785423296,262.37630090136,295,280,-142.582484521936,0.0650470688010706,0.937160224618147,NS,-0.0434311550576113,0.961574830736702,NS,4,0,18,21,0.822964767846938,FALSE,0,1
CDKN1A,895.853883623781,1854.86896851186,-959.015084888076,147,99.5,1854.86896851186,895.853883623781,99.5,147,-959.015084888074,1.30790594245263,0.11833349968556,NS,1.32611755222735,0.135413660134328,NS,4,2,20,1,1.47643577358358,FALSE,0,1
CDKN1B,101.35338991267,386.765444749035,-285.412054836365,291.5,291.5,386.765444749036,101.353389912671,291.5,291.5,-285.412054836365,0.360877829070993,0.491397586976075,NS,0.284892335966353,0.684404196078205,NS,4,4,17,18,1.5407748779177,FALSE,0,2
CDKN1C,11.914105378156,79.2204498620688,-67.3063444839128,353,358,79.2204498620688,11.914105378156,358,353,-67.3063444839128,0.913401167230112,0.38896644114422,NS,1.038023674421,0.494092218308791,NS,0,0,18,4,0.158285019016852,FALSE,0,1
CDKN2A,5.1885065778561,19.4121894689961,-14.22368289114,352,369,19.4121894689961,5.1885065778561,369,352,-14.22368289114,-0.69621458478009,0.443246813194287,NS,-0.517665471828479,0.684404196078205,NS,0,0,16,18,0.309725783671349,FALSE,0,1
CDKN2B,29.6298976839383,454.84541653578,-425.215518851842,327,296.5,454.84541653578,29.6298976839383,296.5,327,-425.215518851842,0.380927064918751,0.664824246320348,NS,0.381202380109666,0.746562357701788,NS,0,0,15,8,0.298051210740979,FALSE,0,1
CDKN2C,118.309586467303,300.047346353994,-181.737759886691,275.5,306.5,300.047346353994,118.309586467303,306.5,275.5,-181.737759886691,-0.14746675976025,0.865325381527565,NS,-0.116002723468864,0.899986441419207,NS,1,0,15,18,2.28213573333182,FALSE,0,1
CDKN2D,18.3893064182512,18.5991839324613,-0.209877514210138,342,367.5,18.5991839324614,18.3893064182512,367.5,342,-0.209877514210142,0.321275674844536,0.725588449105088,NS,0.340153306533982,0.774586105677713,NS,0,0,18,19,0.404444107804755,FALSE,0,1
CDX1,0.542047628536356,20.6926313522332,-20.1505837236968,363.5,367.5,20.6926313522332,0.542047628536355,367.5,363.5,-20.1505837236968,1.18758067975791,0.521897736848232,NS,0.0755531739374667,0.97156944010475,NS,3,2,11,4,0.0324400581440446,FALSE,0,1
CDX2,0.0535706894929233,0.542461969132478,-0.488891279639554,367,379,0.542461969132478,0.0535706894929235,379,367,-0.488891279639554,1.74813233750843,0.344604877747718,NS,2.58186443532898,0.297409289082605,NS,1,2,6,1,0.0295403028342717,FALSE,0,1
CEACAM1,972.398808381508,1938.18656558712,-965.787757205615,142,88.5,1938.18656558713,972.398808381508,88.5,142,-965.787757205617,0.61370105607575,0.400316199670092,NS,0.438314925432519,0.609817970000134,NS,4,4,20,1,2.35257917688697,FALSE,0,2
CEACAM6,123.710930523699,1501.73763777952,-1378.02670725582,276.5,170.5,1501.73763777952,123.710930523699,170.5,276.5,-1378.02670725582,0.736315131915633,0.533973693721511,NS,0.807876957139985,0.536516572847056,NS,0,0,11,8,0.0696669073757861,FALSE,0,1
CEACAM8,285.314270641421,1403.43893977617,-1118.12466913475,263.5,166,1403.43893977617,285.314270641422,166,263.5,-1118.12466913475,0.322940793155685,0.686943446996012,NS,-0.113183702880268,0.899986441419207,NS,2,0,20,1,0.950791489524657,FALSE,0,1
CENPF,202.625494013615,2063.66435784258,-1861.03886382897,244,114,2063.66435784258,202.625494013615,114,244,-1861.03886382897,-0.693954010054713,0.400316199670092,NS,-1.06917491767029,0.301726714534114,NS,0,0,14,18,2.6728732514429,TRUE,1,2
CENPV,388.605834765315,1895.12600146813,-1506.52016670281,234,98.5,1895.12600146813,388.605834765315,98.5,234,-1506.52016670282,0.580057489191605,0.465594296247079,NS,0.304890503950869,0.774586105677713,NS,4,1,20,18,2.21575225491162,FALSE,0,1
CFC1,16.5620066590008,32.499872505214,-15.9378658462133,338,359.5,32.499872505214,16.5620066590008,359.5,338,-15.9378658462133,1.61628187637463,0.378370601218252,NS,3.27875401599876,0.181288305479495,NS,0,1,7,21,0.041925094769467,FALSE,0,1
CHIT1,121.5403051054,7557.85827728076,-7436.31797217536,279,6,7557.85827728076,121.5403051054,6,279,-7436.31797217536,-1.00861212586326,0.431678255986824,NS,-2.09699466785396,0.168112288920006,NS,1,2,15,3,0.170704118260952,FALSE,0,1
CLEC10A,428.53739268807,1299.20129538485,-870.66390269678,218.5,147,1299.20129538485,428.53739268807,147,218.5,-870.66390269678,-0.882765536655858,0.215423692966148,NS,-1.44472459672375,0.166067182459325,NS,2,2,17,3,0.975651083681522,FALSE,0,1
CLEC12A,891.624465228728,1170.52842884367,-278.903963614943,146.5,185,1170.52842884367,891.624465228726,185,146.5,-278.903963614944,-0.430867779166006,0.436653518171044,NS,-0.40824726308023,0.555755332324005,NS,4,3,21,3,2.5151392506338,TRUE,1,3
CMKLR1,1476.55577452585,1241.57856906217,234.97720546368,97,166,1241.57856906217,1476.55577452585,166,97,234.97720546368,0.151614173079467,0.800113136767332,NS,0.273027219252116,0.686233049161976,NS,4,4,20,3,2.81967152733407,FALSE,0,2
CORO1A,2158.86605209191,1053.55927691719,1105.30677517473,56.5,208.5,1053.55927691718,2158.86605209191,208.5,56.5,1105.30677517473,-0.420306715460252,0.481105580179522,NS,-0.386368354231739,0.582858326850236,NS,6,7,21,19,2.61397388886721,TRUE,3,3
COTL1,550.039783171613,892.498009589654,-342.458226418041,182,227,892.498009589652,550.039783171613,227,182,-342.458226418039,-0.391743043960499,0.465594296247079,NS,-0.475262701397564,0.460112864000344,NS,4,2,20,19,1.70790246797463,FALSE,0,1
CPA3,515.596510741556,6722.5660741262,-6206.96956338465,189.5,38,6722.5660741262,515.596510741556,38,189.5,-6206.96956338464,-0.0229232714856118,0.983236524530033,NS,-0.316143015192993,0.801840474376332,NS,3,7,13,14,0.281350184396286,FALSE,0,2
CSF1,128.144686567981,781.730696323764,-653.586009755783,268.5,241.5,781.730696323761,128.144686567981,241.5,268.5,-653.58600975578,-0.167293777098274,0.780203164614691,NS,-0.316901645960762,0.626311063892743,NS,4,3,21,11,1.40978603929663,FALSE,0,2
CSF1R,1945.61961167376,1260.79448957505,684.825122098715,61.5,158,1260.79448957505,1945.61961167376,158,61.5,684.82512209871,-0.754786070066444,0.212519575962459,NS,-0.812549874381405,0.24105501144383,NS,5,5,20,3,3.94893565384145,TRUE,2,3
CST7,111.970866776069,371.593597839269,-259.6227310632,274.5,298,371.593597839269,111.970866776069,298,274.5,-259.6227310632,-0.633559464170113,0.396374443692487,NS,-0.555574289565223,0.518629154556432,NS,2,1,21,2,1.2377211771052,FALSE,0,1
CTLA4,812.258398055908,1416.77932707175,-604.520929015843,171,137,1416.77932707175,812.258398055907,137,171,-604.520929015844,-0.884110426372408,0.245274556909489,NS,-0.956470983420489,0.244811288255887,NS,5,4,19,17,1.1736468383235,FALSE,0,2
CTNNB1,647.423659645436,1074.91855935765,-427.49489971221,192.5,206,1074.91855935765,647.423659645437,206,192.5,-427.494899712213,0.683836642907517,0.261415829365353,NS,0.803399165890668,0.247790261602352,NS,4,5,20,12,2.35157839085625,FALSE,0,2
CTSB,1000.42219796981,1582.96415690727,-582.541958937456,137.5,110,1582.96415690727,1000.42219796982,110,137.5,-582.541958937455,0.271086581763541,0.666951991216339,NS,0.209644348027393,0.799005910263589,NS,4,4,17,3,2.75304502591724,FALSE,0,2
CTSD,1388.20759824435,1898.07611378338,-509.868515539026,103,92.5,1898.07611378338,1388.20759824435,92.5,103,-509.868515539022,0.191996251709608,0.747199952384299,NS,0.267557106450329,0.685153122660478,NS,4,4,19,12,3.34023820630947,FALSE,0,2
CTSL,469.014169049305,1501.63074176156,-1032.61657271225,202.5,124.5,1501.63074176155,469.014169049305,124.5,202.5,-1032.61657271225,0.322379643152815,0.611763568577699,NS,0.140369602837421,0.866690653396729,NS,4,1,18,11,2.03760400360166,TRUE,1,2
CTSS,1530.13706333079,1203.73655205311,326.400511277675,92.5,173.5,1203.73655205312,1530.13706333079,173.5,92.5,326.40051127767,-0.638275347457593,0.277195204766665,NS,-0.886796117561527,0.238142476404972,NS,4,3,18,3,2.56514162604369,FALSE,0,2
CTSW,49.704992976275,160.372521766749,-110.667528790474,308.5,330,160.372521766749,49.704992976275,330,308.5,-110.667528790474,-0.891641781436524,0.279570030224344,NS,-0.948202333286773,0.297409289082605,NS,1,1,21,2,1.00014245123124,FALSE,0,1
CX3CR1,43.2056578852651,830.849344605213,-787.643686719948,311.5,240,830.849344605213,43.2056578852652,240,311.5,-787.643686719948,-1.46003704655119,0.19410921908137,NS,-1.9485523713402,0.168112288920006,NS,0,0,19,5,0.302932061753828,FALSE,0,1
CXCL1,4023.90714615744,5199.32143609009,-1175.41428993265,57,17,5199.32143609009,4023.90714615744,17,57,-1175.41428993265,-0.89850785587701,0.322308877076631,NS,-1.05358527062759,0.297265653667959,NS,3,2,20,8,3.0378793623275,TRUE,1,2
CXCL10,5205.40832944959,3929.3153898162,1276.09293963338,21,30.5,3929.31538981621,5205.40832944959,30.5,21,1276.09293963338,-0.870762757780113,0.215423692966148,NS,-0.805688190371124,0.297409289082605,NS,8,8,21,17,2.81125530740491,TRUE,1,4
CXCL11,5276.42563425211,2977.42742208043,2298.99821217168,19,46.5,2977.42742208044,5276.42563425211,46.5,19,2298.99821217168,0.527149375377206,0.435730795110699,NS,0.801102579132536,0.364680076520345,NS,5,5,20,17,1.42177468940966,FALSE,0,3
CXCL12,1261.44370862041,1656.71522494446,-395.271516324056,117.5,116,1656.71522494446,1261.44370862041,116,117.5,-395.27151632406,-0.599003519218876,0.321550794588214,NS,-0.557484852131866,0.369045678196292,NS,7,7,19,4,4.1071139585343,TRUE,1,3
CXCL13,3478.0294597655,2902.60387389446,575.425585871043,52.5,48.5,2902.60387389446,3478.0294597655,48.5,52.5,575.425585871045,0.724413703244738,0.427830529252495,NS,1.08617436809386,0.338359181139152,NS,5,5,19,19,0.972872753668196,FALSE,0,2
CXCL14,1916.12306116897,3082.58868788144,-1166.46562671247,79,55,3082.58868788144,1916.12306116897,55,79,-1166.46562671248,-0.131012238854159,0.865325381527565,NS,0.0542478926214059,0.961510018590414,NS,9,10,20,4,2.46530930709808,TRUE,1,3
CXCL16,196.970104710795,1274.52658728126,-1077.55648257046,253.5,172,1274.52658728126,196.970104710795,172,253.5,-1077.55648257046,-0.0166886317313855,0.983236524530033,NS,-0.212040486286702,0.778624235621528,NS,4,0,17,3,1.18446232259524,FALSE,0,1
CXCL2,53.2598962644175,535.017821436351,-481.757925171933,301.5,279,535.017821436351,53.2598962644176,279,301.5,-481.757925171934,-0.341054487791838,0.810200689563269,NS,-1.28111253376004,0.45268627505259,NS,0,0,18,18,0.216270310322752,FALSE,0,1
CXCL3,646.074938089257,3386.00084534608,-2739.92590725683,168.5,45.5,3386.00084534609,646.074938089257,45.5,168.5,-2739.92590725683,-0.275864653643425,0.771478151332435,NS,-0.264441937493656,0.778624235621528,NS,0,0,15,8,0.491595758011597,FALSE,0,1
CXCL5,1917.13222473835,6071.0259640154,-4153.89373927705,83,169.5,6071.02596401541,1917.13222473835,169.5,83,-4153.89373927706,-0.415231960265688,0.814132250284943,NS,-0.418411346202251,0.866690653396729,NS,2,2,20,8,1.79535222697539,FALSE,0,1
CXCL6,14399.9490771219,8210.17332709584,6189.77575002607,2.5,4.5,8210.17332709584,14399.9490771219,4.5,2.5,6189.77575002606,-1.86480475511654,0.0805976118974186,NS,-1.93451756796363,0.100602248544591,NS,8,9,21,8,6.20849602958151,TRUE,1,4
CXCL9,4709.13803767147,3422.61131529406,1286.52672237741,28,41,3422.61131529406,4709.13803767147,41,28,1286.52672237741,0.10042385584993,0.905717806647715,NS,0.21473139071313,0.813099018170942,NS,5,8,21,17,2.17242643094239,TRUE,1,4
CXCR1,305.389462217674,412.427885848056,-107.038423630382,259,295.5,412.427885848056,305.389462217674,295.5,259,-107.038423630382,0.442936329114322,0.703049474816166,NS,0.63273086354024,0.651092622946067,NS,4,5,16,5,0.240675620760862,TRUE,1,3
CXCR2,615.029335234608,1054.25949113547,-439.230155900864,183.5,202.5,1054.25949113547,615.029335234608,202.5,183.5,-439.230155900865,-0.24034478441633,0.703049474816166,NS,-0.188634237125731,0.800043614014427,NS,4,2,19,3,2.0057620273082,FALSE,0,1
CXCR3,22.0369886739288,89.2774650583149,-67.2404763843862,332,346.5,89.2774650583148,22.0369886739288,346.5,332,-67.240476384386,-0.821125934843278,0.396374443692487,NS,-0.743466831274671,0.559975673530066,NS,0,0,20,19,0.537395075129063,FALSE,0,1
CXCR4,873.351056865634,428.110916203228,445.240140662406,149,289.5,428.110916203228,873.351056865634,289.5,149,445.240140662406,0.0323547153393042,0.975470461369298,NS,0.288635825093238,0.778624235621528,NS,2,5,20,16,0.55722537698508,FALSE,0,2
CXCR5,317.610333584173,1948.23818213009,-1630.62784854592,261.5,84,1948.23818213009,317.610333584173,84,261.5,-1630.62784854592,-0.289254432675733,0.811990169839141,NS,-0.916653285369294,0.522463237455824,NS,1,2,20,16,0.8934820047828,FALSE,0,1
CXCR6,894.816486591175,970.318474406104,-75.5019878149287,160.5,207.5,970.318474406105,894.816486591176,207.5,160.5,-75.5019878149295,-0.540745082336175,0.382493967187028,NS,-0.551099339021284,0.424419370132935,NS,3,5,21,2,1.92065589152506,FALSE,0,2
DCN,1588.59255129213,1737.86982856314,-149.277277271011,91,102.5,1737.86982856314,1588.59255129212,102.5,91,-149.27727727101,-0.341301143744561,0.621672879153416,NS,-0.306796163135663,0.684146865428889,NS,9,10,19,4,5.13271470938278,TRUE,1,3
DERL3,42.5491159321222,2006.21617156603,-1963.66705563391,334,80,2006.21617156603,42.5491159321222,80,334,-1963.66705563391,-1.42937906998082,0.144570890977429,NS,-2.43549833962736,0.0716132842972045,NS,2,2,20,9,3.14833510750337,FALSE,0,1
DGKA,2009.54424630911,934.467142220835,1075.07710408828,62,219,934.467142220836,2009.54424630912,219,62,1075.07710408828,-0.697572465609078,0.325859877825161,NS,-0.806569041063989,0.297409289082605,NS,6,8,21,7,3.23300192939964,TRUE,1,3
DMBT1,13.2655232397788,2087.51913335346,-2074.25361011368,336,196.5,2087.51913335346,13.2655232397789,196.5,336,-2074.25361011368,0.524424266786598,0.780203164614691,NS,-0.499674307586078,0.866690653396729,NS,1,0,11,8,0.119328676567252,FALSE,0,1
DUSP2,172.321290602697,316.654446232889,-144.333155630192,254.5,308.5,316.654446232889,172.321290602697,308.5,254.5,-144.333155630192,-0.21874552951447,0.82414030348144,NS,-0.320998685267696,0.760292987858111,NS,0,0,20,17,0.532598004760401,FALSE,0,1
EGF,2.46772114378512,21.3072764285101,-18.839555284725,355,365.5,21.3072764285101,2.46772114378512,365.5,355,-18.839555284725,1.61294726403244,0.395766460267399,NS,,,,1,1,6,1,0.0243379529631229,FALSE,0,1
EGFR,780.619217095007,2124.64601384014,-1344.02679674513,152.5,75.5,2124.64601384014,780.619217095006,75.5,152.5,-1344.02679674513,0.809403643131422,0.325257769079301,NS,0.615581905366084,0.498023469705913,NS,4,4,20,1,2.86200418797723,FALSE,0,2
EGR3,1089.26507896529,2245.63965698608,-1156.3745780208,140.5,70.5,2245.63965698608,1089.26507896528,70.5,140.5,-1156.3745780208,-0.232516706466969,0.810173242397558,NS,-0.357406783950095,0.688226238386968,NS,0,2,17,3,0.162685276292359,FALSE,0,1
ENTPD1,1047.07068024019,689.250840843182,357.819839397006,134.5,256,689.250840843182,1047.07068024019,256,134.5,357.819839397008,-0.143385356846668,0.82884592206157,NS,-0.0249362019827959,0.97156944010475,NS,4,3,18,3,1.73888652966234,FALSE,0,2
EOMES,81.0844161559749,436.105794175764,-355.021378019789,295,287.5,436.105794175764,81.0844161559749,287.5,295,-355.021378019789,-1.54632288055119,0.11833349968556,NS,-2.07407774259584,0.131714194500119,NS,2,1,20,2,1.45611189053937,FALSE,0,1
EPCAM,11593.4381602297,10976.4377733206,617.000386909082,5.5,1,10976.4377733206,11593.4381602297,1,5.5,617.000386909096,-1.03044837797568,0.354905629850446,NS,-1.17653963251267,0.329822261102296,NS,4,5,21,8,4.14271710476372,TRUE,1,4
EPO,3.64340602840578,2059.44984509783,-2055.80643906942,351.5,195.5,2059.44984509783,3.64340602840578,195.5,351.5,-2055.80643906943,-0.442617858409347,0.74645268048015,NS,-1.64687390773394,0.383509390001446,NS,0,0,18,1,0.141184273884683,FALSE,0,1
EPOR,58.8395994887177,268.093255008446,-209.253655519728,312,314.5,268.093255008446,58.8395994887177,314.5,312,-209.253655519728,1.00444730367762,0.203893934882143,NS,1.26332693916592,0.172091303171305,NS,4,1,21,11,1.78474736691761,FALSE,0,1
ERBB2,1305.74655944775,1718.84202017348,-413.095460725731,113,101,1718.84202017349,1305.74655944775,101,113,-413.095460725735,1.26863040459544,0.144570890977429,NS,1.44481244533244,0.170785450517707,NS,4,5,20,1,3.15836475215437,TRUE,1,3
ERBB3,1562.12608322116,2911.20567350974,-1349.07959028858,92,49.5,2911.20567350974,1562.12608322117,49.5,92,-1349.07959028857,1.45122247424769,0.153818787702785,NS,1.56072565377368,0.170785450517707,NS,4,6,20,1,4.1839696407854,TRUE,2,3
ERBB4,0,20.6747606015095,-20.6747606015095,368,370.5,20.6747606015095,0,370.5,368,-20.6747606015095,0.702752336440543,0.659540309614468,NS,1.03489847292674,0.63016130492967,NS,1,1,8,8,0.056822685845257,FALSE,0,1
ESR1,105.836765596405,768.023687458383,-662.186921861978,277.5,228,768.023687458383,105.836765596405,228,277.5,-662.186921861978,0.804458333343629,0.505890691440463,NS,0.65994721955735,0.741195847925342,NS,2,0,20,1,1.10492823186865,FALSE,0,1
FABP3,926.706687926863,1542.74053756462,-616.033849637761,146.5,115,1542.74053756462,926.706687926865,115,146.5,-616.033849637755,0.345751967256343,0.583061890421309,NS,0.526689273575671,0.490243158399901,NS,4,0,21,3,1.09693164295278,FALSE,0,1
FADD,41.46805676755,348.542072555443,-307.074015787893,338,304.5,348.542072555443,41.46805676755,304.5,338,-307.074015787893,0.615873667939392,0.340515828693451,NS,0.638683976953609,0.37152927544898,NS,4,0,15,18,0.684413135587724,FALSE,0,1
FAS,309.839925249581,1090.29852978552,-780.458604535939,245,202.5,1090.29852978552,309.839925249581,202.5,245,-780.458604535939,0.458989805057385,0.427830529252495,NS,0.431182900073151,0.518629154556432,NS,4,4,17,18,2.08543959104413,FALSE,0,2
FASLG,296.233082435631,774.469895183475,-478.236812747843,219.5,245.5,774.469895183475,296.233082435631,245.5,219.5,-478.236812747844,-1.06460445305601,0.1676010161936,NS,-1.18959337926717,0.168112288920006,NS,2,3,21,2,1.93598902672431,FALSE,0,2
FCER1A,0,3694.42547424355,-3694.42547424355,368,34.5,3694.42547424356,0,34.5,368,-3694.42547424356,-2.66512037288904,0.144570890977429,NS,-5.6263171041877,0.0196660167184973,Up in AIH,2,3,17,5,0.259223079516908,FALSE,0,3
FCER2,80.2992807795331,895.662445323728,-815.363164544195,307.5,220.5,895.662445323728,80.2992807795332,220.5,307.5,-815.363164544195,-0.129954952694652,0.923724073860063,NS,-1.41707434648951,0.27573214485575,NS,0,1,19,16,1.11264231737904,FALSE,0,1
FCGR1A,320.832439288647,731.61849776111,-410.786058472463,213.5,252,731.61849776111,320.832439288647,252,213.5,-410.786058472463,-0.275197364276083,0.74682220542526,NS,-0.272898649162986,0.801840474376332,NS,3,0,21,3,1.17499882329649,FALSE,0,1
FCGR2A,1596.93469518506,1167.93346325198,429.001231933074,88.5,179.5,1167.93346325199,1596.93469518506,179.5,88.5,429.00123193307,-0.0124242873190086,0.983236524530033,NS,-0.00554293440376021,0.992165082753544,NS,4,3,20,3,2.16518899065133,TRUE,1,3
FCGR2B,1290.21905805855,1174.43098465536,115.78807340319,114,183.5,1174.43098465536,1290.21905805855,183.5,114,115.788073403192,1.05193008101497,0.244700131486296,NS,1.25517473318913,0.204859752278433,NS,5,10,19,11,5.02711828288678,TRUE,1,3
FCGR3A,1452.43868852078,1442.96081166598,9.47787685480125,98,124,1442.96081166599,1452.43868852078,124,98,9.47787685479921,-0.422498360361029,0.432411923966059,NS,-0.460901264722831,0.457653181262015,NS,4,7,20,3,3.53409420750295,TRUE,1,3
FCMR,2778.60357693489,1185.79279414514,1592.81078278975,36,180,1185.79279414514,2778.60357693489,180,36,1592.81078278975,-0.473019642447944,0.435449261794369,NS,-0.429366316925359,0.539345619780383,NS,8,7,21,16,2.58443637946008,TRUE,2,4
FCRL3,151.119034532199,497.878617040892,-346.759582508693,266.5,277,497.878617040893,151.119034532199,277,266.5,-346.759582508694,-1.65514882352465,0.11833349968556,NS,-1.96948084252235,0.134281899226861,NS,4,4,21,16,1.16296757193591,FALSE,0,2
FEZ1,98.4093186716912,984.315213596584,-885.905894924893,279,208.5,984.315213596587,98.4093186716913,208.5,279,-885.905894924895,0.413529065920267,0.489814978880541,NS,0.231297643720318,0.778624235621528,NS,4,1,18,11,2.20660232481068,TRUE,1,2
FGF2,321.535037463573,134.041424708961,187.493612754612,261,338,134.041424708961,321.535037463573,338,261,187.493612754612,0.862509296047423,0.362234706954757,NS,1.04613098954869,0.350000066348013,NS,0,0,14,14,0.430592938652459,FALSE,0,1
FGR,1253.35904089026,628.295450779798,625.063590110464,118.5,262.5,628.295450779798,1253.35904089026,262.5,118.5,625.063590110462,0.527278333128073,0.403277469677231,NS,0.711187781452407,0.350000066348013,NS,4,2,20,3,1.27533244197948,FALSE,0,1
FHIT,46.0697798348715,199.455595395127,-153.385815560255,338,328.5,199.455595395127,46.0697798348715,328.5,338,-153.385815560255,0.433945112526034,0.539920767179421,NS,0.431813610585814,0.611822420045409,NS,3,0,18,1,0.704799994052137,FALSE,0,1
FKBP11,185.673151850153,1044.99401107774,-859.320859227584,270,210.5,1044.99401107774,185.673151850153,210.5,270,-859.320859227587,-0.11503501366582,0.85669194971518,NS,-0.395551275948414,0.527780231623396,NS,4,4,19,9,3.06581372013751,FALSE,0,2
FLT1,525.004876141342,1658.85873546903,-1133.85385932768,186,119.5,1658.85873546903,525.004876141343,119.5,186,-1133.85385932768,0.890944049318484,0.212519575962459,NS,0.900138011691256,0.248576509467562,NS,7,8,18,11,4.64177477433061,TRUE,2,3
FLT3LG,28.1087963025785,22.9124630625712,5.19633324000733,333,368,22.9124630625712,28.1087963025785,368,333,5.19633324000733,-0.353455481242517,0.674483907869246,NS,-0.538836883956221,0.609817970000134,NS,1,1,17,7,0.512687557684195,FALSE,0,1
FN1,1738.40161960285,2505.56855619866,-767.16693659581,78.5,60.5,2505.56855619866,1738.40161960285,60.5,78.5,-767.16693659581,0.15526520578272,0.865325381527565,NS,0.169018249835129,0.866690653396729,NS,7,7,20,1,4.46683407777679,TRUE,6,3
FOS,18.8210733504469,115.048514631804,-96.2274412813569,340.5,346.5,115.048514631804,18.8210733504469,346.5,340.5,-96.2274412813567,0.583973314518728,0.678842877359373,NS,0.442027713114988,0.853434191575609,NS,2,2,13,3,0.0305102259046888,FALSE,0,1
FOXP3,2270.41439488633,1324.13388061035,946.280514275975,51,191.5,1324.13388061036,2270.41439488633,191.5,51,946.280514275973,5.4583389280917,0.000972714993646614,Up in irHepatitis,6.46864715616238,0.00216345995822423,Up in irHepatitis,2,4,19,1,1.93570677304262,TRUE,1,4
G0S2,1584.23471398802,1896.61326415646,-312.378550168441,89,96,1896.61326415646,1584.23471398801,96,89,-312.378550168445,1.59240471097175,0.109036872095704,NS,1.80123274582962,0.134281899226861,NS,4,5,19,1,2.11030567859518,FALSE,0,2
GATA2,155.780430756909,576.737694497272,-420.957263740363,287.5,275,576.737694497272,155.780430756909,275,287.5,-420.957263740363,1.45373996051516,0.203892406233008,NS,1.35200066022128,0.297409289082605,NS,1,3,20,14,1.07553825719043,FALSE,0,2
GATA3,146.857295987157,224.231487000365,-77.3741910132081,261,321,224.231487000365,146.857295987157,321,261,-77.3741910132085,-0.476759809455504,0.458587255792673,NS,-0.784676110881925,0.350213654629872,NS,2,0,21,7,0.989281980131148,FALSE,0,1
GLIPR2,586.345689589381,369.401654886828,216.944034702553,193.5,295,369.401654886828,586.345689589381,295,193.5,216.944034702553,-0.262218769526769,0.692946232133252,NS,-0.13453543309828,0.870606933635893,NS,4,0,18,19,0.553817445678604,FALSE,0,1
GNLY,633.867314572093,2538.00749892556,-1904.14018435347,177,81,2538.00749892556,633.867314572093,81,177,-1904.14018435347,2.05555952866733,0.108847125215699,NS,2.18527396304646,0.12010978279612,NS,6,5,20,19,0.515979142937173,FALSE,0,2
GPR171,501.220792415239,404.758718277012,96.462074138227,189.5,292,404.758718277012,501.220792415239,292,189.5,96.462074138227,-0.208341486156526,0.761551709318421,NS,-0.0827593542680024,0.906816582085616,NS,3,2,21,2,1.23812195044069,FALSE,0,1
GPR183,237.726994693824,107.693346433263,130.033648260561,245.5,345,107.693346433263,237.726994693824,345,245.5,130.033648260561,-0.102918797663136,0.937160224618147,NS,-0.452488151367006,0.759990980579152,NS,0,0,17,7,0.35589130660916,FALSE,0,1
GPR34,1431.98011866356,1022.59742498305,409.382693680508,102.5,210,1022.59742498305,1431.98011866356,210,102.5,409.382693680509,0.678747131621751,0.273666479075339,NS,1.0751242364606,0.170785450517707,NS,4,1,19,3,1.74263325819561,FALSE,0,1
GZMA,1586.00673018805,1223.27089147071,362.73583871734,109.5,168,1223.27089147071,1586.00673018805,168,109.5,362.735838717339,-0.536868615608636,0.360676402815116,NS,-0.427733366008557,0.498023469705913,NS,7,7,21,2,3.0931700557607,TRUE,2,3
GZMB,1228.24468355282,2180.4719870101,-952.227303457283,133.5,77,2180.4719870101,1228.24468355282,77,133.5,-952.227303457279,1.01393941657296,0.212519575962459,NS,1.24055455949152,0.174913295191409,NS,3,3,20,16,0.813723160638541,FALSE,0,2
GZMH,317.552928885353,657.042772269246,-339.489843383894,215,257,657.042772269247,317.552928885353,257,215,-339.489843383894,0.243587411491361,0.743521043320495,NS,0.408649661782782,0.587485459354144,NS,1,1,21,2,0.998484328905728,FALSE,0,1
GZMK,1345.5940164966,1377.99911181842,-32.4050953218275,117,134,1377.99911181843,1345.59401649659,134,117,-32.4050953218305,-0.729781586462626,0.252896849950218,NS,-0.793734639263547,0.265841973944819,NS,7,6,20,2,1.92896610959336,FALSE,0,2
HAVCR2,1477.27743831162,1191.87629757106,285.40114074056,96.5,178.5,1191.87629757106,1477.27743831162,178.5,96.5,285.401140740555,0.0906431580925556,0.885929917021309,NS,0.287481772795477,0.658088266082244,NS,4,2,21,3,2.06738694639621,FALSE,0,1
HIF1A,54.4783709003424,449.238235575507,-394.759864675165,319.5,285,449.238235575508,54.4783709003424,285,319.5,-394.759864675165,-0.176702310204369,0.775211378816417,NS,-0.464302625808575,0.494092218308791,NS,4,0,19,11,1.22620135711364,FALSE,0,1
HLA-B,1170.24314464406,1588.06795095224,-417.824806308179,125,113.5,1588.06795095225,1170.24314464407,113.5,125,-417.82480630818,-0.0501638029517568,0.942557453494245,NS,-0.0051013385213892,0.991736143096172,NS,4,4,19,12,3.20459340490405,FALSE,0,2
HPGDS,51.8589374245356,362.984250440908,-311.125313016372,302.5,312,362.984250440908,51.8589374245356,312,302.5,-311.125313016373,0.631112382248382,0.543349128197873,NS,0.856225708137536,0.490243158399901,NS,0,0,12,3,0.123269206115039,FALSE,0,1
ICAM1,877.5902447551,1257.53392119947,-379.943676444371,154.5,156.5,1257.53392119948,877.590244755103,156.5,154.5,-379.943676444373,-0.415013844163979,0.432411923966059,NS,-0.572707173613639,0.381078088460393,NS,4,4,19,3,1.48532002560795,FALSE,0,2
ICOSLG,82.3488713898739,761.739055600211,-679.390184210337,303,246.5,761.739055600213,82.3488713898739,246.5,303,-679.390184210339,0.399181992549742,0.465594296247079,NS,0.306662722675726,0.648625159845557,NS,4,0,20,3,0.862039063872299,FALSE,0,1
ID1,562.150906722501,1640.57823049972,-1078.42732377722,186,107.5,1640.57823049972,562.150906722501,107.5,186,-1078.42732377722,1.66533108756942,0.139656713995693,NS,1.75035475486476,0.138086051972788,NS,3,1,20,11,1.52478432330702,FALSE,0,1
ID2,1047.5632812599,1486.88425825448,-439.320976994587,132,119.5,1486.88425825448,1047.5632812599,119.5,132,-439.320976994587,0.857332499147234,0.215423692966148,NS,1.01636174605591,0.238142476404972,NS,4,5,18,1,2.40333796068752,FALSE,0,2
ID4,2659.49440717781,2145.74808873949,513.746318438315,109.5,114,2145.74808873949,2659.49440717781,114,109.5,513.746318438318,0.0761923825016732,0.956237632425827,NS,0.290292958917418,0.801840474376332,NS,1,1,16,14,1.09434347335872,FALSE,0,1
IDO1,12439.398907495,3185.86729159829,9253.53161589672,4,39,3185.86729159829,12439.398907495,39,4,9253.53161589671,0.92034014308286,0.489814978880541,NS,1.49425092663711,0.380949468173992,NS,8,7,18,19,0.460876269998028,FALSE,0,3
IFIT2,967.186204900082,1182.41285611969,-215.226651219609,162.5,181,1182.41285611969,967.186204900085,181,162.5,-215.226651219605,1.7042381544477,0.184689613770925,NS,2.28607883963263,0.170785450517707,NS,4,3,18,1,0.99746762376498,FALSE,0,2
IFIT3,1347.60302058613,1460.0843209578,-112.481300371678,118.5,124.5,1460.08432095781,1347.60302058613,124.5,118.5,-112.48130037168,1.86992194210739,0.144570890977429,NS,2.18448260301312,0.138086051972788,NS,4,5,19,1,1.93626170321997,FALSE,0,2
IFITM3,1726.93592104523,2260.16850393745,-533.23258289222,82,84,2260.16850393745,1726.93592104523,84,82,-533.23258289222,0.948520633485248,0.212519575962459,NS,1.07418617097837,0.179310755408064,NS,4,4,20,12,3.2782384350501,TRUE,1,3
IFNAR1,868.952886377386,1184.94729819333,-315.994411815944,147.5,174.5,1184.94729819333,868.952886377388,174.5,147.5,-315.994411815942,0.846171854553158,0.19410921908137,NS,1.0395547685624,0.185005735215693,NS,4,5,18,12,2.37903788142363,FALSE,0,2
IFNB1,1.91299064159765,32.2614557709392,-30.3484651293415,357.5,360.5,32.2614557709392,1.91299064159765,360.5,357.5,-30.3484651293415,1.59445496708649,0.396374443692487,NS,2.65768349707205,0.277134242114464,NS,2,1,9,20,0.0250564546578899,FALSE,0,1
IFNGR1,845.090971165361,1031.32698610597,-186.23601494061,152,215.5,1031.32698610597,845.090971165362,215.5,152,-186.236014940608,0.70478584829062,0.261138769118751,NS,0.83677296299928,0.238142476404972,NS,4,6,19,21,3.7606850622114,TRUE,1,3
IFNL1,0,36.6702349714945,-36.6702349714945,368,364.5,36.6702349714945,0,364.5,368,-36.6702349714945,1.39744219211528,0.489814978880541,NS,,,,8,4,7,20,0.00864803928285996,FALSE,0,2
IGFBP7,1730.93760432856,1876.70932697883,-145.77172265027,75,94,1876.70932697883,1730.93760432856,94,75,-145.77172265027,-0.694241017036644,0.30852719682123,NS,-0.6730564560505,0.319791855430785,NS,6,9,18,4,4.52962688485356,TRUE,3,3
IGHG1,5291.75540234094,4687.44743707759,604.307965263349,28,19.5,4687.4474370776,5291.75540234095,19.5,28,604.30796526335,-4.67354107732388,0.00212201113563997,Up in AIH,-4.90789910698669,0.0196660167184973,Up in AIH,6,5,20,13,4.65209562168565,TRUE,3,5
IGHG2,1501.27416266058,4669.71417377644,-3168.44001111585,95.5,19.5,4669.71417377644,1501.27416266058,19.5,95.5,-3168.44001111586,-5.5168950838957,0.000589141084558273,Up in AIH,-6.11690897928894,0.00159559848186571,Up in AIH,6,8,18,9,6.1856976654045,TRUE,3,4
IGHG3,4833.61706972663,4303.02249950657,530.594570220053,22,25.5,4303.02249950657,4833.61706972663,25.5,22,530.594570220055,-4.78331179978365,0.00212201113563997,Up in AIH,-5.25175795498822,0.00693563188240747,Up in AIH,6,6,19,9,5.12966677862613,TRUE,3,5
IGHG4,10750.6926874322,4019.23208375567,6731.46060367655,4.5,29,4019.23208375567,10750.6926874322,29,4.5,6731.46060367655,-5.2164114032871,0.000589141084558273,Up in AIH,-5.62983730316534,0.00159559848186571,Up in AIH,8,6,21,9,5.05914606757001,TRUE,3,5
IGHGP,7374.16251453252,4650.8345535224,2723.32796101012,50,21,4650.8345535224,7374.1625145325,21,50,2723.3279610101,-5.36321190028574,0.000972714993646614,Up in AIH,-5.55751825765609,0.00520398544072743,Up in AIH,7,6,19,9,6.22822037962108,TRUE,3,5
IGHM,10244.9865652791,3330.92644345866,6914.06012182041,8,37.5,3330.92644345866,10244.9865652791,37.5,8,6914.06012182039,-0.476017126992084,0.74682220542526,NS,-0.130396489320993,0.93599368832503,NS,10,10,17,16,4.01515519427008,TRUE,2,4
IGKC,3598.61807487236,5293.64362308258,-1695.02554821022,48.5,14,5293.64362308259,3598.61807487236,14,48.5,-1695.02554821022,-3.42445182170672,0.0558866510430099,NS,-3.39770332009634,0.134281899226861,NS,6,6,21,13,4.55272028087175,TRUE,6,4
IGLC3,4225.32763185423,3497.22013193683,728.107499917403,40.5,31.5,3497.22013193683,4225.32763185423,31.5,40.5,728.1074999174,-2.48141565299543,0.11833349968556,NS,-2.26083093045637,0.152470926965827,NS,3,4,18,9,1.37527153421863,FALSE,0,3
IL10,388.702068285295,355.038313780476,33.6637545048187,239,302,355.038313780477,388.702068285295,302,239,33.6637545048184,0.833957837343298,0.30524847444385,NS,0.966894971932213,0.273159518029648,NS,0,0,17,3,0.489551630200926,FALSE,0,1
IL10RA,1759.35817317583,1094.08491056702,665.273262608811,75,202.5,1094.08491056703,1759.35817317584,202.5,75,665.27326260881,-0.394609347074667,0.457623123548076,NS,-0.31502396941602,0.609817970000134,NS,5,8,20,3,3.20798150030935,TRUE,1,3
IL12B,0.252453799477452,158.628381561796,-158.375927762319,366,334,158.628381561796,0.252453799477452,334,366,-158.375927762319,1.26795419982813,0.467097856504625,NS,1.62628020032762,0.490243158399901,NS,1,2,10,16,0.0362742630552391,FALSE,0,1
IL12RB2,25.0839721909574,95.003300014135,-69.9193278231777,320.5,350,95.0033000141352,25.0839721909574,350,320.5,-69.9193278231778,0.0171059460517175,0.983236524530033,NS,-0.343752606205561,0.774586105677713,NS,0,2,20,2,0.234800159495281,FALSE,0,1
IL13,0.52224968764008,6.94979535872995,-6.42754567108987,364,376.5,6.94979535872995,0.52224968764008,376.5,364,-6.42754567108987,1.50980528683517,0.367555818708295,NS,,,,0,2,6,1,0.0277151916942613,FALSE,0,1
IL13RA2,485.268863067643,2415.16693339463,-1929.89807032699,197.5,118,2415.16693339464,485.268863067643,118,197.5,-1929.89807032699,0.973019661335676,0.257304467143055,NS,0.893032971017446,0.329822261102296,NS,1,1,19,11,2.10589725205155,TRUE,1,2
IL15,60.4046695704406,177.678403966244,-117.273734395804,310,326.5,177.678403966244,60.4046695704406,326.5,310,-117.273734395803,0.0252103179472048,0.972839055050137,NS,-0.12654758131023,0.866690653396729,NS,4,0,16,3,0.699095710790631,FALSE,0,1
IL15RA,68.4568434618992,137.414878352556,-68.9580348906566,304,336,137.414878352556,68.4568434618993,336,304,-68.9580348906566,0.663227964523136,0.30852719682123,NS,0.762080743228621,0.301726714534114,NS,4,0,18,8,0.482939980007926,FALSE,0,1
IL18,1610.97850238649,1209.14312729198,401.835375094503,85.5,172,1209.14312729199,1610.97850238649,172,85.5,401.8353750945,0.100211218722743,0.86971026737622,NS,0.182709119221233,0.778624235621528,NS,4,5,20,3,2.84857521024392,TRUE,2,3
IL1A,1.43114372551435,73.1629223795642,-71.7317786540498,359,346.5,73.1629223795642,1.43114372551435,346.5,359,-71.7317786540498,1.10213093985008,0.49136276352374,NS,0.879299519116245,0.688226238386968,NS,0,1,9,21,0.0268988254859579,FALSE,0,1
IL1B,4326.89804597957,4899.20591937966,-572.307873400086,27.5,16.5,4899.20591937966,4326.89804597957,16.5,27.5,-572.30787340008,-1.33611836886701,0.235845036696756,NS,-1.41923175068104,0.247790261602352,NS,0,1,17,3,0.25323961717536,FALSE,0,2
IL1R1,811.219534514565,1211.63757057812,-400.418036063555,155.5,171.5,1211.63757057812,811.219534514564,171.5,155.5,-400.418036063557,0.61663715357285,0.326818378251366,NS,0.63349778203278,0.338359181139152,NS,4,6,18,11,2.84484278729267,TRUE,1,3
IL1RAP,1141.23808135601,1665.99047262709,-524.752391271084,125,103.5,1665.9904726271,1141.23808135601,103.5,125,-524.752391271089,1.62250740612755,0.11833349968556,NS,1.95269416770712,0.135413660134328,NS,4,3,19,1,2.45642725538358,FALSE,0,2
IL2,2.6488323769711,41.5863937800594,-38.9375614030883,353.5,358.5,41.5863937800594,2.6488323769711,358.5,353.5,-38.9375614030883,0.532001141670253,0.716209938607781,NS,1.35448905723363,0.438919037089187,NS,1,1,11,7,0.152312178323594,FALSE,0,1
IL22RA1,34.8894114386147,145.203995498043,-110.314584059428,319,337,145.203995498043,34.8894114386147,337,319,-110.314584059429,2.6755768979013,0.0672309988981168,NS,3.12827002784923,0.134281899226861,NS,0,0,18,1,0.308768908359935,FALSE,0,1
IL22RA2,7.4287486690557,240.949766043796,-233.52101737474,343.5,322.5,240.949766043795,7.4287486690557,322.5,343.5,-233.52101737474,0.811211256368291,0.649847474674745,NS,-0.351145232503586,0.877613178155577,NS,1,1,4,21,0.0218504102662112,FALSE,0,1
IL23A,4.81485664999238,471.162585385954,-466.347728735962,351.5,305.5,471.162585385955,4.81485664999239,305.5,351.5,-466.347728735962,0.38677935077605,0.698922414892222,NS,-0.0467948668517003,0.97156944010475,NS,0,0,18,8,0.356771371355482,FALSE,0,1
IL2RA,237.604190012117,1013.9454307943,-776.341240782183,230,205,1013.9454307943,237.604190012117,205,230,-776.341240782183,-0.218068544312686,0.800113136767332,NS,-0.532971030148271,0.549435774675282,NS,1,0,19,3,0.597320165800845,FALSE,0,1
IL2RB,1167.39393869004,1212.91085252167,-45.5169138316351,140,169,1212.91085252167,1167.39393869004,169,140,-45.5169138316314,-1.13566147701265,0.144570890977429,NS,-1.17418849450543,0.168112288920006,NS,6,8,20,2,3.3321595718175,TRUE,1,3
IL2RG,2252.48060330118,1164.74526795084,1087.73533535033,53.5,180,1164.74526795085,2252.48060330118,180,53.5,1087.73533535034,-1.1529282925343,0.11833349968556,NS,-1.32373272256921,0.134281899226861,NS,5,8,20,2,2.5928149832636,TRUE,2,3
IL4,1.92158333261258,47.4295390236536,-45.5079556910411,357,355.5,47.4295390236536,1.92158333261258,355.5,357,-45.507955691041,0.0267493962684626,0.983236524530033,NS,0.674716831153191,0.79840573817505,NS,0,1,11,18,0.0925895662157004,FALSE,0,1
IL4R,304.159283236446,788.926530021299,-484.767246784854,248.5,242,788.926530021299,304.159283236446,242,248.5,-484.767246784854,0.802015137543719,0.25008372780889,NS,0.934985824504956,0.245860011633116,NS,4,4,17,1,1.57561306689312,FALSE,0,2
IL5,5.5261556008864e-17,59.4504692500828,-59.4504692500828,367.5,362.5,59.4504692500826,5.5261556008864e-17,362.5,367.5,-59.4504692500826,1.32013188846924,0.443246813194287,NS,1.69853087914992,0.512333052519333,NS,0,0,7,21,0.0256353246175886,FALSE,0,1
IL6,16.8232063068194,166.64169807834,-149.818491771521,351,330,166.64169807834,16.8232063068194,330,351,-149.818491771521,0.532164953852243,0.739445404708619,NS,0.449118923929864,0.856791207703531,NS,0,0,15,16,0.160232191469704,FALSE,0,1
IL7R,10196.298228779,2262.92884848972,7933.36938028929,8,68.5,2262.92884848973,10196.298228779,68.5,8,7933.3693802893,0.706520520423087,0.38896644114422,NS,0.944983047450171,0.291394532517241,NS,12,11,19,7,4.69950531202104,TRUE,1,4
IQGAP2,1354.04865869416,1511.86823192071,-157.819573226554,107,116,1511.86823192071,1354.04865869416,116,107,-157.819573226554,1.0685301959465,0.180232730457649,NS,1.21949809891562,0.170785450517707,NS,4,5,19,1,2.66928074751025,FALSE,0,2
IRF1,679.221219447383,1062.07838547909,-382.857166031705,173,209,1062.07838547909,679.221219447383,209,173,-382.857166031707,-0.302535325953004,0.554195530684893,NS,-0.380174960203527,0.539345619780383,NS,4,5,17,21,2.18732386792599,FALSE,0,2
IRF2,178.04466037056,437.512629685983,-259.467969315423,280.5,285,437.512629685983,178.04466037056,285,280.5,-259.467969315423,0.594740737398717,0.30524847444385,NS,0.771602359260553,0.257834106628388,NS,4,4,18,12,1.33608588006149,FALSE,0,2
IRF3,3.87310620384001,33.8301011014964,-29.9569948976563,358,361,33.8301011014964,3.87310620384001,361,358,-29.9569948976563,0.0587553704452705,0.958439516512195,NS,-0.114485700684828,0.923425963664494,NS,1,0,15,21,0.333126892959497,FALSE,0,1
IRF4,308.008379684634,1944.62232144705,-1636.61394176242,224,84.5,1944.62232144706,308.008379684634,84.5,224,-1636.61394176242,-2.61792126691848,0.0276582995132163,Up in AIH,-3.13841453736906,0.0284886893946355,Up in AIH,4,5,21,9,4.16063281187909,TRUE,2,4
IRF5,188.067080534081,125.431530181107,62.6355503529745,244.5,341,125.431530181107,188.067080534081,341,244.5,62.6355503529745,0.0178709809208282,0.983236524530033,NS,0.136333224357092,0.868115073671376,NS,4,0,18,3,1.44621691239718,FALSE,0,1
IRF8,962.650949895959,1040.99772351862,-78.3467736226621,141,213.5,1040.99772351862,962.650949895958,213.5,141,-78.346773622662,-0.860458282074159,0.191979382308512,NS,-1.02723196166436,0.172091303171305,NS,4,4,20,3,2.41229908800988,TRUE,1,3
ISG15,2128.54453615058,1850.45128322733,278.093252923252,119,94.5,1850.45128322733,2128.54453615058,94.5,119,278.093252923253,3.00153326177255,0.1676010161936,NS,3.48073330659442,0.170785450517707,NS,4,3,19,1,1.99686345123958,TRUE,1,3
ITGA1,1259.74248845824,1399.3119876709,-139.569499212655,116,130,1399.3119876709,1259.74248845825,130,116,-139.569499212655,0.882498774913497,0.200957633904563,NS,0.982625708808538,0.196693906313499,NS,4,6,18,1,2.86494564951346,TRUE,1,3
ITGAE,80.3239551535235,416.753987735916,-336.430032582392,290.5,297.5,416.753987735916,80.3239551535233,297.5,290.5,-336.430032582392,-1.02713552466625,0.199165458177168,NS,-1.61100253970123,0.174913295191409,NS,2,3,18,19,1.16551595803698,FALSE,0,2
ITGAM,854.732682729136,674.621518175765,180.111164553371,149.5,257.5,674.621518175766,854.732682729139,257.5,149.5,180.111164553373,0.623813420726446,0.360676402815116,NS,0.955796677296234,0.246624171949455,NS,4,0,20,3,0.975622953039444,FALSE,0,1
ITGAX,2381.15173545657,1218.46111441829,1162.69062103829,46,170.5,1218.46111441829,2381.15173545657,170.5,46,1162.69062103829,-0.912811800509203,0.191979382308512,NS,-0.974112591836783,0.181263469539558,NS,7,7,20,3,2.9333065499169,TRUE,2,4
JAK1,325.459983568465,969.183335700675,-643.72335213221,225.5,226,969.183335700674,325.459983568465,226,225.5,-643.723352132209,0.209063613623003,0.724583132976225,NS,0.163925875862123,0.801840474376332,NS,4,5,18,12,1.99348242419532,FALSE,0,2
JAK2,266.539586821064,661.428031115413,-394.888444294348,226.5,260,661.428031115413,266.539586821064,260,226.5,-394.888444294349,0.026365820305975,0.972290336885101,NS,-0.070975500578285,0.914137728468059,NS,4,4,19,3,1.90555783692499,FALSE,0,2
JAK3,1499.59387971742,911.942760919209,587.651118798208,111,226,911.94276091921,1499.59387971742,226,111,587.651118798206,-0.772850427985234,0.235845036696756,NS,-0.781305444575019,0.288728287650145,NS,5,5,20,2,2.04110087224375,FALSE,0,2
JCHAIN,7647.30599973401,3110.70479246776,4536.60120726625,9.5,41.5,3110.70479246776,7647.30599973402,41.5,9.5,4536.60120726626,-1.94494245570854,0.316185807106,NS,-1.65619502448884,0.426214370894132,NS,10,8,18,9,4.85726048689429,TRUE,3,4
JUN,181.137236646097,971.457690118774,-790.320453472677,254,206.5,971.457690118774,181.137236646098,206.5,254,-790.320453472676,0.606464665453431,0.361771226570219,NS,0.497565871811482,0.490243158399901,NS,4,0,19,18,0.836208578129817,FALSE,0,1
JUNB,81.5471594100307,130.460612429483,-48.9134530194518,289.5,339,130.460612429483,81.5471594100307,339,289.5,-48.9134530194519,-0.127490627744866,0.885507175256238,NS,-0.479748212954237,0.609817970000134,NS,1,0,15,21,0.274137941808384,FALSE,0,1
KIT,56.4086948765073,2131.21274145534,-2074.80404657883,299,160.5,2131.21274145533,56.4086948765073,160.5,299,-2074.80404657883,-0.806521905495673,0.400316199670092,NS,-1.42157477731876,0.247790261602352,NS,1,3,15,14,0.469974313442147,FALSE,0,2
KLRB1,3906.28334486336,1301.82400065777,2604.45934420559,38.5,146.5,1301.82400065777,3906.28334486336,146.5,38.5,2604.45934420559,-0.943158772097039,0.19410921908137,NS,-0.86953804544696,0.248576509467562,NS,5,7,19,2,1.478089732933,FALSE,0,3
KLRC1,69.7052704868959,143.262401577421,-73.5571310905252,316,335.5,143.262401577421,69.7052704868959,335.5,316,-73.5571310905252,0.278117414035853,0.759646292419257,NS,0.597754137045111,0.559975673530066,NS,0,0,21,2,0.659228450884834,FALSE,0,1
KLRD1,215.550591409576,1124.67091756106,-909.12032615148,239.5,187.5,1124.67091756106,215.550591409577,187.5,239.5,-909.120326151478,-0.807226853103482,0.235845036696756,NS,-0.853609934132222,0.257834106628388,NS,2,6,21,2,1.91817706398434,FALSE,0,2
KLRF1,272.315196971778,1439.72790860426,-1167.41271163249,234,152.5,1439.72790860427,272.315196971778,152.5,234,-1167.41271163249,-1.00085644539982,0.321550794588214,NS,-1.05127951562903,0.316892899229204,NS,7,7,18,2,1.19229377823542,FALSE,0,2
KLRK1,1000.03369663456,1233.12609353926,-233.092396904697,141,164.5,1233.12609353926,1000.03369663456,164.5,141,-233.092396904696,-1.37211741478744,0.11833349968556,NS,-1.4247526946374,0.134281899226861,NS,10,8,21,2,4.41703817344134,TRUE,3,3
KMT2C,76.8983178588655,239.860683788767,-162.962365929901,304,316,239.860683788767,76.8983178588655,316,304,-162.962365929901,0.532819997339172,0.367555818708295,NS,0.578735689237739,0.371526488255031,NS,4,4,15,12,1.1602434813353,FALSE,0,2
KRAS,355.141983531021,778.596417941958,-423.454434410938,240.5,245.5,778.596417941959,355.141983531021,245.5,240.5,-423.454434410938,0.75572936387618,0.230477360376448,NS,0.933401014521917,0.202432029902932,NS,4,4,19,12,1.32442525814542,FALSE,0,2
LAG3,119.66857482132,875.74659175184,-756.07801693052,273,221.5,875.746591751838,119.66857482132,221.5,273,-756.078016930518,0.471862463657663,0.432411923966059,NS,0.637791803486867,0.375485813895351,NS,4,0,20,17,1.61566912203234,FALSE,0,1
LAMP1,1345.98156779828,1440.04197627561,-94.0604084773258,108,130,1440.04197627561,1345.98156779828,130,108,-94.0604084773261,0.952871041382116,0.191979382308512,NS,1.10737436246193,0.168112288920006,NS,4,4,18,12,3.06667257112849,FALSE,0,2
LAMP2,1501.69089417583,1693.15798482359,-191.467090647756,96.5,106,1693.15798482359,1501.69089417584,106,96.5,-191.467090647755,0.673421957632345,0.360676402815116,NS,0.843253851488003,0.350000066348013,NS,4,4,20,1,2.94553738177056,FALSE,0,2
LAMP3,1018.84833683537,2791.52431467864,-1772.67597784327,138.5,48.5,2791.52431467864,1018.84833683537,48.5,138.5,-1772.67597784327,0.811751860160209,0.38896644114422,NS,0.537847611147034,0.609817970000134,NS,0,1,19,18,0.207608933355613,FALSE,0,1
LCK,1410.71322064063,955.208191219378,455.505029421252,104,222,955.208191219381,1410.71322064063,222,104,455.50502942125,-0.636576908717089,0.30852719682123,NS,-0.650503985548674,0.334611838312754,NS,5,5,20,2,2.26877979036484,FALSE,0,2
LIF,630.760670360585,1500.23370732441,-869.473036963821,174.5,173.5,1500.23370732441,630.760670360585,173.5,174.5,-869.473036963822,-1.48522694556078,0.144570890977429,NS,-1.82487881711886,0.135413660134328,NS,1,0,18,8,1.66582600640239,FALSE,0,1
LILRA4,3.62498539708016,4081.52935802495,-4077.90437262787,350,22.5,4081.52935802495,3.62498539708016,22.5,350,-4077.90437262787,-1.44556834099954,0.267549286125597,NS,-2.8127840076634,0.174913295191409,NS,3,3,19,16,1.37523982532014,FALSE,0,2
LILRA5,88.3841816697064,281.29496196986,-192.910780300153,295,310,281.29496196986,88.3841816697063,310,295,-192.910780300153,-0.0708798440981747,0.942557453494245,NS,-0.233157736642064,0.801840474376332,NS,0,0,18,3,0.633124657352683,FALSE,0,1
LILRB2,629.587921678501,1151.99684523761,-522.408923559108,169.5,186.5,1151.99684523761,629.587921678502,186.5,169.5,-522.408923559109,-0.127966262791257,0.838854995560674,NS,-0.102287911138026,0.877613178155577,NS,4,2,18,3,2.45500107622917,FALSE,0,1
LILRB4,201.356344790417,389.297790981102,-187.941446190684,257,292,389.297790981102,201.356344790417,292,257,-187.941446190684,-0.0504904137948848,0.958439516512195,NS,0.0423866625079133,0.969906633938882,NS,0,0,19,3,0.986697351304202,FALSE,0,1
LTB,3325.95006587671,1700.71978917505,1625.23027670166,29,98.5,1700.71978917505,3325.95006587671,98.5,29,1625.23027670166,-1.1028067965824,0.158116587836112,NS,-1.16109177935325,0.179558236728379,NS,6,7,20,7,2.63634259501859,TRUE,2,4
LUM,2802.66176035119,1878.89253330143,923.769227049758,37,87,1878.89253330143,2802.66176035119,87,37,923.76922704976,-1.30140714506414,0.142131651233587,NS,-1.47426356174605,0.138086051972788,NS,8,10,20,4,3.67166369210026,TRUE,1,4
LY6E,304.284665184561,1159.13740199902,-854.852736814457,222,184.5,1159.13740199902,304.284665184561,184.5,222,-854.852736814457,1.04842524830285,0.144570890977429,NS,1.27449637884249,0.138086051972788,NS,4,0,19,18,1.03122595165078,FALSE,0,1
MARCO,2985.19844067505,4021.23846024891,-1036.04001957386,31.5,25.5,4021.23846024892,2985.19844067505,25.5,31.5,-1036.04001957386,-0.0453296185261375,0.958439516512195,NS,0.121212519085361,0.877613178155577,NS,10,9,19,3,3.05592110747355,TRUE,3,4
MCEMP1,165.478974096201,982.951172259502,-817.472198163301,252,204,982.9511722595,165.478974096201,204,252,-817.4721981633,0.697261812757017,0.553519409938442,NS,-0.0542740187540942,0.97156944010475,NS,2,1,16,5,0.184754653945371,FALSE,0,1
MET,802.924906162645,2306.30077625256,-1503.37587008991,157,73,2306.30077625256,802.924906162645,73,157,-1503.37587008992,1.0623493938158,0.202620396948065,NS,1.03952651991935,0.258812629129216,NS,4,3,19,1,2.52901600533666,FALSE,0,2
MGP,3723.59733390331,3082.1220436611,641.475290242211,44,41.5,3082.1220436611,3723.59733390331,41.5,44,641.475290242216,-0.162883965955684,0.885929917021309,NS,-0.160496044301037,0.89671602215739,NS,9,4,20,14,2.24912843412626,TRUE,1,4
MIS18BP1,149.611635761616,178.489160962156,-28.8775252005395,259.5,331.5,178.489160962156,149.611635761617,331.5,259.5,-28.877525200539,-0.300484864902823,0.604087918490964,NS,-0.506714622190681,0.462641651945995,NS,4,2,19,19,1.61618971889596,FALSE,0,1
MKI67,2411.29236569303,2385.03156717321,26.2607985198174,50.5,65.5,2385.03156717321,2411.29236569303,65.5,50.5,26.2607985198151,-0.318060348796404,0.616130940189107,NS,-0.301648795299077,0.686233049161976,NS,6,5,17,19,5.36402620209089,TRUE,2,3
MMP12,28.5349575029221,1072.82331458586,-1044.28835708293,342,183,1072.82331458585,28.5349575029221,183,342,-1044.28835708293,-0.0908068055009525,0.967208431969592,NS,-1.5241910706451,0.429132999113078,NS,0,1,11,3,0.0449308100815855,FALSE,0,1
MMP9,50.9504241288289,7633.46586431965,-7582.51544019082,306,11.5,7633.46586431967,50.950424128829,11.5,306,-7582.51544019084,-1.82964527443005,0.270149040601714,NS,-3.17434276158371,0.148988097326941,NS,3,2,19,16,0.0962848533977181,FALSE,0,1
MPEG1,1726.71951917451,1225.92022902276,500.799290151753,80,169,1225.92022902276,1726.71951917452,169,80,500.79929015175,-0.390127766840935,0.441474948565593,NS,-0.337118525121559,0.58916950248665,NS,5,7,20,3,3.68707152199017,TRUE,2,3
MS4A1,5362.23106629967,5059.97688868467,302.254177614996,19,20,5059.97688868467,5362.23106629967,20,19,302.254177614995,-1.02781436179108,0.25008372780889,NS,-0.973653086122389,0.288728287650145,NS,5,7,20,16,4.81391272569543,TRUE,1,4
MS4A2,9.75476205964608,3893.95265537589,-3884.19789331625,344,172,3893.9526553759,9.75476205964605,172,344,-3884.19789331625,-0.00250402617142336,0.997726647922419,NS,-1.18022062464677,0.413254221326857,NS,2,4,9,14,0.166400590960272,FALSE,0,2
MUC5AC,4.16588113387927,34.1981206061815,-30.0322394723022,348.5,362.5,34.1981206061815,4.16588113387928,362.5,348.5,-30.0322394723022,1.3207794891882,0.443246813194287,NS,2.2488266325313,0.334611838312754,NS,0,0,9,1,0.0476139564692774,FALSE,0,1
MX1,1512.9857677626,1141.64308241157,371.342685351031,127,192.5,1141.64308241157,1512.9857677626,192.5,127,371.342685351034,2.94613084955251,0.144570890977429,NS,3.48483161136886,0.138086051972788,NS,4,4,18,1,1.7488717006297,FALSE,0,2
MYD88,757.452638582106,1219.17332560202,-461.720687019919,177,167.5,1219.17332560203,757.452638582108,167.5,177,-461.720687019917,0.823274538767561,0.207850293727618,NS,0.964424976198315,0.185005735215693,NS,4,5,19,12,1.85650689565714,FALSE,0,2
MZB1,488.568362771182,2389.53302216744,-1900.96465939626,209.5,66.5,2389.53302216744,488.568362771182,66.5,209.5,-1900.96465939626,-2.81172579781827,0.0248603164076961,Up in AIH,-3.44380559073162,0.0261799785178473,Up in AIH,4,5,19,9,4.58081814917299,TRUE,2,4
NCAM1,373.242803630271,1220.37346380206,-847.130660171789,260.5,203,1220.37346380206,373.242803630271,203,260.5,-847.130660171791,-1.03367246036025,0.30524847444385,NS,-1.54724132916863,0.223782572370662,NS,1,2,21,8,0.809696676441325,FALSE,0,1
NCEH1,759.300617216076,1219.91181269509,-460.611195479017,155,176.5,1219.91181269509,759.300617216075,176.5,155,-460.611195479018,-0.260979248539031,0.664224316436882,NS,-0.358746219587102,0.610630161216796,NS,4,1,20,8,1.56334207012007,FALSE,0,1
NELL2,1753.11474741509,445.100630570409,1308.01411684468,115,285.5,445.100630570409,1753.11474741509,285.5,115,1308.01411684468,-0.75048961314883,0.376591902945348,NS,-0.977021865685159,0.297409289082605,NS,4,5,21,7,1.19350619340351,FALSE,0,2
NF1,239.206601820197,797.984620638799,-558.778018818602,263.5,243,797.984620638799,239.206601820197,243,263.5,-558.778018818601,0.603575421937241,0.321550794588214,NS,0.691832926549217,0.297409289082605,NS,4,4,18,1,1.6563423977953,FALSE,0,2
NKG7,1500.57912650875,1242.53320308212,258.045923426625,97.5,161.5,1242.53320308212,1500.57912650875,161.5,97.5,258.045923426625,-0.246380297514721,0.710299026618956,NS,-0.0268223224292248,0.97156944010475,NS,6,7,20,2,2.87168469519306,TRUE,2,3
NOD1,23.207023301079,31.7073809362284,-8.50035763514947,337.5,365,31.7073809362285,23.207023301079,365,337.5,-8.50035763514948,0.043654579442928,0.965139611964966,NS,-0.152954189597223,0.873715496759839,NS,3,0,19,14,0.705608452809728,FALSE,0,1
NOSIP,4.15905039278118,8.18490945108374,-4.02585905830256,354.5,372.5,8.18490945108375,4.15905039278118,372.5,354.5,-4.02585905830257,0.795714880599361,0.379772202745836,NS,0.993037734076872,0.45268627505259,NS,0,0,11,21,0.130253062250938,FALSE,0,1
NOTCH1,280.141500871243,549.919764510767,-269.778263639523,247,271.5,549.919764510767,280.141500871243,271.5,247,-269.778263639523,0.722295342279244,0.230477360376448,NS,0.871261689985568,0.197633479412454,NS,4,6,17,11,2.37730213053669,TRUE,2,3
NOTCH2,169.018888826623,836.91352560521,-667.894636778587,261.5,236.5,836.913525605213,169.018888826623,236.5,261.5,-667.894636778589,0.767028813174018,0.202620396948065,NS,0.949987072195678,0.179310755408064,NS,4,4,19,12,3.05617602296529,FALSE,0,2
NOTCH3,4133.74381956714,3812.56349544675,321.180324120388,40,33,3812.56349544675,4133.74381956714,33,40,321.180324120385,0.971420713224453,0.362234706954757,NS,1.35669180200144,0.273159518029648,NS,7,5,18,14,2.27305784638192,TRUE,1,4
NT5E,1419.23851968305,2229.22973619123,-809.991216508176,102,68.5,2229.22973619123,1419.23851968305,68.5,102,-809.991216508173,1.0539643082215,0.203893934882143,NS,1.05364970589406,0.243492948989437,NS,4,4,20,1,3.06328594128396,FALSE,0,2
ORC6,79.4987560861459,272.011531458813,-192.512775372667,305.5,312.5,272.011531458813,79.4987560861458,312.5,305.5,-192.512775372667,-0.555314580502984,0.517373770478446,NS,-1.04330924745492,0.37152927544898,NS,0,0,17,18,2.18159556618658,FALSE,0,1
P2RX1,212.60455051204,269.324739445794,-56.7201889337544,280.5,312.5,269.324739445794,212.60455051204,312.5,280.5,-56.7201889337543,-0.688134143837633,0.42275697104711,NS,-0.954795700527984,0.345616662093373,NS,1,1,19,9,0.973794146092276,FALSE,0,1
PAX5,474.942912372104,1692.60865328011,-1217.66574090801,217.5,124,1692.60865328012,474.942912372104,124,217.5,-1217.66574090801,-0.0932650457140113,0.958439516512195,NS,-0.617232553766855,0.651092622946067,NS,1,0,21,16,1.78131271980449,FALSE,0,1
PDCD1,24.1281711173828,105.371301751713,-81.2431306343305,327.5,351,105.371301751713,24.1281711173828,351,327.5,-81.2431306343304,-0.438288081213977,0.659540309614468,NS,-0.305932052638787,0.800043614014427,NS,0,0,21,17,0.540587953942932,FALSE,0,1
PDCD1LG2,73.3818826945753,855.996757822701,-782.614875128125,298,224,855.9967578227,73.3818826945753,224,298,-782.614875128125,-0.399401155444211,0.479071763485889,NS,-0.656492118263093,0.372773308638089,NS,4,0,20,3,1.27966177129951,FALSE,0,1
PDGFRA,1500.52553030083,1568.02922543769,-67.503695136857,96,128.5,1568.0292254377,1500.52553030084,128.5,96,-67.50369513686,1.11944002916225,0.227418930031491,NS,1.32983624430176,0.208480135790421,NS,6,5,20,4,3.34756380474458,TRUE,1,3
PGA5,3.23784667351366,35.2673323511937,-32.02948567768,353,361,35.2673323511938,3.23784667351366,361,353,-32.0294856776801,1.40798649440116,0.404471795464849,NS,2.44873122974164,0.255740013524097,NS,0,0,10,3,0.0384533820880502,FALSE,0,1
PIK3CA,67.0717669928889,155.183655934199,-88.1118889413101,311.5,335,155.183655934199,67.0717669928888,335,311.5,-88.1118889413101,0.627616761222998,0.339679797636515,NS,0.689782185872366,0.360926192457673,NS,4,0,16,12,0.746485308875792,FALSE,0,1
PLA2G7,2890.85383653947,1719.55116838073,1171.30266815874,34,98,1719.55116838073,2890.85383653947,98,34,1171.30266815874,-0.374203331388534,0.521897736848232,NS,-0.286523649571015,0.729031507676436,NS,4,6,18,3,3.00850813027553,TRUE,1,4
PLD4,3.00845883456205,1555.05176107251,-1552.04330223795,353.5,163,1555.05176107252,3.00845883456206,163,353.5,-1552.04330223795,-2.09373677534676,0.19410921908137,NS,-2.84619972166264,0.135413660134328,NS,2,3,20,16,1.03538422453689,FALSE,0,2
PLEK,539.166448089951,734.424907960938,-195.258459870987,195,251.5,734.424907960938,539.166448089951,251.5,195,-195.258459870987,-0.774011091670622,0.312948378797024,NS,-0.849806932759247,0.398377507300841,NS,3,0,19,3,1.10999124957841,FALSE,0,1
PLVAP,1749.74840387485,3092.64138398388,-1342.89298010903,86.5,42.5,3092.64138398389,1749.74840387485,42.5,86.5,-1342.89298010903,0.255013351956525,0.771478151332435,NS,0.138529556250458,0.877613178155577,NS,7,6,17,14,3.02176280632041,TRUE,1,3
PRDX4,1693.9444042218,1562.6042982496,131.3401059722,82.5,111,1562.6042982496,1693.9444042218,111,82.5,131.3401059722,0.763316032558774,0.316185807106,NS,0.836358350457066,0.328442679147073,NS,4,6,19,1,3.13913804672889,FALSE,0,2
PRF1,1276.29251889366,742.96287944424,533.329639449421,125.5,249.5,742.962879444241,1276.29251889366,249.5,125.5,533.329639449421,0.824965793935291,0.212519575962459,NS,1.44772512157812,0.134281899226861,NS,5,4,20,2,1.69535152458787,FALSE,0,2
PSMB10,598.445133385787,1090.47562962332,-492.030496237534,174,202.5,1090.47562962332,598.445133385787,202.5,174,-492.030496237534,-0.180610754336702,0.770495199954322,NS,-0.419544395556144,0.522463237455824,NS,4,4,17,12,1.67998672904418,FALSE,0,2
PTEN,410.960240700291,1171.34328506136,-760.383044361067,208.5,178.5,1171.34328506136,410.960240700291,178.5,208.5,-760.383044361069,1.03098460103306,0.144570890977429,NS,1.21971401341614,0.135413660134328,NS,4,4,18,12,2.73948980472742,FALSE,0,2
PTGS1,716.769610848336,353.926779399034,362.842831449301,202,299.5,353.926779399035,716.769610848335,299.5,202,362.8428314493,-0.501766624638263,0.465594296247079,NS,-0.312495787421259,0.755432482850272,NS,1,3,17,11,0.592236284203676,FALSE,0,2
PTPRC,1659.56883259665,1089.99998374167,569.56884885498,84.5,202.5,1089.99998374167,1659.56883259665,202.5,84.5,569.56884885498,-0.856578351539073,0.19410921908137,NS,-1.00403846467048,0.179310755408064,NS,4,7,19,2,2.35046341777137,FALSE,0,2
RB1,129.456985392218,431.088081261778,-301.63109586956,281,289,431.088081261778,129.456985392218,289,281,-301.63109586956,0.169665034083688,0.795630270534867,NS,-0.0165722828931254,0.979042175081969,NS,4,3,18,18,1.02874598828529,FALSE,0,2
REG4,0.423198667631059,18.6221448194765,-18.1989461518455,365,372,18.6221448194766,0.423198667631059,372,365,-18.1989461518455,1.48629165401982,0.393415350971915,NS,,,,0,1,5,1,0.0257501419238413,FALSE,0,1
RGS1,549.042981319167,610.36756453546,-61.3245832162925,194,264.5,610.36756453546,549.042981319168,264.5,194,-61.3245832162926,-0.181057521107796,0.844171462012558,NS,0.0162755578479174,0.984067644532223,NS,0,0,18,17,0.534076314155775,FALSE,0,1
RGS5,3547.12832235195,1749.70482731022,1797.42349504174,62.5,100,1749.70482731022,3547.12832235195,100,62.5,1797.42349504173,0.619481501318267,0.36115359038813,NS,0.936110970884822,0.248576509467562,NS,7,9,18,14,2.93414801351025,TRUE,1,3
RNF43,348.04221860629,1817.69375124099,-1469.6515326347,225.5,143,1817.69375124099,348.04221860629,143,225.5,-1469.6515326347,0.838948051759286,0.227418930031491,NS,0.637411270396626,0.350000066348013,NS,3,0,20,1,1.22967269817434,FALSE,0,1
RORC,418.536500107774,2115.83443316054,-1697.29793305277,201,76,2115.83443316054,418.536500107775,76,201,-1697.29793305277,0.761990079043647,0.400099907494168,NS,0.565093390810572,0.613848888426576,NS,4,2,20,1,2.38633037810369,FALSE,0,1
RUNX3,971.429482644521,421.691708860036,549.737773784485,139,287.5,421.691708860037,971.429482644523,287.5,139,549.737773784487,-0.187821572533569,0.771478151332435,NS,0.0330493018755141,0.970610818441888,NS,4,3,20,2,1.49646977303301,FALSE,0,2
S100A9,1999.79932024929,1553.38546076998,446.413859479316,59,111,1553.38546076998,1999.7993202493,111,59,446.41385947932,0.369301384832997,0.660312708214478,NS,0.585173197862007,0.527780231623396,NS,9,8,18,5,2.02695847015841,TRUE,1,3
S100B,488.15137116478,1286.9897906476,-798.838419482815,202.5,173.5,1286.98979064759,488.15137116478,173.5,202.5,-798.838419482814,1.53429625614539,0.11833349968556,NS,1.71807861764003,0.135413660134328,NS,1,2,16,3,0.181200720405365,FALSE,0,1
SAMD3,233.78173912003,668.492930559253,-434.711191439223,231.5,257,668.492930559253,233.78173912003,257,231.5,-434.711191439224,-0.745150096513221,0.244700131486296,NS,-0.888712397547662,0.239805256331751,NS,5,6,21,2,2.25473519575421,FALSE,0,2
SDC1,5338.12291819411,2502.6499609088,2835.47295728531,18,57.5,2502.6499609088,5338.12291819411,57.5,18,2835.47295728531,2.02553913203832,0.0276582995132163,Up in irHepatitis,2.21830857138711,0.0395133715179165,Up in irHepatitis,6,5,21,1,4.8346781652116,TRUE,7,5
SELL,2019.51741113181,1219.75844187589,799.758969255922,62,169.5,1219.7584418759,2019.51741113182,169.5,62,799.75896925592,-1.09005691851052,0.144570890977429,NS,-1.3788474252298,0.134281899226861,NS,6,6,20,16,2.3996927116787,TRUE,1,3
SLC1A3,2162.52017163895,1666.98986002578,495.530311613173,50,103,1666.98986002578,2162.52017163895,103,50,495.530311613175,1.42347292928043,0.109036872095704,NS,1.97482553064206,0.0716132842972045,NS,4,2,17,3,1.90349142612503,FALSE,0,2
SMAD3,89.2158208736544,562.081370440806,-472.865549567152,294.5,270.5,562.081370440807,89.2158208736545,270.5,294.5,-472.865549567152,0.481261281150037,0.393415350971915,NS,0.523090293369147,0.401436219881058,NS,4,4,16,8,1.67834287068316,FALSE,0,2
SOCS1,168.978075642461,107.34818212861,61.629893513851,253.5,342,107.34818212861,168.978075642461,342,253.5,61.629893513851,1.15194582613364,0.25008372780889,NS,1.3468488692608,0.261878556575415,NS,0,0,17,12,0.132853762054576,FALSE,0,1
SOCS2,34.7930322943866,632.681835694507,-597.88880340012,323,268,632.681835694507,34.7930322943866,268,323,-597.888803400121,-0.103642256896965,0.895877852421968,NS,-0.331903515699594,0.681454053899838,NS,3,2,18,14,1.15386751615281,FALSE,0,1
SOCS3,436.883659244302,820.438170534322,-383.55451129002,202,240.5,820.438170534323,436.883659244302,240.5,202,-383.554511290021,-0.0168090754347826,0.983236524530033,NS,-0.285468751383788,0.740489337015409,NS,3,1,17,11,0.911248767355961,FALSE,0,1
SOS1,132.265163339985,327.163231035121,-194.898067695136,278.5,307,327.163231035122,132.265163339985,307,278.5,-194.898067695137,0.466926991557217,0.427830529252495,NS,0.499712519089042,0.460112864000344,NS,4,4,18,12,1.22008243894856,FALSE,0,2
SOX17,375.464778502462,882.631641118988,-507.166862616526,227.5,219,882.631641118989,375.464778502462,219,227.5,-507.166862616527,1.10346349372598,0.218802649721944,NS,1.25280266191695,0.185005735215693,NS,2,5,20,14,1.44414110883161,FALSE,0,2
SOX9,3011.08458931513,4531.43711224549,-1520.35252293036,66.5,27.5,4531.4371122455,3011.08458931513,27.5,66.5,-1520.35252293037,-0.48864902565424,0.443776327414699,NS,-0.946690211735135,0.247790261602352,NS,5,2,18,8,4.0420854231074,TRUE,1,2
SPARC,439.082115429484,1350.61069689487,-911.528581465387,198.5,143,1350.61069689487,439.082115429485,143,198.5,-911.528581465386,-0.407756599018425,0.531213484957835,NS,-0.647546872035615,0.383509390001446,NS,4,7,20,4,2.94750960802839,TRUE,2,3
SPARCL1,3855.41121742744,4032.30766363729,-176.896446209843,30.5,38.5,4032.30766363729,3855.41121742745,38.5,30.5,-176.896446209845,2.15659504776455,0.11833349968556,NS,2.49982523537917,0.134281899226861,NS,8,6,18,14,4.51098866299441,TRUE,1,4
SPIB,284.015649708618,4231.48152872349,-3947.46587901487,229,28.5,4231.48152872349,284.015649708618,28.5,229,-3947.46587901487,-1.13571711741681,0.389733232583051,NS,-1.75588918651765,0.28744635023188,NS,1,1,19,16,1.94865693619808,FALSE,0,1
SPON2,402.620857038451,1486.78147530841,-1084.16061826996,212,127.5,1486.78147530842,402.620857038451,127.5,212,-1084.16061826996,-0.233728007949089,0.724583132976225,NS,-0.69662707525605,0.345616662093373,NS,4,3,20,1,1.78173252358795,FALSE,0,2
SSR4,680.21119125559,1073.42316255948,-393.211971303888,194.5,205,1073.42316255948,680.211191255588,205,194.5,-393.211971303892,0.025835462711075,0.972290336885101,NS,-0.144866762503318,0.829287818509708,NS,4,4,19,9,3.31544053471219,FALSE,0,2
STAT1,1576.7488091709,2165.16638330865,-588.41757413775,92,81.5,2165.16638330865,1576.7488091709,81.5,92,-588.417574137748,0.011734863230726,0.983236524530033,NS,0.0250663687594614,0.97156944010475,NS,4,5,20,12,3.5976036542934,FALSE,0,2
STAT2,644.231251790865,1022.99947823695,-378.768226446083,204.5,215.5,1022.99947823695,644.231251790865,215.5,204.5,-378.768226446082,0.789224456371822,0.285741124343064,NS,0.913727177009695,0.252398331787124,NS,4,5,19,21,3.05774472890572,FALSE,0,2
STAT3,595.823144614051,1127.31735571909,-531.49421110504,187.5,191,1127.31735571909,595.823144614051,191,187.5,-531.494211105039,0.61987435375196,0.30524847444385,NS,0.688462093925003,0.316892899229204,NS,4,5,18,12,2.05460930675768,FALSE,0,2
STAT4,176.15846004521,152.291266285577,23.8671937596329,268.5,335.5,152.291266285577,176.15846004521,335.5,268.5,23.867193759633,-0.518556381788787,0.383752544880525,NS,-0.765643804232488,0.286227978685718,NS,4,2,20,2,1.37395295103191,FALSE,0,1
STAT5B,92.0547645578731,352.036319172846,-259.981554614972,293.5,298,352.036319172846,92.0547645578729,298,293.5,-259.981554614973,0.415436327968282,0.432411923966059,NS,0.467745041763546,0.454485435233928,NS,4,4,18,21,1.58144458344736,FALSE,0,2
STAT6,259.643652436279,940.721521814506,-681.077869378227,243,223.5,940.721521814505,259.643652436279,223.5,243,-681.077869378226,0.747829422931498,0.270149040601714,NS,0.872436499231557,0.242256046978348,NS,4,5,19,12,2.32344120838514,FALSE,0,2
STMN1,498.334819583147,1043.35688184046,-545.022062257312,191.5,198.5,1043.35688184046,498.334819583147,198.5,191.5,-545.022062257313,-0.339527132031463,0.584596827982897,NS,-0.308997450797515,0.703106614593743,NS,4,1,19,18,3.76734024125385,TRUE,2,2
SYK,1058.96747499083,1002.90425302968,56.0632219611423,134.5,214.5,1002.90425302968,1058.96747499083,214.5,134.5,56.063221961145,-0.74031831331444,0.244700131486296,NS,-0.819441839193249,0.247790261602352,NS,4,2,20,3,1.69509427715189,FALSE,0,1
TBX21,114.602611259822,181.516799747171,-66.9141884873492,273.5,329,181.516799747171,114.602611259822,329,273.5,-66.914188487349,-0.0778012588121539,0.937160224618147,NS,0.218250227487905,0.800043614014427,NS,1,0,20,2,0.982655594290418,FALSE,0,1
TC2N,1597.0812521537,1014.43557150489,582.645680648812,90,219,1014.43557150489,1597.0812521537,219,90,582.64568064881,-0.547339109152805,0.38896644114422,NS,-0.753075368656542,0.297409289082605,NS,5,7,20,2,2.21874032807079,FALSE,0,2
TCF7,1274.68273921747,996.946882816187,277.735856401282,120.5,202.5,996.946882816188,1274.68273921747,202.5,120.5,277.735856401283,0.308467387325708,0.680759712764654,NS,0.268623940429174,0.778624235621528,NS,4,4,20,7,2.5983634672793,TRUE,1,3
TCL1A,135.813032402652,3097.09370146907,-2961.28066906642,314.5,121.5,3097.09370146907,135.813032402652,121.5,314.5,-2961.28066906642,-0.803380584235373,0.478139098251569,NS,-1.8442107231439,0.179310755408064,NS,3,4,18,16,1.13407932102505,FALSE,0,2
TFF3,1004.44990935253,3198.62637422712,-2194.17646487459,168,39,3198.62637422712,1004.44990935253,39,168,-2194.17646487459,1.10719310847486,0.30524847444385,NS,1.20559631443316,0.27573214485575,NS,1,4,20,14,0.269616465948813,FALSE,0,2
TGFB1,1190.42530054537,1055.31843275609,135.106867789278,126,208.5,1055.31843275609,1190.42530054537,208.5,126,135.10686778928,-0.36514478491588,0.478139098251569,NS,-0.450360383858992,0.490799885651442,NS,4,6,19,21,1.88905894640022,FALSE,0,2
TIGIT,220.073116185568,1001.57878780661,-781.505671621039,234,213.5,1001.57878780661,220.073116185568,213.5,234,-781.505671621039,-1.49664937708975,0.0873092337076253,NS,-2.04888537283133,0.0496925070550743,Up in AIH,3,6,20,2,2.11796942195299,FALSE,0,3
TMPRSS2,1345.11344546725,2396.30155575557,-1051.18811028832,109.5,79.5,2396.30155575558,1345.11344546725,79.5,109.5,-1051.18811028833,2.27696840639155,0.0276582995132163,Up in irHepatitis,2.62190171428646,0.0258027056747755,Up in irHepatitis,4,2,19,1,2.35905189135565,FALSE,0,2
TNF,107.835235656368,392.338088310088,-284.50285265372,277.5,291,392.338088310088,107.835235656368,291,277.5,-284.50285265372,-0.179912914578327,0.885929917021309,NS,-0.243861435629377,0.868115073671376,NS,0,0,18,17,0.110102994216937,FALSE,0,1
TNFRSF13C,787.286921643925,1460.03012840908,-672.743206765155,168,136.5,1460.03012840908,787.286921643925,136.5,168,-672.743206765151,-1.22257578744366,0.19410921908137,NS,-1.4540694313757,0.179558236728379,NS,3,4,17,16,2.75995295379163,TRUE,1,3
TNFRSF17,207.184397878631,2234.8453466287,-2027.66094875007,256.5,70.5,2234.8453466287,207.184397878631,70.5,256.5,-2027.66094875007,-1.82721166414291,0.203893934882143,NS,-2.13914510228985,0.185005735215693,NS,1,0,20,9,2.65691865845753,FALSE,0,1
TNFRSF1B,510.106736795273,1021.30180473368,-511.195067938404,191,217,1021.30180473368,510.106736795273,217,191,-511.195067938407,-0.0131875642717329,0.983236524530033,NS,-0.13099855770014,0.845191388032573,NS,4,6,20,21,2.25929347427168,FALSE,0,2
TNFRSF9,132.929508912849,1306.61684070586,-1173.68733179301,266.5,146,1306.61684070586,132.929508912849,146,266.5,-1173.68733179301,-2.04980734440362,0.0660447147805646,NS,-2.66531879612109,0.0486079809138432,Up in AIH,2,2,20,17,1.82163214758119,FALSE,0,2
TOX,45.4844492767427,314.538289750139,-269.053840473396,307.5,307.5,314.538289750139,45.4844492767427,307.5,307.5,-269.053840473396,-1.29000751220967,0.142131651233587,NS,-1.66676255352889,0.134281899226861,NS,3,2,20,2,1.51303046109411,FALSE,0,1
TP53,107.130158748141,793.359642152395,-686.229483404254,284,243.5,793.359642152395,107.130158748141,243.5,284,-686.229483404254,0.0937820774876703,0.885507175256238,NS,-0.0931610032003901,0.884065854248285,NS,4,4,18,8,1.39092626950753,FALSE,0,2
TRAT1,753.921030120302,498.334428454992,255.58660166531,156,278.5,498.334428454992,753.921030120304,278.5,156,255.586601665312,-0.591720751503647,0.385559628944467,NS,-0.551578973492275,0.460112864000344,NS,3,2,21,7,1.29055208260277,FALSE,0,1
TREM2,783.313859509545,2261.83535036761,-1478.52149085806,157,67.5,2261.8353503676,783.313859509543,67.5,157,-1478.52149085806,-0.476801142246504,0.584363147638061,NS,-0.500201070232234,0.609817970000134,NS,0,0,17,3,0.731866229037112,FALSE,0,1
TUBA1B,881.72059049279,1129.2669482701,-247.546357777308,148,192,1129.2669482701,881.720590492788,192,148,-247.546357777312,0.112830669179131,0.865325381527565,NS,0.0461913366030322,0.952067581201586,NS,4,5,16,18,3.03551763930154,TRUE,1,3
TUBB,475.477708695112,1058.68949805192,-583.211789356808,216.5,208,1058.68949805192,475.477708695112,208,216.5,-583.211789356806,0.538339172640095,0.419415168122417,NS,0.495559464440565,0.555755332324005,NS,4,3,19,18,2.78287137313976,FALSE,0,2
TXLNA,567.010522963464,998.816450527989,-431.805927564525,206.5,221.5,998.81645052799,567.010522963467,221.5,206.5,-431.805927564523,0.653641171744411,0.321550794588214,NS,0.759542261996387,0.297409289082605,NS,4,4,19,18,2.01358869726355,FALSE,0,2
UBE2C,94.1566474847,674.032664128855,-579.876016644155,291,263,674.032664128857,94.1566474847,263,291,-579.876016644157,0.044465445386724,0.967208431969592,NS,-0.480447944333198,0.609817970000134,NS,0,0,16,19,2.22837700221859,FALSE,0,1
VCAN,2450.48880471779,2710.58378968403,-260.094984966236,51.5,53,2710.58378968403,2450.48880471779,53,51.5,-260.09498496624,-1.33629947316237,0.200957633904563,NS,-1.45179121878896,0.193963538497247,NS,6,5,20,8,1.01233799507071,FALSE,0,2
VEGFA,1101.53266095047,1611.15062593596,-509.617964985492,130,106,1611.15062593596,1101.53266095047,106,130,-509.617964985494,0.763480648403785,0.245154740084832,NS,0.866448115450496,0.247790261602352,NS,4,7,19,1,4.38989765621593,TRUE,2,3
VSIG4,1892.06367518608,1470.30661438977,421.757060796308,67.5,123.5,1470.30661438977,1892.06367518608,123.5,67.5,421.757060796305,1.44588168757679,0.11833349968556,NS,1.80530403106402,0.12010978279612,NS,6,6,20,3,2.83717378032859,FALSE,0,2
VSIR,1383.39214664791,593.49007621062,789.902070437289,104.5,265.5,593.49007621062,1383.39214664791,265.5,104.5,789.902070437291,-0.190625724467771,0.761551709318421,NS,-0.101106985546483,0.877613178155577,NS,4,6,19,3,1.37391338873473,TRUE,1,3
XBP1,1954.26846670663,1299.95502629951,654.313440407122,63,147,1299.95502629951,1954.26846670663,147,63,654.313440407125,0.986281494944252,0.166871004165566,NS,1.18804403846685,0.168112288920006,NS,4,4,20,1,3.25419523173768,TRUE,1,3
ZNF683,432.79687370957,783.326054903912,-350.529181194342,208,246,783.326054903912,432.79687370957,246,208,-350.529181194342,-0.228416510716263,0.885929917021309,NS,-0.615082415628998,0.685153122660478,NS,2,3,19,19,0.450688510508221,FALSE,0,2
